"TOA5","Cattle_Experiment_Eagle_TGA310","GRANITE9","1218","GRANITE9.4.0.0","CPU:TraceFlux_GR_OPEC_Eagle_0917_2026.CRB","11671","AmrFlux"
"TIMESTAMP","RECORD","TIMESTAMP_START","TIMESTAMP_END","CH4","CH4_SIGMA","CO2","CO2_SIGMA","H2O","H2O_SIGMA","FCH4","FCH4_SSITC_TEST","FC","FC_SSITC_TEST","FH2O","FH2O_SSITC_TEST","LE","LE_SSITC_TEST","H","H_SSITC_TEST","FETCH_MAX","FETCH_90","FETCH_80","FETCH_70","FETCH_FILTER","MO_LENGTH","TAU","TAU_SSITC_TEST","U_SIGMA","USTAR","V_SIGMA","W_SIGMA","WD","WS","WS_MAX","zL","PA","PBLH_F","TA_1_1_1","RH_1_1_1","TA_1_1_2","RH_1_1_2","TA_1_1_3","RH_1_1_3","VPD","T_SONIC","T_SONIC_SIGMA","TS_1_1_1","SWC_1_1_1"
"TS","RN","","","nmolCH4 mol-1","nmolCH4 mol-1","umolCO2 mol-1","umolCO2 mol-1","mmolH2O mol-1","mmolH2O mol-1","nmolCH4 m-2 s-1","adimensional","umolCO2 m-2 s-1","adimensional","mmolH2O m-2 s-1","adimensional","W m-2","adimensional","W m-2","adimensional","m","m","m","m","adimensional","m","kg m-1 s-2","adimensional","m s-1","m s-1","m s-1","m s-1","decimal degrees","m s-1","m s-1","","kPa","m","deg C","%","deg C","%","deg C","%","hPa","deg C","deg C","deg C","%"
"","","Smp","Smp","Smp","Smp","Smp","Smp","Smp","Smp","Smp","Smp","Smp","Smp","Smp","Smp","Smp","Smp","Smp","Smp","Smp","Smp","Smp","Smp","Smp","Smp","Smp","Smp","Smp","Smp","Smp","Smp","Smp","Smp","Smp","Smp","Smp","Smp","Smp","Smp","Smp","Smp","Smp","Smp","Smp","Smp","Smp","Avg","Avg"
"2026-09-22 10:00:00",0,202609220933,202609221000,1955.403,93.20998,379.1017,9.970643,19.29362,0.464195,-19.35895,2,1.401381,2,0.9354438,1,41.57174,1,6.64528,1,6.571357,82.72357,44.45575,29.83164,1,-3.325467,-0.005654749,1,0.3751025,0.07352624,0.4045247,0.1152931,54.37744,0.7914716,1.752344,-0.6447605,86.98772,2389.151,14.48858,98.73091,14.44753,101.6158,14.21962,82.47877,-0.02667832,16.21055,0.1694267,14.87542,6.890176
"2026-09-22 10:30:00",1,202609221000,202609221030,2042.272,63.72474,397.1711,14.96993,18.50587,0.8019359,47.99887,1,1.674943,2,1.948699,0,86.55573,0,37.42801,0,6.142631,77.32655,41.55539,27.88537,1,-2.117462,-0.01166863,1,0.4146616,0.105716,0.4840397,0.1729001,57.806,1.020375,2.577076,-1.012594,86.96971,2429.418,15.25005,92.61176,14.99865,94.12105,14.85627,81.60445,0.1027358,16.69236,0.5138323,15.21307,6.985997
"2026-09-22 11:00:00",2,202609221030,202609221100,1992.156,44.01781,415.3593,2.845904,17.0176,0.8888928,-74.54778,2,-4.671215,0,4.849077,0,214.9717,0,141.0757,0,1.419394,17.86805,9.602315,6.443548,1,-3.216691,-0.03610634,2,0.5512204,0.1865735,0.7124933,0.2367501,160.144,0.8838391,2.690632,-0.6665639,86.94585,2392.777,17.98286,71.84338,16.98607,76.1301,16.75816,75.83313,0.466031,18.55354,0.9331312,15.81753,7.021892
"2026-09-22 11:30:00",3,202609221100,202609221130,1916.912,21.689,409.5951,2.682491,16.72911,0.9039658,-22.7505,2,-5.859591,0,3.552941,0,157.3477,0,99.48487,0,7.609194,95.78841,51.47681,34.54306,1,-2.143913,-0.02180102,0,0.7511349,0.1452537,0.7666665,0.2467429,173.7696,1.705142,4.734976,-1.000101,86.92622,2428.536,18.65417,67.50675,18.06345,69.86458,17.9287,71.73904,0.627653,19.60985,0.8286474,17.21754,7.134176
"2026-09-22 12:00:00",4,202609221130,202609221200,1933.999,12.04932,416.141,4.307217,17.06212,0.8842663,1.930627,1,-2.983065,0,3.745798,0,165.8151,0,107.0731,0,6.866576,86.43995,46.45294,31.17183,1,-9.087976,-0.05979045,0,0.8824197,0.2407825,0.8814029,0.284697,185.5551,2.434288,6.132129,-0.2359304,86.90649,2197.067,18.78834,68.20078,18.52462,69.21758,18.28304,71.7387,0.6605741,20.10456,0.9007114,18.92446,7.27408
"2026-09-22 12:30:00",5,202609221200,202609221230,1941.41,8.894507,421.8835,2.597871,16.23729,0.8092697,-3.936358,1,-5.149312,0,3.733936,0,165.1865,0,121.9658,0,6.470052,81.4483,43.77041,29.37175,1,-10.77481,-0.07240036,0,0.7785835,0.2652885,1.03224,0.2829016,182.499,2.565075,5.848092,-0.1989947,86.85695,2140.84,19.39048,62.47675,19.17499,63.21648,18.97214,68.6884,0.822224,20.68138,0.9415301,20.55304,7.413488
"2026-09-22 13:00:00",6,202609221230,202609221300,1937.11,7.031901,415.5028,1.802351,16.03229,0.6672979,-2.168522,1,-3.718499,0,2.220771,0,98.23399,0,50.4122,0,8.139131,102.4595,55.06187,36.94878,1,-10.27967,-0.03978597,0,0.7527384,0.1967254,0.8387704,0.241698,193.9694,2.356992,5.998022,-0.2085797,86.82703,2157.344,19.50562,61.20564,19.29393,61.93957,19.22263,67.5968,0.8553793,20.78168,0.6161555,22.09954,7.546983
"2026-09-22 13:30:00",7,202609221300,202609221330,1920.166,9.07955,412.1095,2.253336,15.92943,0.8242764,1.855359,0,-3.820044,0,3.955602,0,174.8154,0,125.5737,0,5.858808,73.75365,39.6353,26.59692,1,-7.681141,-0.05879294,0,0.8910917,0.2395775,1.363939,0.2788447,194.7312,2.360873,5.623171,-0.2791421,86.78495,2243.962,20.56435,56.94972,20.22763,58.0378,20.10698,65.68417,1.000559,21.71058,0.9079024,22.99844,7.633161
"2026-09-22 14:00:00",8,202609221330,202609221400,1912.2,6.849607,411.9908,1.950736,15.38736,0.7806344,3.257526,0,-3.298148,0,2.628076,0,116.1231,0,62.4178,0,4.941351,62.20424,33.42864,22.43199,1,-8.621391,-0.04053001,0,0.6787069,0.1989999,0.8355377,0.2148027,166.2602,1.583877,3.97954,-0.2486988,86.75623,2212.62,20.8816,53.94899,20.43422,55.34218,20.48643,63.91381,1.076965,21.86729,0.5967329,23.82273,7.72385
"2026-09-22 14:30:00",9,202609221400,202609221430,1912.269,8.742476,411.3812,2.368315,15.26203,0.7835892,6.588659,0,-4.030869,0,2.400811,0,106.0581,0,44.06321,0,5.875991,73.96996,39.75154,26.67492,1,-3.674395,-0.01854708,0,0.4454167,0.1347109,0.8385677,0.1899029,163.186,1.354296,3.438462,-0.5835328,86.69926,2377.52,20.98322,53.12443,20.66115,54.10407,20.57897,63.58092,1.12232,22.08355,0.4952758,24.36872,7.790005
"2026-09-22 15:00:00",10,202609221430,202609221500,1905.905,7.443422,411.5103,1.939593,15.11058,0.7213044,1.642547,0,-3.708784,0,2.685476,0,118.5556,0,68.48051,0,6.926317,87.19199,46.85709,31.44303,1,-1.253889,-0.01183269,0,0.8235091,0.1077227,0.8969023,0.2078405,190.8841,1.393334,4.943904,-1.709984,86.69444,2458.204,22.05685,49.31371,21.34052,51.37,21.27144,62.11191,1.240671,22.75199,0.695254,24.39194,7.836561
"2026-09-22 15:30:00",11,202609221500,202609221530,1905.902,9.40268,413.3269,1.625922,14.80671,0.7324283,8.259794,1,-1.304034,1,1.834169,1,80.9819,1,24.79699,1,3.224338,40.5896,21.8129,14.63736,1,-4.272786,-0.01438613,0,0.4000145,0.1187533,0.6897022,0.1526642,145.5261,0.8956524,2.22656,-0.5018107,86.68777,2357.574,21.93764,48.70988,21.22665,50.71761,21.39438,61.49717,1.248498,22.60896,0.4723789,24.55807,7.832283
"2026-09-22 16:00:00",12,202609221530,202609221600,1915.068,21.16319,411.439,2.333611,15.37883,0.9381559,0.6958844,2,-0.9270832,1,1.335124,1,58.94282,1,37.66507,1,5.288629,66.57594,35.778,24.00851,1,-1.663475,-0.009528966,1,0.520295,0.09668355,0.7349182,0.154467,174.082,0.9710129,3.550139,-1.288946,86.67189,2444.551,22.12786,50.12357,21.32087,52.41476,21.31203,62.70398,1.214702,22.75737,0.6442047,24.36607,7.827455
"2026-09-22 16:30:00",13,202609221600,202609221630,1891.941,8.031619,412.3924,1.423663,14.50347,0.6410984,-1.67087,2,-1.670125,2,1.651254,2,72.87341,2,37.84449,2,6.08803,76.63921,41.186,27.63751,1,-4.1831,-0.01790641,0,0.623201,0.1325928,0.7238946,0.1831962,195.0984,1.348351,3.841434,-0.5125695,86.6767,2360.563,22.5794,45.93121,21.6883,48.30468,21.76755,60.07723,1.349,23.04426,0.7640414,24.04178,7.824269
"2026-09-22 17:00:00",14,202609221630,202609221700,1930.78,31.05665,414.0367,1.872851,14.93197,0.6034517,4.3112,2,0.1230051,2,1.019163,2,45.04703,2,-8.944663,2,10.12163,162.4385,76.86356,48.58351,1,56.05939,-0.02813576,0,0.4851397,0.1658083,0.428135,0.1859112,139.5157,2.115092,4.155702,0.03824747,86.63566,169.6298,20.41271,53.93126,20.0951,54.93694,20.40027,63.00317,1.069961,21.48374,0.8312779,23.91746,7.824436
"2026-09-22 17:30:00",15,202609221700,202609221730,1926.678,27.96737,410.2782,1.292075,14.64678,0.7866414,25.42071,0,0.7827382,1,1.16626,0,51.55454,0,-17.39682,0,10.12461,162.4863,76.88619,48.59781,1,33.32399,-0.03471568,0,0.7054055,0.1841402,0.4900661,0.2393134,118.3498,2.347303,5.301264,0.06434193,86.62873,144.9174,20.02022,54.08384,19.97848,54.22638,19.96398,63.26474,1.075704,21.33985,0.3908859,23.38892,7.777561
"2026-09-22 18:00:00",16,202609221730,202609221800,1948.309,43.53444,417.0616,3.74911,14.97655,0.3067595,-29.32398,2,1.129382,2,0.2179224,2,9.642077,2,-4.864189,2,10.65498,170.9981,80.91387,51.1436,1,18.75164,-0.01064539,1,0.3691131,0.1017928,0.6375654,0.1278886,72.4447,1.482743,2.99739,0.1143436,86.65758,129.0779,19.09838,58.54236,19.02916,58.7961,19.2589,64.97796,0.9123535,20.41694,0.4224992,22.66671,7.71646
"2026-09-22 18:30:00",17,202609221800,202609221830,2020.183,185.1182,416.8331,7.865685,13.96619,1.353883,69.1928,2,13.23626,1,2.062725,1,91.38975,1,-49.77094,1,8.275926,132.8175,62.84732,39.7242,1,283.0728,-0.3104969,1,2.55908,0.5480919,1.089419,0.5552757,22.74115,5.721687,15.24699,0.007574483,86.72906,338.9958,17.60815,59.97985,17.62352,59.94803,17.76567,65.52324,0.8146093,18.91104,0.938834,21.95271,7.65402
"2026-09-22 19:00:00",18,202609221830,202609221900,1875.292,58.99272,413.3683,2.002347,14.08374,0.417692,22.93548,1,7.486871,0,0.6147806,0,27.27577,0,-31.29697,0,7.209404,115.7012,54.74817,34.60493,1,86.06269,-0.1080906,1,1.14468,0.3225289,1.135052,0.3295523,356.8042,3.071576,7.618091,0.02491358,86.76279,202.2421,16.08582,66.6049,16.1842,66.23621,16.12614,69.19759,0.624913,17.476,0.3301759,21.21172,7.582359
"2026-09-22 19:30:00",19,202609221900,202609221930,1954.685,93.30689,424.9166,8.603942,14.09818,0.6628184,152.201,2,16.6462,1,1.15262,1,51.18365,1,-38.03012,1,2.515799,40.37518,19.10496,12.07576,1,26.06456,-0.05457187,0,0.6948204,0.2288094,0.8034101,0.1150794,133.5358,1.155141,2.882815,0.08226226,86.75697,137.0267,15.27171,70.42154,15.25276,70.51169,15.49582,70.49471,0.5177402,16.54165,0.5951454,20.47755,7.523896
"2026-09-22 20:00:00",20,202609221930,202609222000,1981.428,68.84548,424.1491,5.06256,15.10531,0.2238452,1.374257,2,1.335916,2,-0.08598283,2,-3.82269,2,-9.334214,2,6.009302,96.44121,45.63459,28.84447,1,18.87356,-0.01861396,1,0.3128087,0.1333469,0.6968778,0.1075442,169.0822,1.204318,3.074064,0.113605,86.78956,129.2104,13.90511,82.1973,14.02289,81.64155,14.11191,76.6862,0.2963026,15.39865,0.4168648,19.80484,7.462888
"2026-09-22 20:30:00",21,202609222000,202609222030,2216.353,175.5635,436.8484,4.305989,15.0226,0.1184062,-4.613179,2,2.580136,2,-0.01627034,2,-0.7241096,2,-5.218963,2,13.74998,220.6687,104.4173,65.99951,1,1.815819,-0.002634714,2,0.3213427,0.05006672,0.2591316,0.06039364,222.6883,0.888493,1.951133,1.180806,86.8112,110.6694,12.78167,87.9669,12.94015,87.11644,12.95246,79.56463,0.1935923,14.30321,0.3987466,19.14156,7.401337
"2026-09-22 21:00:00",22,202609222030,202609222100,1986.015,67.06384,375.0957,65.74485,19.01155,3.028089,13.90398,2,0.3174112,2,-0.005022846,2,-0.2235667,2,1.166437,2,8.244619,103.7874,55.77551,37.42766,1,-17.31839,-0.004297557,1,0.232559,0.06396025,0.3246872,0.0404329,130.2736,0.8011631,1.445836,-0.1238065,86.86009,1922.72,13.06443,87.94602,12.82083,111.5453,13.15735,80.15339,-0.1652757,14.54789,0.2748279,18.5374,7.351882
"2026-09-22 21:30:00",23,202609222100,202609222130,1970.034,61.45449,334.606,17.43914,20.62489,0.793873,30.46653,1,-0.1694728,2,0.3433131,1,15.27738,1,-6.228515,0,11.51949,184.8723,87.47892,55.29321,1,6.289272,-0.006050011,1,0.4598686,0.07592447,0.2627708,0.06250159,129.2043,1.110865,2.409343,0.3409186,86.90377,115.5318,13.3325,"NAN",13.05805,118.8842,13.37613,80.65292,-0.2832252,14.93464,0.2461148,18.09657,7.301643
"2026-09-22 22:00:00",24,202609222130,202609222200,1986.406,57.09393,378.4191,16.51593,18.73815,0.5273886,13.93238,2,6.234203,2,0.005485246,2,0.2440387,2,-3.249716,2,4.064381,65.22784,30.86488,19.50891,1,6.867558,-0.004608633,2,0.6479325,0.06626195,0.27882,0.0561692,327.215,0.6775758,1.871489,0.3122114,86.92164,116.1604,13.33415,98.95982,13.28889,106.3703,13.4396,80.93295,-0.09671855,14.99384,0.2548158,17.74654,7.278114
"2026-09-22 22:30:00",25,202609222200,202609222230,2081.588,100.1581,413.961,26.88935,17.98324,0.8510936,11.26203,2,-0.01476503,2,0.2927658,2,13.02624,2,-3.874082,2,16.61572,266.6599,126.1796,79.75496,1,1.257678,-0.00144506,2,0.4673403,0.03709088,0.4851148,0.05517756,29.3103,0.8944013,2.238517,1.704832,86.93182,110.0627,13.20869,99.79722,13.20218,102.7297,13.28377,81.388,-0.03961992,14.83747,0.4097652,17.42208,7.239559
"2026-09-22 23:00:00",26,202609222230,202609222300,2166.413,61.12995,329.6924,21.74512,21.46403,0.6762497,8.57973,2,4.847353,2,-0.02687443,2,-1.196306,2,-5.039139,2,6.967701,111.8222,52.91267,33.44476,1,10.43586,-0.008263228,2,0.4227347,0.08867947,0.5732998,0.06443101,39.90784,0.9237948,2.46111,0.2054578,86.92818,120.039,13.00068,"NAN",12.71066,126.5474,13.09065,81.24249,-0.3904485,14.66198,0.3916233,17.13839,7.20275
"2026-09-22 23:30:00",27,202609222300,202609222330,2238.297,208.1685,388.1729,8.592982,19.39085,0.5828917,57.33634,2,3.512063,1,0.1657776,1,7.383825,1,-8.27944,0,13.15814,211.1704,99.92281,63.15867,1,8.07458,-0.009298373,0,0.44715,0.09392923,0.480711,0.1235853,35.74789,1.595897,2.752098,0.2655407,86.93522,117.4724,12.25708,"NAN",12.10299,119.0039,12.3606,83.8159,-0.2683469,13.86047,0.2267553,16.87042,7.203876
"2026-09-23 00:00:00",28,202609222330,202609230000,2443.655,456.2027,400.57,6.142733,17.96476,0.2531467,-220.1214,2,0.7149348,2,0.178463,2,7.94832,2,-0.950601,2,6.699643,107.5202,50.87704,32.15809,1,362.7927,-0.01824132,1,0.310898,0.1315443,0.6340547,0.06691023,335.6964,1.273505,2.197769,0.005910068,86.93025,385.3446,12.25682,"NAN",12.17141,109.7035,12.34039,83.17297,-0.13791,13.79911,0.2421278,16.59509,7.144632
"2026-09-23 00:30:00",29,202609230000,202609230030,2253.211,191.3,398.0606,13.15736,16.90574,0.3102341,28.10348,2,3.313101,2,-0.0672024,2,-2.992197,2,-3.984293,2,15.25472,244.8177,115.8442,73.2222,1,3.572356,-0.003540869,2,0.2842326,0.05797281,0.3872001,0.03534424,32.91022,1.158433,1.953175,0.6002004,86.93393,112.5787,12.37683,99.73859,12.4645,101.3163,12.47528,81.97524,-0.01748645,13.99713,0.5746064,16.28014,7.127347
"2026-09-23 01:00:00",30,202609230030,202609230100,2834.01,492.6066,435.1577,22.27762,15.36225,0.5292839,-12.40998,2,5.646687,2,-0.04106882,2,-1.83056,2,-4.541892,2,23.10097,370.7395,175.4286,110.884,1,1.898565,-0.002514077,2,0.3030441,0.04873787,0.3989913,0.05165447,16.80966,1.434886,2.347762,1.129342,86.93723,110.7593,11.36528,98.87686,11.34168,99.1107,11.5824,81.85366,0.01395869,12.72811,0.8767761,15.86086,7.1089
"2026-09-23 01:30:00",31,202609230100,202609230130,3034.015,350.7985,447.1891,18.50133,14.3379,0.668466,0.3413741,2,-0.8994201,2,-0.04316415,2,-1.924851,2,4.574232,2,9.877987,124.3491,66.82537,44.84258,1,-9.018141,-0.006926955,2,0.7814894,0.08081135,0.6308337,0.04678838,25.65271,1.378008,2.382976,-0.2377574,86.94504,2199.395,10.59175,93.6983,10.85429,95.65766,10.73166,83.31725,0.0596714,12.14539,0.7828233,15.39501,7.051651
"2026-09-23 02:00:00",32,202609230130,202609230200,2615.862,321.9343,470.7015,22.46976,13.15983,0.4533435,-14.66364,2,-3.685763,2,-0.02377858,2,-1.060952,2,-8.637374,2,6.730038,108.008,51.10786,32.30398,1,7.783161,-0.009830124,2,0.9471223,0.09613945,0.5120739,0.07367479,190.326,1.215875,2.430316,0.2754832,86.96362,117.1556,10.10475,92.21115,10.28555,91.18997,10.40415,82.85374,0.1133232,11.46761,0.8056622,14.93516,7.010395
"2026-09-23 02:30:00",33,202609230200,202609230230,2650.333,227.2748,474.411,12.05267,13.0462,0.1692377,-81.20457,2,-10.50807,2,0.003641814,2,0.1626114,2,1.076116,2,5.983834,75.32755,40.48112,27.1645,1,-194.4156,-0.02103783,2,0.4723954,0.1404279,0.6642516,0.05338718,228.2749,1.35953,2.314224,-0.01102859,86.98898,1420.444,9.227316,96.88584,9.50599,95.19022,9.46383,84.86552,0.05765045,10.67459,0.3568206,14.50654,6.978316
"2026-09-23 03:00:00",34,202609230230,202609230300,2442.086,131.3912,489.957,9.724741,13.06604,0.2717335,75.74612,2,-1.321181,2,0.06503641,2,2.904154,2,4.938285,2,6.242733,78.5867,42.23259,28.33981,1,-23.64058,-0.01450372,1,0.3577294,0.1165736,0.7235398,0.0506811,317.4406,1.259914,1.85286,-0.09069698,87.00429,1711.98,9.177027,97.37212,9.433759,95.80825,9.283517,85.72327,0.05025101,10.60385,0.5251389,"NAN","NAN"
"2026-09-23 03:30:00",35,202609230300,202609230330,2297.523,86.40311,466.5876,7.98974,13.72864,0.1860432,12.24553,2,-1.251574,2,0.02044673,2,0.9123278,2,7.465528,2,4.199027,52.85948,28.40675,19.0621,1,-30.63239,-0.02223289,1,0.3342257,0.144545,0.6431541,0.03714629,343.9082,1.0809,1.689381,-0.0699955,87.01719,1499.694,9.922916,97.33455,10.24452,95.37517,9.963807,86.19221,0.05865073,11.47777,0.4656333,"NAN","NAN"
"2026-09-23 04:00:00",36,202609230330,202609230400,2771.587,239.948,518.9758,25.65925,12.52199,0.7147034,51.15044,2,7.854014,2,-0.2113962,2,-9.451161,2,-7.687437,2,13.30138,213.4692,101.0106,63.84621,1,3.922894,-0.006053071,2,0.2634639,0.07511611,0.5483666,0.0449962,79.32867,1.340609,2.545162,0.5465683,87.04118,112.9597,8.157474,99.23376,8.166235,99.96079,8.538676,85.7662,0.001141667,9.282524,1.029204,13.33041,6.860196
"2026-09-23 04:30:00",37,202609230400,202609230430,2825.863,174.8617,518.3386,12.98732,12.32623,0.3422043,13.65733,2,3.452569,2,-0.1256946,2,-5.620113,2,-6.234592,2,5.58808,89.68117,42.43584,26.82262,1,27.53439,-0.01907808,1,0.5673907,0.1333135,0.5310482,0.05434356,329.0826,1.136884,2.345828,0.07787097,87.06065,138.6243,7.78391,100.0218,8.068164,99.17421,7.881407,87.33619,0.009170651,9.166322,0.5351189,"NAN","NAN"
"2026-09-23 05:00:00",38,202609230430,202609230500,2836.896,226.6342,484.8423,20.33884,12.51074,0.3048171,-37.16421,2,-2.637506,2,0.005391682,2,0.2408795,2,-0.3103536,2,21.47876,344.7051,163.1095,103.0974,1,33.3492,-0.002740152,2,0.4283079,0.05060006,0.7680698,0.05599972,30.5509,1.530222,2.890873,0.0642933,87.0667,144.9448,8.459366,97.81171,8.920694,95.04448,9.008813,87.58204,0.05784047,10.03878,0.6828765,12.6488,6.825003
"2026-09-23 05:30:00",39,202609230500,202609230530,2781.841,362.4974,485.5489,17.31042,11.91543,0.3144706,486.5636,2,24.97066,2,-0.4535692,2,-20.28148,2,-34.13337,2,1.62313,26.04906,12.32604,7.790978,1,17.27726,-0.0429672,2,0.8142748,0.2000095,0.5466198,0.06828576,187.0364,0.9817155,1.813623,0.1241013,87.07612,127.4753,7.833256,97.32656,8.001815,96.36468,8.04015,85.28862,0.04063344,9.062943,0.7975996,12.35171,6.810699
"2026-09-23 06:00:00",40,202609230530,202609230600,3288.476,342.0952,522.9727,15.62804,11.61102,0.3765484,12.2761,2,2.311888,2,-0.06327496,2,-2.831491,2,-2.529521,2,20.23862,324.8025,153.6919,97.14474,1,4.303368,-0.003068931,2,0.3393427,0.05336718,0.3061811,0.04090089,228.7088,1.364837,2.063332,0.4982446,87.1023,113.3732,6.986621,99.79224,7.210602,99.08686,7.1354,86.89511,0.009505868,8.241616,0.58026,12.07832,6.810027
"2026-09-23 06:30:00",41,202609230600,202609230630,2917.933,401.5664,520.8015,14.11434,11.70786,0.2518162,271.9952,2,2.267462,2,-0.06528171,2,-2.920451,2,-1.723408,2,4.786714,76.8203,36.35027,22.97609,1,55.75257,-0.01336721,2,0.3835312,0.1114206,0.6179256,0.05455588,298.4718,0.9462663,1.815227,0.03845795,87.13357,169.2963,7.181902,99.70478,7.512814,97.93462,7.320323,87.47436,0.02184641,8.553546,0.4803098,11.79873,6.785326
"2026-09-23 07:00:00",42,202609230630,202609230700,3028.324,337.674,534.1659,27.73689,11.52733,0.5343991,63.69463,2,7.22595,2,-0.1496362,2,-6.697163,2,-7.360872,2,7.974667,127.9827,60.55957,38.27816,1,4.573792,-0.006470812,2,0.2310192,0.07743881,0.3269531,0.02870173,60.12024,0.834784,1.286367,0.468786,87.16676,113.6672,6.902208,99.61875,7.039471,99.57176,7.036223,87.36207,0.00500226,8.062454,0.8828108,11.52213,6.763695
"2026-09-23 07:30:00",43,202609230700,202609230730,2932.953,222.2648,525.4448,31.02855,12.79598,0.7157897,70.37447,2,12.59974,2,0.0958262,2,4.283247,2,3.451381,2,5.117628,64.42329,34.62116,23.23223,1,-10.00668,-0.006626367,1,0.2647178,0.07855305,0.3443697,0.09420969,58.52951,0.6361597,1.825992,-0.2142698,87.21284,2166.444,9.065462,96.55921,8.405631,100.6884,7.896927,88.09536,-0.007492423,9.547412,0.9230421,11.29199,6.764192
"2026-09-23 08:00:00",44,202609230730,202609230800,2364.604,117.8779,469.5154,8.669594,14.38904,0.3367544,23.62445,2,-1.564109,2,1.241149,2,55.35495,2,28.45469,2,5.02941,63.31277,34.02436,22.83175,1,-3.353458,-0.01326554,0,0.3240422,0.1116164,0.3739953,0.1541428,53.43652,0.8557142,2.138224,-0.6393787,87.23891,2388.218,11.76108,90.94109,10.71312,97.13925,10.12479,88.54555,0.03801942,12.00821,0.5530088,11.23623,6.757061
"2026-09-23 08:30:00",45,202609230800,202609230830,2061.502,91.59813,441.5991,7.592364,13.88451,0.5234406,-50.81036,2,-6.875514,2,1.478755,2,65.83784,2,26.3912,2,6.881588,86.62891,46.55449,31.23998,1,-10.87982,-0.02803377,2,0.8044969,0.1627439,0.6636425,0.2183516,341.4769,1.713532,3.665869,-0.1970741,87.25618,2137.339,13.24036,79.57813,12.52693,83.17223,12.2383,79.81445,0.246552,13.7843,0.5350131,11.50965,6.770624
"2026-09-23 09:00:00",46,202609230830,202609230900,2057.029,44.09177,436.6535,2.743644,13.93837,0.5974055,28.77222,0,-8.034134,0,2.641845,0,117.5054,0,59.71073,0,6.077443,76.50594,41.11439,27.58945,1,-9.352015,-0.04274424,0,0.6654854,0.2012857,0.5600941,0.2425337,13.46921,1.783761,4.285284,-0.2292693,87.28712,2188.266,14.43336,73.97485,13.55808,78.00279,13.60759,75.64236,0.3429466,14.82502,0.5122642,12.13068,6.789685
"2026-09-23 09:30:00",47,202609230900,202609230930,2024.58,22.11986,433.1129,2.644687,14.02343,0.5556015,-0.2888488,2,-5.761376,0,2.629235,0,116.8366,0,87.15898,0,2.773159,34.90993,18.76064,12.58916,1,-1.702864,-0.01721923,2,0.8448319,0.1279567,0.6769473,0.219552,286.4602,1.077739,2.909817,-1.259132,87.30824,2443.238,15.68309,68.75697,14.52173,73.75225,14.70189,72.78892,0.4368167,15.80077,0.7806813,12.99392,6.8295
"2026-09-23 10:00:00",48,202609230930,202609231000,2044.098,17.84501,432.1355,2.930737,15.17821,0.645265,7.74556,0,-4.616926,0,2.587403,0,114.8567,0,101.8086,0,4.11934,51.85635,27.86767,18.70035,1,-3.850268,-0.03250149,0,0.7015129,0.1761433,0.9002811,0.2363708,186.3563,1.388346,3.643569,-0.556878,87.33404,2371.658,16.46175,70.72559,15.61976,74.39774,15.53985,73.51991,0.4573736,17.01011,0.8258132,14.09236,6.8683
"2026-09-23 10:30:00",49,202609231000,202609231030,2044.755,100.0694,429.0198,3.401413,15.09179,0.563938,31.01661,0,-5.264189,0,3.272529,0,145.1586,0,137.5475,0,2.194977,27.63148,14.84919,9.96442,1,-3.888597,-0.03977481,1,0.759156,0.1951053,0.7133962,0.2542344,142.9539,1.048844,3.273159,-0.5513891,87.35066,2370.38,17.45881,66.11333,16.41816,70.35643,16.42916,71.27489,0.5587888,17.80431,0.9651287,15.40819,6.970492
"2026-09-23 11:00:00",50,202609231030,202609231100,2015.889,21.78802,422.2378,2.918935,14.71704,0.7084917,19.71193,1,-0.8050619,0,3.204694,0,141.9753,0,124.5092,0,3.564035,44.86587,24.11098,16.17946,1,-3.709259,-0.03604328,1,0.6947401,0.1861103,0.7496428,0.2421621,149.8917,1.252895,3.485298,-0.5780481,87.36337,2376.358,18.44999,60.51008,17.69537,63.29972,17.64626,67.67841,0.7492502,19.05324,0.9216476,16.92031,7.093455
"2026-09-23 11:30:00",51,202609231100,202609231130,1971.276,12.41651,416.647,1.617272,14.26544,0.6446858,8.303987,1,-3.589709,0,3.202829,0,141.7193,0,167.4982,0,3.525157,44.37646,23.84797,16.00297,1,-1.872942,-0.02743384,0,0.699619,0.1627144,0.5578719,0.2664585,118.0879,1.04073,3.173986,-1.144792,87.3569,2437.569,19.79891,53.92594,18.96543,56.62848,18.9239,64.13033,0.9581875,20.28679,1.030769,18.54116,7.223105
"2026-09-23 12:00:00",52,202609231130,202609231200,1947.903,10.02667,415.9166,2.186392,14.00587,0.7427003,4.850028,1,-4.280136,0,4.062226,0,179.5796,0,161.0046,0,2.583966,32.52828,17.48074,11.7303,1,-3.27777,-0.03909175,2,0.6632335,0.1945522,0.8685517,0.2649293,205.2852,1.168613,3.315141,-0.6541428,87.34963,2390.741,20.61119,50.32055,19.92752,52.34951,19.94582,62.10669,1.116605,21.22898,1.006565,20.1816,7.36717
"2026-09-23 12:30:00",53,202609231200,202609231230,1926.474,9.392179,417.2093,1.890513,13.28956,0.6752363,6.480207,1,-0.4946307,0,3.040544,0,134.3284,0,138.3669,0,3.09345,38.94192,20.92744,14.04317,1,-2.922348,-0.03249561,1,0.7269863,0.1775746,0.9409748,0.2652017,168.5604,1.243374,3.598157,-0.7337012,87.33154,2402.588,21.29584,45.77572,20.58781,47.68657,20.66476,59.76731,1.276428,21.82508,0.9400923,21.75088,7.517276
"2026-09-23 13:00:00",54,202609231230,202609231300,1911.491,8.696929,411.2182,1.735607,12.84467,0.9042377,2.309119,2,-3.412673,0,3.861535,0,170.4906,0,161.2973,0,3.555114,44.75357,24.05063,16.13896,1,-4.588723,-0.04869753,1,1.155417,0.2176145,0.8568742,0.2659557,140.9895,1.603351,4.174551,-0.4672607,87.32473,2347.042,21.80652,42.8638,21.2461,44.21584,21.37254,57.74225,1.416633,22.44548,1.041776,23.22682,7.656797
"2026-09-23 13:30:00",55,202609231300,202609231330,1907.816,9.61921,409.4708,1.848484,12.75813,0.9121094,2.985954,0,-1.443623,0,3.883919,0,171.3691,0,182.7355,0,3.837673,48.31058,25.96217,17.42168,1,-5.048383,-0.05601949,0,0.8184845,0.2336827,0.8494802,0.2780643,161.6851,1.519273,5.13228,-0.4247161,87.3083,2331.72,22.40325,41.00692,21.91007,42.16306,21.78468,56.81791,1.530032,23.10307,1.092908,24.57993,7.802398
"2026-09-23 14:00:00",56,202609231330,202609231400,1902.55,35.82257,408.4403,2.017707,11.82353,0.8788228,9.392055,0,-2.375899,0,3.60302,0,158.931,0,155.2951,0,3.429707,43.17489,23.20224,15.56966,1,-8.795468,-0.07298931,1,0.8577549,0.2668524,1.156694,0.2714863,159.6125,1.688733,4.694551,-0.2437766,87.28825,2206.818,22.75444,37.23909,22.19681,38.39334,22.17791,54.64024,1.657321,23.30338,0.9478865,25.7021,7.906217
"2026-09-23 14:30:00",57,202609231400,202609231430,1909.505,11.47219,408.8789,1.598604,12.34669,0.8546556,16.39373,1,-1.579932,0,4.023761,0,177.4176,0,146.4832,0,3.542852,44.59922,23.96767,16.0833,1,-6.976424,-0.06048657,0,0.9627272,0.2431323,1.186625,0.2742472,197.9335,1.733428,5.344123,-0.3073394,87.28113,2267.453,23.15722,37.90755,22.61995,39.05636,22.55982,55.01097,1.681823,23.77701,0.9607712,26.54867,8.021526
"2026-09-23 15:00:00",58,202609231430,202609231500,1921.745,70.22227,410.2434,2.533214,12.0902,0.9856428,41.3902,0,-2.866892,0,4.112854,0,181.3285,0,99.84547,0,4.432123,55.79381,29.98366,20.12027,1,-7.770172,-0.05148991,1,0.9550793,0.2243837,1.054609,0.2581501,145.7509,1.830962,4.654166,-0.2759437,87.25523,2240.994,23.34665,36.71865,22.71931,38.01322,22.78844,54.33502,1.719754,23.85255,0.7520989,27.1418,8.094891
"2026-09-23 15:30:00",59,202609231500,202609231530,1927.613,94.66502,410.8018,1.76526,11.51816,0.8240992,77.16536,1,-3.782223,0,3.878821,0,170.95,0,90.40163,0,5.264504,66.27225,35.61479,23.89899,1,-0.8789411,-0.01129371,2,0.8317272,0.1051503,0.9675218,0.2416293,213.5056,1.327872,3.892256,-2.439446,87.23872,2470.702,23.89704,33.84636,23.08467,35.41217,23.16244,53.14132,1.831653,24.16535,0.7054468,27.44242,8.143219
"2026-09-23 16:00:00",60,202609231530,202609231600,1944.301,179.116,411.799,2.169171,11.25148,0.7602484,179.6772,0,-0.5064751,0,2.550667,0,112.3845,0,51.23036,0,2.859681,35.99911,19.34597,12.98194,1,-10.5446,-0.04095497,1,0.7791542,0.2003408,0.8019722,0.2081769,202.7423,1.245187,3.477085,-0.2033391,87.22181,2148.513,24.37561,32.1436,23.36202,34.02704,23.37662,52.42509,1.902404,24.41852,0.5770525,27.13004,8.134967
"2026-09-23 16:30:00",61,202609231600,202609231630,1956.312,64.69202,412.4829,1.480597,11.32892,0.8341178,-2.328722,2,-3.348585,0,2.644419,0,116.54,0,34.89716,0,1.65045,20.7767,11.16542,7.492459,1,-15.14908,-0.04206455,2,0.5240275,0.2029726,0.9689476,0.1925948,314.8339,1.089062,3.460864,-0.1415353,87.21491,1995.031,24.45891,32.23413,23.14272,34.71371,23.50548,52.36604,1.857044,24.2057,0.4025715,"NAN","NAN"
"2026-09-23 17:00:00",62,202609231630,202609231700,1936.994,94.77023,413.8647,2.67237,11.48527,0.9045607,78.77204,1,0.02402226,1,2.313672,1,101.9761,1,13.88326,1,4.501912,56.67236,30.4558,20.43709,1,-8.566967,-0.01763562,1,0.6659774,0.1314053,0.651805,0.1601972,98.88278,1.130052,3.302816,-0.2502787,87.20886,2214.434,24.30255,33.00491,23.01998,35.48045,23.50661,52.7199,1.822183,24.09726,0.2756071,25.68093,8.061448
"2026-09-23 17:30:00",63,202609231700,202609231730,1957.573,248.8778,414.8733,3.97102,12.08093,1.008075,53.3824,2,0.9048309,2,0.9274961,2,40.8938,2,5.677276,2,6.603187,83.12426,44.67108,29.97613,1,-7.320636,-0.008717618,1,0.3665209,0.09235007,0.3434736,0.1067587,134.8358,0.9189691,2.141718,-0.2928885,87.19598,2255.979,23.92905,35.50131,22.66537,38.17488,22.95333,54.09972,1.710792,23.79733,0.3646827,24.89002,8.003345
"2026-09-23 18:00:00",64,202609231730,202609231800,2600.466,1607.177,426.8699,20.02621,12.48053,0.6610333,-120.4792,2,-1.207947,2,0.110306,2,4.866734,2,5.192626,2,3.278055,41.26582,22.1763,14.88121,1,-13.97934,-0.01028189,1,0.3508891,0.1001847,0.2357623,0.06131399,130.3734,0.5479459,1.323508,-0.1533785,87.19296,2034.022,23.49879,37.63606,21.96673,41.18105,22.39691,55.25675,1.561707,23.13351,0.5362667,23.98068,7.919761
"2026-09-23 18:30:00",65,202609231800,202609231830,2900.088,1802.756,430.076,27.86486,12.60769,0.8582208,-117.2201,2,-1.004762,2,-0.02170582,2,-0.9591743,2,0.4083158,2,14.32529,180.3341,96.91177,65.03178,1,-14.1834,-0.001662952,2,0.3752199,0.04018406,0.310565,0.02403541,19.04083,0.8393983,2.207814,-0.1511718,87.17605,2027.22,21.16497,43.84554,20.33697,46.07027,20.87723,57.47383,1.300397,21.50917,0.8553524,23.03649,7.830586
"2026-09-23 19:00:00",66,202609231830,202609231900,3195.161,976.7232,465.8516,26.04116,14.64666,0.3412652,-91.37608,2,3.148771,2,0.02868409,2,1.271809,2,-6.054452,2,12.16984,195.3096,92.41772,58.4149,1,5.540185,-0.005962115,1,0.3605043,0.07567398,0.4357663,0.05204855,13.70389,1.20336,2.693021,0.3870141,87.15111,114.7176,16.93476,66.02994,16.84575,66.38615,17.39298,67.56173,0.651023,18.19261,0.684751,"NAN","NAN"
"2026-09-23 19:30:00",67,202609231900,202609231930,3174.185,1004.671,456.631,21.80189,14.3364,0.6383639,167.6541,2,10.76335,2,0.3233131,2,14.34379,2,-11.00689,2,16.98819,272.6375,129.0082,81.54279,1,3.624607,-0.006406758,2,0.3950895,0.07835295,0.3610723,0.05846172,356.4706,1.669948,2.829627,0.5915483,87.15812,112.6354,16.16872,67.78412,16.22321,67.66138,16.28807,69.38216,0.6036869,17.53851,0.7949847,21.11345,7.656528
"2026-09-23 20:00:00",68,202609231930,202609232000,2659.017,1413.318,456.6637,31.43314,13.87605,0.2327989,111.2134,2,0.1065669,2,-0.01166458,2,-0.5176599,2,-0.4301493,2,11.71645,188.0332,88.97463,56.23861,1,52.72665,-0.004872856,1,0.1842864,0.06828003,0.347968,0.04163224,342.4864,1.048358,1.630528,0.04066501,87.17899,166.0072,15.77088,67.28263,15.90013,66.93778,15.90489,68.93037,0.607803,17.17157,1.14781,20.2248,7.572785
"2026-09-23 20:30:00",69,202609232000,202609232030,2536.063,699.5145,472.1312,34.61504,13.57966,0.9633012,259.9279,2,-7.701514,2,-0.5565137,2,-24.70879,2,1.737979,2,11.80727,148.6359,79.87711,53.60082,1,-316.4609,-0.01076725,2,0.4271621,0.1013886,0.5088933,0.09581794,353.6521,1.721654,4.520794,-0.006775339,87.21062,1361.39,15.35486,67.76419,15.41963,67.7086,15.42194,69.38384,0.5787665,16.66161,1.204861,19.41542,7.50216
"2026-09-23 21:00:00",70,202609232030,202609232100,2243.462,423.8444,470.3567,13.33955,12.72846,0.3466672,171.3933,2,6.013343,2,0.08857974,2,3.935444,2,-6.306609,2,19.86493,318.8054,150.8541,95.35107,1,4.175864,-0.005033939,2,0.3526256,0.06922474,0.3601947,0.09610426,4.913361,1.723206,3.453508,0.5134577,87.23012,113.2346,14.63,66.42813,14.73858,66.08144,14.8179,68.17162,0.5744811,15.89959,0.7785128,18.68377,7.426279
"2026-09-23 21:30:00",71,202609232100,202609232130,2329.131,409.2151,451.5782,13.61529,11.74055,0.4579981,238.9704,2,2.253476,2,-0.06914568,2,-3.0711,2,-5.648105,2,13.22607,212.2605,100.4386,63.48472,1,17.9405,-0.01294875,2,0.3605588,0.1110566,0.5820438,0.1345871,351.5193,1.895578,4.44153,0.1195134,87.24203,128.1962,15.02441,59.89702,15.05178,59.97469,15.08593,64.95487,0.6973675,16.12333,1.159497,18.03383,7.355617
"2026-09-23 22:00:00",72,202609232130,202609232200,3357.285,667.4625,485.3856,13.73601,12.1509,0.1414756,572.4274,2,9.213649,2,-0.03357013,2,-1.494985,2,-12.66809,2,15.148,243.1051,115.0338,72.70997,1,4.373915,-0.008595313,2,0.3308297,0.09005002,0.3504141,0.1149269,11.95029,1.707068,2.695486,0.4902084,87.24615,113.4499,12.301,73.93963,12.27569,74.11959,12.62163,71.36233,0.3761727,13.37432,1.02548,17.46005,7.310763
"2026-09-23 22:30:00",73,202609232200,202609232230,2804.236,330.2285,486.81,18.55322,11.68457,0.1655058,-41.82209,2,21.76185,2,-0.06904001,2,-3.079254,2,-37.73586,2,2.005478,32.18523,15.22959,9.626237,1,16.5687,-0.04343557,2,0.567816,0.2018441,0.965585,0.09371639,288.0125,1.098246,4.242664,0.1294085,87.24886,126.7051,10.5972,79.59827,10.68402,79.20074,10.84093,74.27159,0.273284,11.73436,1.0339,16.93192,7.263965
"2026-09-23 23:00:00",74,202609232230,202609232300,2463.214,77.1571,498.813,7.339474,12.16093,0.1561197,-9.336919,2,-0.21558,2,0.02520125,2,1.123319,2,2.339039,2,13.48456,169.7504,91.22409,61.21512,1,-8.915706,-0.004559003,2,0.7478799,0.06547217,0.2438968,0.0495451,238.1094,1.271933,2.786383,-0.2404891,87.24817,2202.81,11.12776,79.81199,11.31949,78.89339,11.16503,75.48591,0.2856773,12.41535,0.6211901,16.40989,7.198718
"2026-09-23 23:30:00",75,202609232300,202609232330,4625.614,2043.366,546.6898,48.02079,12.06448,0.4080661,-1506.782,2,-33.68975,2,0.2223832,2,9.929527,2,23.268,2,1.820788,22.92101,12.31778,8.265735,1,-6.420378,-0.01701329,2,0.4518032,0.1260758,0.5751075,0.07191031,103.772,0.6881372,1.768285,-0.3339569,87.24657,2285.987,9.496913,88.42261,9.521963,88.31082,9.98504,77.99572,0.1449106,10.60233,1.329311,15.8824,7.144377
"2026-09-24 00:00:00",76,202609232330,202609240000,2986.094,290.1593,509.8287,14.32243,12.33512,0.1822832,-79.77954,2,-2.831097,2,0.04000995,2,1.786246,2,3.84563,2,23.18435,291.8564,156.844,105.2488,1,-1.109033,-0.001590461,2,0.7938738,0.03855972,0.321593,0.04097155,246.7953,1.315303,2.730881,-1.933333,87.24246,2463.032,9.224384,91.95607,9.650439,89.43804,9.353565,81.70631,0.1288193,10.75559,0.6846337,15.36523,7.1215
"2026-09-24 00:30:00",77,202609240000,202609240030,2841.546,690.2077,489.9049,21.48525,12.34472,0.2012029,-6.419886,2,1.505501,2,-0.03517452,2,-1.56968,2,-4.415651,2,14.11799,226.5747,107.2119,67.76591,1,4.75246,-0.00457477,2,0.6912178,0.06544694,0.4617888,0.04429458,249.0586,1.26461,2.448259,0.451162,87.25017,113.8614,9.633634,89.54227,10.10968,86.88773,9.718153,80.69478,0.1670156,11.21751,1.038196,14.87289,7.049592
"2026-09-24 01:00:00",78,202609240030,202609240100,2378.103,245.7966,472.072,21.21886,12.33756,0.3066782,93.19808,2,9.412322,2,-0.1473199,2,-6.571802,2,-19.50887,2,3.953651,63.45077,30.024,18.97741,1,9.744261,-0.01983946,1,0.7702933,0.1363821,0.5104523,0.04169495,236.3505,0.9449707,2.778008,0.2200403,87.25182,119.2872,10.65297,83.84709,10.49533,84.74725,10.89143,77.05699,0.2027448,11.60408,1.482243,14.41629,7.015408
"2026-09-24 01:30:00",79,202609240100,202609240130,3173.566,940.9948,534.6209,49.43795,11.51723,0.5900723,93.01768,2,24.50374,2,-0.3100118,2,-13.8667,2,-17.10392,2,3.775781,60.5962,28.67326,18.12364,1,1.757479,-0.005967344,2,0.5484113,0.07440986,0.2676435,0.05890965,144.1331,0.648232,1.380286,1.220003,87.25574,110.606,7.648466,95.36345,7.666219,95.44136,8.213284,81.40365,0.05071425,8.69069,1.26147,13.99753,6.976015
"2026-09-24 02:00:00",80,202609240130,202609240200,3221.224,829.4233,502.8633,31.70273,11.80312,0.2516777,-89.17466,2,-1.746144,2,0.04419142,2,1.974584,2,-0.5150114,2,9.757988,156.6026,74.10209,46.83805,1,54.08325,-0.004626411,1,0.2651964,0.06564965,0.3726492,0.02818383,259.936,0.9015256,1.268701,0.03964499,87.25876,167.4818,8.166388,93.91268,8.770789,90.90234,8.116346,84.08498,0.1065575,9.824711,0.9315698,13.59545,6.921179
"2026-09-24 02:30:00",81,202609240200,202609240230,3221.585,1094.834,547.4157,54.84903,11.26326,0.6557727,-179.2135,2,1.198175,2,-0.09654561,2,-4.319323,2,2.054371,2,4.909683,61.80558,33.2144,22.28823,1,-28.93101,-0.00836748,2,0.6248138,0.08806655,0.498983,0.06685953,114.5526,0.9082922,4.021112,-0.07411181,87.27113,1535.633,7.263173,95.03677,7.453095,94.77106,7.574487,82.82895,0.05912304,8.454188,1.553121,13.21162,6.901744
"2026-09-24 03:00:00",82,202609240230,202609240300,3245.493,716.6099,541.6765,33.98606,11.97035,0.7813895,-253.8725,2,-4.430686,2,0.08100065,2,3.622974,2,5.207495,2,11.26504,141.81,76.20888,51.13929,1,-5.367296,-0.00565818,2,0.5660914,0.07246394,0.459825,0.04678956,105.8949,1.264771,1.992291,-0.3994805,87.26669,2321.09,7.756958,97.76694,7.710211,98.79641,7.95917,85.78284,0.01448929,8.775437,1.342577,"NAN","NAN"
"2026-09-24 03:30:00",83,202609240300,202609240330,3154.897,421.8713,557.4839,34.69622,10.7502,0.4340459,175.5477,2,22.82595,2,-0.1745548,2,-7.816898,2,-20.11203,2,2.282641,36.63332,17.33436,10.95661,1,13.70541,-0.02586058,2,0.3127379,0.1545191,0.7775968,0.05305318,263.2261,0.8659776,1.695559,0.1564441,87.28075,123.5928,5.979102,98.40337,6.43785,97.02796,6.16915,85.65234,0.03181756,7.389516,1.173479,12.51763,6.827661
"2026-09-24 04:00:00",84,202609240330,202609240400,2840.228,602.4219,502.9577,27.31153,11.55843,0.3399297,-155.2262,2,-6.873418,2,0.05460458,2,2.441475,2,3.557612,2,7.541795,94.93994,51.02085,34.23709,1,-5.22215,-0.004304178,1,0.3872242,0.06322803,0.3151919,0.03065022,267.2724,0.729484,1.731532,-0.4105837,87.29627,2325.928,7.68856,95.5863,8.0811,93.26392,7.67355,85.27825,0.07581806,9.110623,1.011623,12.19925,6.813959
"2026-09-24 04:30:00",85,202609240400,202609240430,3185.719,1341.164,514.9594,37.0127,11.80689,0.4831182,-221.2786,2,-13.42571,2,-0.07372172,2,-3.295519,2,9.350444,2,2.778837,34.98141,18.79906,12.61494,1,-17.64327,-0.01771753,1,0.4135858,0.128333,0.5711195,0.04179291,331.0128,0.836755,1.700204,-0.1215267,87.30603,1911.891,7.972473,95.74203,8.31034,93.77451,8.038397,84.9696,0.07172918,9.362999,1.171414,11.89016,6.812273
"2026-09-24 05:00:00",86,202609240430,202609240500,3355.383,1084.802,494.4763,33.99979,11.53821,0.9334207,311.3032,2,17.17934,2,0.3166905,2,14.15214,2,-15.72512,2,4.347167,69.76617,33.01235,20.86627,1,5.650017,-0.01145993,1,0.6131699,0.1032647,0.6424196,0.1132845,39.25018,0.932546,2.726914,0.3794909,87.31299,114.837,8.31948,90.97211,8.65165,89.54681,8.603336,82.89748,0.1207436,9.681471,1.145596,11.59624,6.806101
"2026-09-24 05:30:00",87,202609240500,202609240530,3508.863,826.1841,542.0601,29.47284,10.3329,0.3821244,25.90943,2,6.757266,2,-0.1148217,2,-5.146236,2,-7.689446,2,7.970751,127.9198,60.52982,38.25937,1,4.776451,-0.006841334,2,0.6274908,0.07932652,0.3674049,0.05665337,223.8343,0.9761243,2.120817,0.448896,87.32032,113.8875,5.500111,95.8311,5.55903,99.11817,5.935237,83.55982,0.009668767,6.470685,0.9248388,11.32607,6.799764
"2026-09-24 06:00:00",88,202609240530,202609240600,3030.321,417.9268,541.844,19.3957,9.998943,0.2201992,156.0634,2,8.088111,2,-0.05794339,2,-2.59756,2,-5.043388,2,13.13519,210.8022,99.74857,63.04854,1,1.712441,-0.002594233,2,0.5916156,0.04882418,0.3871895,0.0453077,201.6395,0.9686517,2.034738,1.25209,87.32451,110.557,4.853446,99.42384,5.326551,97.47339,5.086373,85.99744,0.02309453,6.207797,0.5039269,11.0825,6.780206
"2026-09-24 06:30:00",89,202609240600,202609240630,2725.866,301.8678,518.5814,13.14805,10.17317,0.1537018,116.2504,2,4.490596,2,-0.06236344,2,-2.793338,2,-6.256455,2,16.80774,269.7416,127.6379,80.67665,1,1.579191,-0.002821369,2,0.4868295,0.05099587,0.1898185,0.02545074,210.5422,1.09232,1.685806,1.357739,87.33814,110.4122,5.742497,96.21992,6.218382,93.26207,5.79075,84.89295,0.06500947,7.117925,0.559566,10.83276,6.76233
"2026-09-24 07:00:00",90,202609240630,202609240700,3021.822,319.9814,533.7087,14.23254,9.876498,0.1950193,-46.14938,2,-3.071917,2,0.04702452,2,2.107873,2,3.023084,2,2.241944,28.22273,15.16693,10.17764,1,-20.79958,-0.009809607,1,0.5698795,0.0949399,0.4488811,0.06313887,117.3732,0.6613923,2.059802,-0.1030853,87.35495,1806.681,5.235805,96.82742,5.427233,95.6499,5.503026,84.417,0.0399316,6.297999,0.576892,10.58928,6.754463
"2026-09-24 07:30:00",91,202609240700,202609240730,2614.661,126.0739,505.2123,16.15867,11.3392,0.7729855,-48.15912,2,-8.663065,2,0.5836677,2,26.11537,2,21.27151,2,5.004768,63.00256,33.85765,22.71988,1,-1.156142,-0.005309082,0,0.2594745,0.07009339,0.2675759,0.09266735,184.0582,0.5654527,1.544615,-1.854555,87.37832,2461.462,8.321037,90.24413,7.338413,96.08587,6.527567,86.21951,0.04105848,8.345848,1.191935,10.38867,6.707426
"2026-09-24 08:00:00",92,202609240730,202609240800,2361.897,70.31357,484.6118,8.960785,13.0504,0.3869109,-10.70757,2,-2.552046,2,0.5103111,2,22.77787,2,16.17806,2,6.329594,79.68014,42.82021,28.73412,1,-6.024458,-0.01325528,0,0.3304568,0.1112733,0.4047548,0.1269546,154.3816,1.05084,2.158723,-0.3559042,87.40771,2299.185,10.57874,89.27335,9.879972,93.32319,9.201344,84.74271,0.0829798,11.05051,0.6999103,10.35399,6.703764
"2026-09-24 08:30:00",93,202609240800,202609240830,2278.373,32.16792,464.9108,4.627574,13.7049,0.3739623,4.174719,2,-1.310695,2,1.02979,2,45.88318,2,29.09852,2,5.113319,64.36906,34.59201,23.21267,1,-4.886747,-0.01704417,0,0.4249334,0.1265975,0.4261331,0.1546263,167.3899,0.9907168,2.628059,-0.4387642,87.42297,2337.108,12.70913,81.55357,11.74379,86.64304,11.11164,80.98737,0.187688,12.98143,0.8314898,10.65619,6.742875
"2026-09-24 09:00:00",94,202609240830,202609240900,2167.077,23.56358,448.6708,4.275098,13.27009,0.4413859,1.793525,1,-4.349247,0,1.376451,0,61.23054,0,66.25517,0,5.238608,65.94626,35.4396,23.78143,1,-2.241788,-0.01704032,0,0.4303708,0.1269423,0.5638932,0.1839466,180.9403,1.080224,2.991552,-0.9564373,87.42683,2425.274,14.47941,70.44819,13.42189,75.17114,12.99011,74.7534,0.3868828,14.62711,0.8116881,11.3238,6.779391
"2026-09-24 09:30:00",95,202609240900,202609240930,2100.232,34.51296,438.6812,4.032266,13.09373,0.4783509,-24.39685,2,-5.743893,0,1.68654,0,74.90892,0,93.85199,0,6.125265,77.10793,41.4379,27.80654,1,-0.9259987,-0.01180206,0,0.4668961,0.1059341,0.4901246,0.2035316,168.6993,1.015168,3.035188,-2.315478,87.43185,2469.133,16.17538,62.28811,15.03222,66.76764,14.57764,69.98928,0.5726469,16.22809,0.9070455,12.30704,6.819118
"2026-09-24 10:00:00",96,202609240930,202609241000,2019.474,13.24413,425.8112,2.353655,12.9506,0.5552866,2.134892,0,-4.106047,0,2.01358,0,89.31795,0,98.41884,0,6.048426,76.14066,40.91808,27.45772,1,-1.812287,-0.01905464,0,0.4898676,0.1349273,0.7272751,0.2048455,168.4002,1.32743,3.494011,-1.183107,87.41911,2439.59,17.19888,57.67353,16.39287,60.51316,16.13537,66.24899,0.7417336,17.58117,0.9320743,13.57094,6.856024
"2026-09-24 10:30:00",97,202609241000,202609241030,2017.892,8.249683,423.4221,1.710029,13.48559,0.5906932,3.699306,0,-3.090778,0,2.456782,0,108.8126,0,139.7507,0,3.209032,40.39692,21.70936,14.56787,1,-4.988205,-0.04678204,0,0.6403913,0.2120217,0.6895802,0.2480158,191.2572,1.19142,4.323255,-0.4298399,87.41087,2333.727,18.68826,54.63439,17.96681,57.02606,17.63724,64.43408,0.8918916,19.21126,1.026721,15.02667,6.964807
"2026-09-24 11:00:00",98,202609241030,202609241100,2015.243,12.59996,421.0526,1.964254,13.48303,0.7468279,3.406586,2,-4.16175,0,2.77062,0,122.5799,0,124.7297,0,5.463075,68.77196,36.95814,24.80043,1,-4.360193,-0.0398083,0,0.5780582,0.1959877,0.9120537,0.2666295,193.0643,1.724912,5.277434,-0.4917511,87.38531,2354.66,19.56034,51.71002,19.0921,53.12918,18.86032,62.41558,1.043382,20.3411,0.992582,16.6194,7.098444
"2026-09-24 11:30:00",99,202609241100,202609241130,2005.313,23.27409,417.3234,3.47077,13.48253,0.8094372,18.57847,2,-1.181469,1,3.050199,0,134.8193,0,127.7867,0,5.676847,71.46304,38.40433,25.77088,1,-4.523324,-0.04143466,0,0.6750167,0.2003299,0.9096087,0.2552384,191.4983,1.814814,4.573211,-0.4740164,87.35311,2349.223,20.53799,48.6188,20.09208,49.8782,19.96314,60.71767,1.186073,21.34468,0.9873089,18.23663,7.221588
"2026-09-24 12:00:00",100,202609241130,202609241200,1969.714,8.642558,414.8264,2.314847,12.39824,0.7785853,3.288591,0,-2.881214,0,3.431867,0,151.5468,0,154.1732,0,5.115461,64.39603,34.60651,23.22239,1,-3.755675,-0.04126424,0,0.8017646,0.2002375,0.7707026,0.2580068,189.1647,1.646476,4.057317,-0.570904,87.32691,2374.811,21.48966,42.18274,21.06542,43.1946,20.84962,57.38062,1.428254,22.22121,1.10186,19.8396,7.358993
"2026-09-24 12:30:00",101,202609241200,202609241230,1968.922,14.11572,418.8255,2.470422,11.9998,0.6730208,3.894498,1,-0.3081389,0,3.042556,0,134.224,0,165.9726,0,2.92065,36.76663,19.75843,13.25872,1,-3.165122,-0.03828965,1,0.9445515,0.1932379,0.8768966,0.2579806,216.3888,1.320265,3.981847,-0.6774241,87.29494,2394.496,22.73578,37.83821,22.07813,39.27346,22.10748,55.27148,1.623528,23.20041,1.064733,"NAN","NAN"
"2026-09-24 13:00:00",102,202609241230,202609241300,1961.288,8.274514,414.504,1.543526,11.91037,0.7397353,6.015039,0,-1.201286,0,3.166142,0,139.5479,0,148.4867,0,2.784295,35.05012,18.83598,12.63972,1,-4.10706,-0.04237965,1,0.7276798,0.2036515,0.8864045,0.2632262,145.7918,1.291391,3.429587,-0.5220595,87.26822,2363.098,23.74954,35.31165,23.02897,36.76408,23.10391,53.87823,1.790014,24.1465,1.034506,"NAN","NAN"
"2026-09-24 13:30:00",103,202609241300,202609241330,1953.265,6.679926,410.9927,2.050497,12.11366,0.8452902,0.1125529,2,-1.25334,0,3.677156,0,161.9601,0,156.0072,0,2.779373,34.98816,18.80268,12.61737,1,-7.118467,-0.06327707,1,0.8688943,0.2492206,0.8162212,0.259948,240.6569,1.387123,3.556961,-0.3012067,87.2211,2262.718,24.2978,34.71017,23.73587,35.79792,23.77602,53.25103,1.895998,24.87527,1.030944,24.13871,7.768428
"2026-09-24 14:00:00",104,202609241330,202609241400,1957.449,8.201714,409.8069,1.586065,12.53667,0.8875542,-0.8036474,1,-2.739181,0,4.111759,0,180.9636,0,149.7021,0,3.812932,47.99913,25.79479,17.30937,1,-4.634099,-0.04641249,1,0.7993416,0.2137822,0.999456,0.2576287,176.476,1.531855,3.985754,-0.4626853,87.18874,2345.53,25.2477,33.93588,24.52642,35.32037,24.61936,53.08748,2.002249,25.70896,0.9630225,25.34559,7.886542
"2026-09-24 14:30:00",105,202609241400,202609241430,1948.83,7.373061,409.7131,1.636836,11.11959,1.165771,9.164379,0,-2.841877,0,4.252903,0,187.0759,0,109.333,0,5.457854,68.70624,36.92282,24.77673,1,-3.915472,-0.03426214,1,0.6632637,0.1838481,0.7877046,0.2408141,164.9958,1.594663,4.340304,-0.5476044,87.14312,2369.484,25.72842,29.23321,25.0763,30.28398,24.98001,50.56207,2.228832,26.12655,0.8848093,"NAN","NAN"
"2026-09-24 15:00:00",106,202609241430,202609241500,1950.231,13.43513,411.2295,1.347687,10.11823,0.9007452,22.85866,0,-2.425204,0,3.641127,0,160.1254,0,96.99045,0,4.979137,62.6799,33.68426,22.60352,1,-1.063993,-0.01323806,2,1.065724,0.1143242,0.7875915,0.2346717,106.3703,1.386874,3.997523,-2.015173,87.11517,2464.533,26.19747,25.89029,25.33259,27.14109,25.51353,48.41438,2.364444,26.2886,0.7250968,26.97819,8.082889
"2026-09-24 15:30:00",107,202609241500,202609241530,1946.819,8.420199,410.1463,1.862434,10.41277,0.9964301,11.56743,1,-2.037407,0,3.742289,0,164.4654,0,96.23058,0,2.448828,30.82709,16.56651,11.11681,1,-16.33909,-0.08134432,1,0.7024481,0.2837702,1.059345,0.2523217,144.4199,1.449318,4.773377,-0.131227,87.09235,1955.364,26.83171,25.65565,26.01522,26.81888,26.0087,48.55801,2.473435,27.00144,0.7729427,27.33968,8.140114
"2026-09-24 16:00:00",108,202609241530,202609241600,1945.947,8.74022,411.0547,1.6849,9.77037,1.020112,8.249745,1,-2.734964,1,2.455652,1,107.96,1,26.87093,1,5.633588,70.91846,38.11168,25.5745,1,-19.28208,-0.0421905,1,0.6050097,0.2042518,0.9918226,0.2019868,153.0928,1.869385,3.887876,-0.1111981,87.05988,1857.264,26.36771,24.73061,25.6384,25.74891,25.76058,47.64472,2.453262,26.56222,0.423311,"NAN","NAN"
"2026-09-24 16:30:00",109,202609241600,202609241630,1943.661,6.369133,411.3772,1.482018,9.052874,0.9595627,-0.7818265,2,-2.237575,2,2.049526,2,90.08181,2,23.60141,2,5.683868,71.55141,38.45182,25.80275,1,-12.71707,-0.02911066,0,0.6447815,0.1697391,0.627649,0.17485,198.1108,1.468948,4.252813,-0.1686025,87.03458,2076.098,26.62561,22.55291,25.90483,23.48041,25.73625,46.5787,2.568788,26.76135,0.4758881,26.43913,8.126026
"2026-09-24 17:00:00",110,202609241630,202609241700,1947.73,7.829224,412.6212,1.511594,9.30156,0.9939834,-0.9167817,2,-1.327572,2,1.321761,2,58.10297,2,6.78057,2,6.212411,78.20499,42.02746,28.20215,1,-18.59048,-0.01885648,1,0.4534599,0.136599,0.40148,0.1341529,169.1856,1.239506,2.974371,-0.1153349,87.01569,1880.318,26.67735,23.11932,25.75841,24.36022,25.60958,46.94602,2.518294,26.63808,0.428636,25.76679,8.07001
"2026-09-24 17:30:00",111,202609241700,202609241730,1971.313,21.22611,413.4247,1.0369,10.08464,0.8754197,1.312084,2,-0.4437054,2,0.6303751,2,27.72033,2,-4.899063,2,8.611768,138.2073,65.39771,41.33623,1,17.94926,-0.008309175,0,0.3715669,0.09064519,0.3008398,0.1080423,180.4105,0.9955016,2.9446,0.119455,86.99572,128.2057,26.50112,25.34529,25.39261,26.99776,25.1988,48.42672,2.378852,26.34543,0.3939985,24.95852,8.006859
"2026-09-24 18:00:00",112,202609241730,202609241800,2020.958,19.57355,417.2601,1.167636,10.76482,0.33714,-1.17296,2,-0.002468853,2,0.04811908,2,2.117713,2,-0.05961147,2,12.60872,158.7249,85.29897,57.23912,1,-74.94406,-0.001750627,0,0.1943027,0.04155819,0.2093984,0.05441857,183.527,0.7516304,1.40885,-0.02860974,86.97752,1478.253,25.74807,28.29186,24.55897,30.25698,24.56288,50.09951,2.16241,25.57352,0.5165831,24.05106,7.922291
"2026-09-24 18:30:00",113,202609241800,202609241830,2032.462,41.35371,412.2455,2.078258,10.31878,0.1635228,2.018929,2,-0.1136318,2,-0.003019503,2,-0.1330621,2,0.2443127,2,25.05495,315.4044,169.4987,113.7406,1,-4.224375,-0.0005659446,1,0.09302357,0.02357574,0.1010479,0.009659459,222.8502,0.8190544,1.136396,-0.5075614,86.95936,2359.188,23.47853,30.95855,23.20437,31.43589,23.49367,50.277,1.958522,24.17225,0.4000471,23.11176,7.836413
"2026-09-24 19:00:00",114,202609241830,202609241900,3207.082,2075.099,466.2285,53.24527,12.17312,1.687548,-1112.108,2,-53.97542,2,-3.025169,2,-133.8782,2,130.0246,2,1.643742,20.69226,11.12005,7.462009,1,-10.59286,-0.06814361,1,0.8395003,0.2568723,1.02108,0.09531255,354.151,1.393413,2.787238,-0.2024127,86.94463,2146.905,19.23837,49.11046,18.81007,50.59274,19.91721,58.08219,1.152202,19.9345,2.742396,22.15629,7.757931
"2026-09-24 19:30:00",115,202609241900,202609241930,2733.882,409.6498,456.2364,18.54481,12.87728,0.7830839,0.4760727,2,5.771138,2,0.1143521,2,5.070329,2,-6.031268,2,10.66366,171.1375,80.9798,51.18528,1,16.31184,-0.01190571,1,0.4339173,0.1070251,0.4654629,0.04336039,344.5826,1.474332,2.472201,0.1314462,86.93865,126.4259,16.56315,59.50023,16.81897,58.66716,16.60233,64.90954,0.8079566,18.0019,1.146707,21.21269,7.67117
"2026-09-24 20:00:00",116,202609241930,202609242000,2167.096,198.978,446.6329,14.33165,11.66287,0.2930603,25.06744,2,-2.657665,2,-0.02724467,2,-1.207121,2,7.215024,2,12.16496,153.1387,82.29693,55.22462,1,-6.436517,-0.007409409,1,0.3063041,0.08452275,0.4508819,0.02854662,0.05145264,1.488592,2.202053,-0.3331196,86.94093,2285.449,17.48903,50.5633,17.59189,50.36816,17.56522,60.07134,1.00755,18.66574,0.8465018,20.31534,7.580592
"2026-09-24 20:30:00",117,202609242000,202609242030,2247.38,685.5034,454.0301,22.40877,11.65709,0.3873232,-3.090202,2,-1.569551,2,-0.03662097,2,-1.622193,2,6.965634,2,7.031229,88.51267,47.56682,31.9193,1,-21.39808,-0.01606632,1,0.2878382,0.1245051,0.6416996,0.04769157,342.0511,1.354553,2.041352,-0.1002019,86.95055,1786.73,17.73244,49.79522,17.82365,49.72655,17.72714,59.78858,1.039614,18.89775,1.117149,19.48648,7.509969
"2026-09-24 21:00:00",118,202609242030,202609242100,4294.844,1486.297,504.5228,48.56673,12.21659,0.3670025,666.0176,2,27.50525,2,0.1881017,2,8.363754,2,-18.23203,2,13.49763,216.6188,102.5009,64.78824,1,2.757638,-0.007817657,2,0.5548331,0.08627319,0.721409,0.08725769,31.43295,1.586151,3.901081,0.777524,86.94546,111.6931,14.02468,66.3818,13.8996,67.06997,14.52732,66.72236,0.5377617,15.01035,1.39649,18.73349,7.438108
"2026-09-24 21:30:00",119,202609242100,202609242130,3791.736,791.2139,461.8293,22.64632,11.55334,0.3371874,-229.8244,2,-9.382384,2,-0.01404954,2,-0.6247181,2,0.8083714,2,12.71809,160.1017,86.03887,57.73562,1,-184.9598,-0.01596708,2,0.8170144,0.1232779,0.6781994,0.1352342,17.45074,2.265548,5.576896,-0.01159241,86.94018,1425.019,13.61293,64.40495,13.86725,63.54031,13.63421,67.07734,0.5914204,14.91725,1.300464,18.06382,7.36708
"2026-09-24 22:00:00",120,202609242130,202609242200,2793.378,493.1077,443.8282,11.29775,11.0752,0.352225,-401.9012,2,19.91824,2,0.4878786,2,21.65975,2,-65.78398,2,4.876157,78.25576,37.0295,23.40541,1,35.5503,-0.1011546,2,1.150905,0.3111334,1.416155,0.122102,335.4628,2.566202,4.302543,0.06031257,86.94451,147.3373,15.53372,54.55697,15.50088,54.90147,15.63211,61.80685,0.8108445,16.51293,1.392958,17.47293,7.325309
"2026-09-24 22:30:00",121,202609242200,202609242230,2745.89,169.5211,486.7768,10.61469,11.86634,0.1483779,-68.29958,2,-2.725317,2,0.01744843,2,0.7776998,2,3.037011,2,7.368925,92.76376,49.85136,33.45232,1,-5.546125,-0.003915115,2,0.3481666,0.0607878,1.019326,0.06426323,186.9014,1.190497,2.564411,-0.3865996,86.92715,2315.129,11.42662,76.13041,11.38045,76.42001,11.84061,71.80889,0.3209088,12.44984,0.7052242,16.97726,7.271003
"2026-09-24 23:00:00",122,202609242230,202609242300,2738.236,572.3005,499.1591,19.9395,12.01413,0.1658365,-162.7841,2,-8.079057,2,0.04774796,2,2.129583,2,12.41665,2,6.537901,82.30242,44.22942,29.67976,1,-1.407796,-0.004008828,2,0.5644071,0.06144509,0.2867844,0.0279193,118.7211,0.7530195,1.584418,-1.523041,86.90853,2453.073,10.45038,82.19762,10.69593,81.0057,10.76876,75.3247,0.2494378,11.77613,1.012855,16.48704,7.208636
"2026-09-24 23:30:00",123,202609242300,202609242330,2775.636,579.8519,483.2736,25.59696,11.85378,0.2668326,21.29024,2,-2.013753,2,-0.03946161,2,-1.757936,2,2.000175,2,7.254539,91.32381,49.07753,32.93304,1,-59.0064,-0.01366878,2,1.051392,0.1137113,0.7803105,0.05267685,264.9904,1.650772,2.75202,-0.03633724,86.89388,1485.965,11.93876,73.62835,11.92819,73.8928,11.95417,72.00108,0.3770893,12.99854,1.541478,15.97866,7.171695
"2026-09-25 00:00:00",124,202609242330,202609250000,3641.07,1551.235,511.1224,37.91176,11.694,0.2377263,107.9008,2,0.280004,2,-0.003474478,2,-0.1550099,2,1.418911,2,0.9544986,12.01571,6.457259,4.333087,1,-16.87131,-0.004895809,2,0.4586581,0.06786984,0.3742886,0.04342454,269.0107,0.5283206,2.000984,-0.1270874,86.88712,1937.623,9.738881,83.72462,10.38218,80.55666,10.28223,74.92727,0.2514091,11.43236,1.144143,15.49459,7.121082
"2026-09-25 00:30:00",125,202609250000,202609250030,2906.425,728.7291,480.1009,28.21039,11.27193,0.2963831,-95.95944,2,-2.735803,2,-0.1018929,2,-4.54231,2,5.357697,2,17.20208,216.5486,116.3735,78.09139,1,-1.898076,-0.002678068,2,0.7301217,0.05026807,0.3434444,0.06779794,242.5125,1.310303,2.87657,-1.129634,86.87265,2436.731,11.12952,74.10295,11.19421,74.05267,11.26122,71.53933,0.3641509,12.20903,1.845352,15.04409,7.088123
"2026-09-25 01:00:00",126,202609250030,202609250100,3157.489,605.9702,511.0532,15.91255,11.00718,0.1914563,-59.19863,2,1.912265,2,0.03174052,2,1.418123,2,1.069317,2,8.930746,112.4248,60.41721,40.54243,1,-39.5616,-0.007596856,2,0.5453472,0.08431896,0.3587896,0.06871568,111.5594,1.132652,2.536163,-0.05419724,86.86049,1495.373,8.63894,84.98402,8.862108,83.86343,8.97521,76.08311,0.1875705,9.845014,0.9663411,14.62004,7.047232
"2026-09-25 01:30:00",127,202609250100,202609250130,3526.182,1023.358,521.6331,24.65351,11.18045,0.4304454,522.2758,2,9.609239,2,-0.05565516,2,-2.487046,2,-7.822416,2,10.09088,161.9451,76.6301,48.43595,1,5.817698,-0.007686108,0,0.4417705,0.08479721,0.9831243,0.1037604,47.57581,1.444457,3.166871,0.3685529,86.83949,115.0192,8.422128,87.55376,8.672729,86.19961,8.497537,78.51356,0.1588507,9.670525,1.123452,14.22925,6.997509
"2026-09-25 02:00:00",128,202609250130,202609250200,3449.394,566.2043,503.7097,16.42345,11.23835,0.2664245,205.932,2,7.037313,2,0.09138493,2,4.081142,2,-11.18279,2,12.187,195.5849,92.548,58.49724,1,4.703995,-0.00822297,2,0.3837639,0.08782087,0.427382,0.06097437,9.865448,1.392275,2.371852,0.4558104,86.82142,113.8087,8.918737,85.09392,9.327427,83.00175,8.989286,77.5799,0.204088,10.33265,0.8757491,13.85796,6.973881
"2026-09-25 02:30:00",129,202609250200,202609250230,3134.508,779.2234,497.7021,21.88697,10.89845,0.1410238,69.12908,2,6.318764,2,0.02114089,2,0.9438403,2,-9.36158,2,3.118202,50.04295,23.67961,14.96728,1,27.44665,-0.02389836,1,0.8663318,0.1498026,0.4781854,0.06538698,256.9084,1.030793,2.976412,0.0781199,86.80724,138.529,9.47316,79.52126,9.645591,78.77013,9.60531,74.43503,0.2593233,10.62134,0.8930866,13.52494,6.920451
"2026-09-25 03:00:00",130,202609250230,202609250300,3129.778,152.844,511.933,5.303934,10.93576,0.1376445,69.26097,2,1.596789,2,-0.06852733,2,-3.065009,2,-11.94314,2,10.1495,162.8858,77.07525,48.71731,1,2.588163,-0.005944555,2,0.3698692,0.07446905,0.5382325,0.05113469,223.655,1.087757,1.893295,0.828437,86.78659,111.5089,7.54898,90.90745,7.731372,89.82867,7.836607,79.30453,0.1089999,8.703856,0.6479614,13.20279,6.902713
"2026-09-25 03:30:00",131,202609250300,202609250330,3123.324,386.137,512.7715,16.64319,11.07254,0.2272075,8.158625,2,1.688571,2,-0.03695185,2,-1.651876,2,-0.3646036,2,9.10975,146.1992,69.17937,43.72653,1,39.78498,-0.004146451,2,0.7172086,0.06226192,0.4452803,0.03153533,251.59,1.031824,2.082481,0.05389295,86.77272,151.9402,8.118837,88.49,8.279202,87.62598,8.252357,79.05858,0.1382472,9.265872,0.8914576,"NAN","NAN"
"2026-09-25 04:00:00",132,202609250330,202609250400,3053.156,289.8762,508.2188,20.63426,11.30597,0.4136691,-52.87774,2,-2.156649,2,-0.009834919,2,-0.4398494,2,2.025406,2,5.388032,67.82729,36.45047,24.45976,1,-36.362,-0.01040528,1,0.2823815,0.09855537,0.5789004,0.04355167,171.1445,0.9411361,1.518067,-0.05896622,86.76946,1496.922,7.497052,94.0683,7.815248,92.26253,7.743923,81.95412,0.08377314,8.821197,0.8796746,"NAN","NAN"
"2026-09-25 04:30:00",133,202609250400,202609250430,3069.025,748.5906,501.6081,23.08272,10.83699,0.3808857,3.21757,2,0.627911,2,0.1884792,2,8.424927,2,-0.6270491,2,5.162286,82.84774,39.20237,24.77882,1,648.9168,-0.01183109,2,1.079169,0.1051871,0.4594853,0.05045658,248.9864,1.241781,2.70144,0.003304167,86.76688,560.6251,8.155451,86.39378,8.372001,85.24518,8.312487,78.12228,0.1662955,9.337992,1.042806,12.25963,6.823494
"2026-09-25 05:00:00",134,202609250430,202609250500,3253.816,762.1505,534.0875,46.72946,10.23349,0.569249,404.7305,2,14.91641,2,-0.1528738,2,-6.843346,2,-12.66589,2,8.052984,129.2396,61.15431,38.65409,1,2.52026,-0.006160616,2,0.6311781,0.07568683,0.6369455,0.07744677,175.7769,1.087236,2.304231,0.8507574,86.76579,111.4351,6.680809,90.52055,6.842684,89.74087,7.126626,78.5303,0.1180806,7.749988,2.362419,11.9755,6.807669
"2026-09-25 05:30:00",135,202609250500,202609250530,3306.529,193.3551,559.1171,11.61133,9.942784,0.3133634,65.75648,2,2.480491,2,-0.1032214,2,-4.626689,2,-6.67354,2,9.043724,145.1396,68.67798,43.40961,1,2.919257,-0.004479862,2,0.3730347,0.06438284,0.3696989,0.0439618,216.8958,0.8200251,1.676727,0.7344778,86.76414,111.8688,5.189769,97.13981,5.474289,95.32169,5.4224,82.94866,0.04358989,6.35115,0.8283457,11.71234,6.803211
"2026-09-25 06:00:00",136,202609250530,202609250600,3936.672,1013.302,584.9968,35.31153,9.588655,0.355749,-67.79371,2,-5.440058,2,-0.00835895,2,-0.3748966,2,0.127707,2,1.368954,17.23309,9.261083,6.214568,1,-1477.853,-0.01758613,1,0.6871507,0.1274064,0.6291372,0.05268935,93.991,0.8395143,2.831202,-0.001450841,86.76894,1000,4.456832,97.96548,4.846402,96.02384,4.752683,83.29735,0.03571475,5.689945,0.9082516,11.44851,6.800277
"2026-09-25 06:30:00",137,202609250600,202609250630,3623.023,710.4339,585.8122,25.66326,9.555936,0.2716731,-110.9643,2,-2.64956,2,0.04898838,2,2.197311,2,2.604987,2,3.173207,39.94594,21.467,14.40524,1,-13.53681,-0.006709348,1,0.4666929,0.07867604,0.3064707,0.03046257,130.6591,0.5618354,1.465383,-0.1583925,86.78057,2048.773,4.399605,98.47997,4.752934,96.34789,4.609117,84.35329,0.03224754,5.593302,0.7086738,11.18609,6.772824
"2026-09-25 07:00:00",138,202609250630,202609250700,4142.461,1590.896,591.5698,56.50858,9.723286,0.3617782,-1215.84,2,-42.79063,2,0.1816825,2,8.146227,2,21.2078,2,2.436113,30.66702,16.4805,11.05909,1,-12.07105,-0.02469822,1,0.5114799,0.1510424,0.4714257,0.04475558,107.4262,0.7698667,1.647582,-0.1776258,86.79735,2097.632,5.043595,94.93697,5.128363,95.53361,5.032739,84.24566,0.04127878,5.984704,0.9870503,10.92332,6.759629
"2026-09-25 07:30:00",139,202609250700,202609250730,3806.968,679.0437,591.2484,34.27737,11.07019,0.9814589,140.2478,2,18.95551,2,-0.2782149,2,-12.45543,2,-9.449369,2,6.631144,106.4209,50.35686,31.82929,1,4.620242,-0.007809464,2,0.3984565,0.0851919,0.4511227,0.105655,218.8347,0.8522435,3.978136,0.464073,86.81324,113.7177,7.361832,93.12538,6.738945,96.97456,6.372823,85.26612,0.03048223,7.720461,1.4505,10.69658,6.757512
"2026-09-25 08:00:00",140,202609250730,202609250800,2697.955,278.407,518.7477,20.39687,12.0665,0.3382012,-72.48345,2,-6.631088,2,0.5940179,2,26.51806,2,17.42855,2,7.745246,97.50109,52.39721,35.16068,1,-8.27311,-0.01726255,0,0.4802426,0.1273502,0.3476211,0.1368184,195.0651,1.407367,3.612751,-0.2591685,86.82559,2224.23,10.40227,83.09917,9.725369,86.75558,9.163696,80.46502,0.1640553,10.80657,0.8617355,10.62602,6.740092
"2026-09-25 08:30:00",141,202609250800,202609250830,2216.938,26.54344,472.4518,4.535895,12.10591,0.4158893,13.02945,2,-5.786275,2,0.8186507,2,36.45466,2,29.75217,2,6.579455,82.82552,44.51054,29.8684,1,-4.239299,-0.01548548,0,0.3836427,0.1211725,0.4279129,0.1984804,181.6189,1.168673,3.822011,-0.5057746,86.83056,2358.69,12.98095,70.22012,12.34666,73.03453,11.58543,74.06049,0.3902043,13.44148,0.6876145,10.89054,6.763441
"2026-09-25 09:00:00",142,202609250830,202609250900,2174.611,22.49711,453.4502,7.232755,11.69163,0.5060548,-21.13648,2,-14.44445,1,0.9485112,1,42.17136,1,55.44402,1,5.08169,63.97089,34.37804,23.06908,1,-5.741565,-0.02806641,1,0.4545555,0.1635763,0.4475312,0.1950288,164.3651,1.229058,2.983935,-0.3734399,86.83813,2308.615,14.69112,60.75154,13.98006,63.4357,13.41772,68.29922,0.5886781,15.04326,0.7558382,11.51829,6.776169
"2026-09-25 09:30:00",143,202609250900,202609250930,2177.256,14.99814,444.9394,2.255856,11.57381,0.5060189,4.936527,1,-3.437913,0,1.767299,0,78.46678,0,72.55822,0,6.087277,76.62973,41.18092,27.63409,1,-2.626253,-0.02008385,0,0.4780944,0.1387171,0.475308,0.2020918,151.3773,1.26589,3.857721,-0.8164217,86.83665,2412.458,16.18289,54.58544,15.41938,57.15744,15.04202,64.33775,0.7555593,16.47719,0.8907776,12.45613,6.817327
"2026-09-25 10:00:00",144,202609250930,202609251000,2148.339,29.62159,437.2805,3.485802,11.57716,0.6124994,3.719296,1,-3.341379,0,2.145075,0,95.05375,0,101.2566,0,4.295256,54.07085,29.05775,19.49894,1,-3.736757,-0.0313473,0,0.4795788,0.1739063,0.5774282,0.2301262,166.791,1.181592,4.471611,-0.5737944,86.84331,2375.441,18.28223,47.86804,17.45412,50.26378,17.03672,60.94168,0.9992079,18.51969,0.9794421,13.66791,6.86198
"2026-09-25 10:30:00",145,202609251000,202609251030,2124.573,18.17544,431.6707,2.714353,11.85563,0.7661411,-9.631595,1,-5.82118,0,2.213022,0,97.94113,0,119.5162,0,5.041745,63.46804,34.10781,22.88774,1,-3.473902,-0.03304635,0,0.5963745,0.1789769,0.6682599,0.2257245,168.394,1.417409,3.511412,-0.6172107,86.83536,2384.203,19.35826,45.73774,18.7647,47.34649,18.39315,59.19576,1.147113,19.86099,0.9951052,15.08111,6.964987
"2026-09-25 11:00:00",146,202609251030,202609251100,2089.346,13.45582,425.377,3.506483,11.87876,0.7512341,-5.918136,2,-5.945236,0,3.289032,0,145.3664,0,159.1668,0,4.631261,58.30067,31.33085,21.02429,1,-3.907706,-0.04322195,1,0.6211008,0.2051963,0.9462975,0.2462772,186.1635,1.608397,3.715066,-0.5486927,86.81693,2369.743,20.58383,42.46488,20.15925,43.49664,19.90805,57.18413,1.34366,21.263,1.14565,16.62293,7.094351
"2026-09-25 11:30:00",147,202609251100,202609251130,2065.005,9.857768,423.0564,1.456603,11.88238,0.6187264,-2.847002,2,-2.248715,0,3.052736,0,134.7068,0,189.9977,0,2.2607,28.45884,15.29382,10.26278,1,-2.418043,-0.03484414,1,0.698248,0.1847872,0.7690396,0.2720493,142.888,1.027584,5.398226,-0.886721,86.79131,2419.398,22.86199,37.03196,21.81938,39.29263,21.90926,54.92492,1.599319,22.92972,1.213272,"NAN","NAN"
"2026-09-25 12:00:00",148,202609251130,202609251200,2103.523,49.64693,423.6773,1.870484,11.50135,0.6709459,-25.68007,2,-2.027391,0,3.657536,0,161.1839,0,160.0675,0,0.5203308,6.550189,3.52008,2.362118,1,-7.251557,-0.06512367,1,0.5672091,0.2532154,0.7740361,0.2961646,39.57571,0.8853507,2.269274,-0.2956785,86.7708,2258.281,24.2674,32.95489,23.17107,35.02765,23.46336,52.6688,1.855833,24.25045,1.019628,19.79683,7.350565
"2026-09-25 12:30:00",149,202609251200,202609251230,2226.57,217.9106,425.5412,2.792418,10.62435,1.045512,580.2777,0,7.564874,2,5.642026,0,248.3651,0,125.3458,0,8.531343,107.3969,57.71522,38.72929,1,-0.9906101,-0.0151828,2,1.008736,0.1225014,0.7220101,0.2908665,356.7177,1.73663,4.370491,-2.164454,86.73719,2466.98,25.20258,28.72466,24.3079,30.14345,24.73035,50.16189,2.132315,25.30853,0.8235254,21.28666,7.485196
"2026-09-25 13:00:00",150,202609251230,202609251300,2058.13,57.89289,418.2232,1.663138,9.653735,0.9430073,-31.78029,2,-3.075284,0,4.510069,0,198.345,0,169.3426,0,1.226676,15.44202,8.29856,5.568676,1,-6.620878,-0.06368171,0,0.7821214,0.2512814,1.199739,0.2937316,61.82477,1.375259,3.665742,-0.3238437,86.71909,2279.304,26.10249,24.73471,25.30046,25.81696,25.56893,47.77072,2.404625,26.21239,0.9906862,22.64948,7.618278
"2026-09-25 13:30:00",151,202609251300,202609251330,2016.385,25.25638,415.1857,1.724203,9.352891,1.048598,19.99238,1,-2.158101,0,6.18447,0,271.8188,0,181.1557,0,3.525271,44.3779,23.84874,16.00348,1,-3.112348,-0.04071119,1,0.9154857,0.2011444,1.349145,0.3012353,72.30301,1.682024,5.061825,-0.6889108,86.69019,2396.255,26.76483,23.03646,25.92092,24.07122,26.22743,46.74209,2.553247,26.80618,1.081042,23.99466,7.752508
"2026-09-25 14:00:00",152,202609251330,202609251400,2001.371,54.86438,413.8503,1.838561,8.666878,0.8183579,36.57973,0,-1.200731,0,3.993997,0,175.5487,0,114.9665,0,1.56505,19.70164,10.58769,7.104773,1,-0.8886774,-0.01305565,2,1.335258,0.1139067,0.7263511,0.2586413,235.9812,1.300416,4.817491,-2.41272,86.65969,2470.377,26.70454,21.4079,25.89042,22.36406,26.22855,45.5743,2.605197,26.71033,0.8750648,25.23258,7.875429
"2026-09-25 14:30:00",153,202609251400,202609251430,1994.673,60.12698,411.5985,3.068603,9.466449,1.16847,-14.33668,1,-3.81374,1,3.835462,1,168.6039,1,68.05086,1,6.333728,79.73219,42.84818,28.75289,1,-5.378435,-0.03166077,0,0.7394943,0.1774014,0.7361059,0.2102938,112.5427,1.745899,4.442693,-0.3986531,86.62605,2320.719,26.44006,23.74682,25.74735,24.65352,26.15062,46.69999,2.507665,26.64278,0.8403047,25.94659,7.969944
"2026-09-25 15:00:00",154,202609251430,202609251500,2455.457,621.1025,416.572,6.725202,9.850084,1.394437,234.5937,2,3.521462,2,1.182027,2,52.01435,2,-9.33618,2,7.392788,118.6443,56.14078,35.48516,1,8.171659,-0.007616948,1,0.4747849,0.08688434,0.994128,0.1139722,24.41776,1.24227,3.967501,0.2623861,86.58873,117.5779,25.06019,26.81969,24.68732,27.45293,25.00299,48.23716,2.26973,25.61559,0.4357746,26.16398,7.99656
"2026-09-25 15:30:00",155,202609251500,202609251530,2518.015,471.2215,415.5637,5.37825,10.78566,1.273188,598.8212,2,6.738452,2,2.005751,2,88.26995,2,-6.573135,2,8.889855,142.6702,67.5095,42.67104,1,161.1425,-0.01722049,2,0.9223347,0.1306607,0.7344608,0.1928213,331.2049,1.669051,5.27195,0.0133058,86.56303,268.1061,24.7777,29.8547,24.59249,30.25053,24.53968,50.11589,2.173609,25.60896,0.7975774,25.56213,7.977362
"2026-09-25 16:00:00",156,202609251530,202609251600,2126.903,189.9224,412.4186,2.498051,9.905595,1.022727,438.6877,0,4.279206,2,4.165737,0,182.9911,0,46.98849,0,6.20102,78.06158,41.95039,28.15044,1,-49.00308,-0.1130806,0,1.370802,0.3358195,1.603839,0.3523798,43.3443,3.337278,7.151167,-0.043755,86.56982,1490.805,27.06143,23.91039,26.488,24.67433,26.56405,47.30712,2.617019,27.42738,0.5460874,24.77787,7.942625
"2026-09-25 16:30:00",157,202609251600,202609251630,2036.432,76.62965,412.7059,1.194641,9.441483,0.9855326,174.9035,1,2.257813,1,4.919691,1,216.169,1,15.40815,1,8.015878,100.9079,54.22805,36.38926,1,-152.9027,-0.1514731,0,1.170121,0.3884654,1.185318,0.4068347,40.26938,4.451293,9.802938,-0.01402284,86.56474,1440.531,26.65266,23.34387,26.20921,23.92812,26.46821,46.69849,2.599695,27.1035,0.304755,24.31052,7.891321
"2026-09-25 17:00:00",158,202609251630,202609251700,2291.068,410.478,413.0408,4.25668,10.67376,1.23973,764.4454,0,10.79596,0,2.983882,0,131.2739,0,-15.74288,0,8.181387,131.3002,62.12939,39.27041,1,139.5794,-0.05809756,0,1.049841,0.2401476,0.5603203,0.2646286,12.09708,2.491565,5.901057,0.01536136,86.54549,255.5694,25.91365,27.6215,24.923,29.27125,25.46461,49.18379,2.242575,25.93007,0.3325367,24.01212,7.890529
"2026-09-25 17:30:00",159,202609251700,202609251730,2303.359,348.0051,414.6841,3.742349,10.51421,0.9030499,485.2607,0,8.132198,0,1.795978,0,79.04345,0,-24.1246,0,9.953999,159.7483,75.59059,47.7789,1,14.16804,-0.02364001,1,0.4406288,0.1531067,0.538028,0.1923905,351.5717,1.942962,3.985743,0.1513357,86.5153,124.0957,25.40433,28.00734,24.52337,29.49257,24.91748,49.38132,2.182018,25.51402,0.3739378,23.49447,7.813535
"2026-09-25 18:00:00",160,202609251730,202609251800,2258.448,230.7043,417.1113,3.194552,9.901797,0.5038171,243.8085,2,4.729779,2,0.6215547,2,27.38318,2,-26.5498,2,15.76427,252.9953,119.7138,75.66803,1,3.935546,-0.0120054,2,0.4003652,0.1089216,0.4462508,0.1405072,335.5926,2.150704,3.896192,0.5448112,86.48714,112.9734,23.93399,28.74412,23.47704,29.54898,23.82592,49.21417,2.047571,24.40651,0.5471548,22.86245,7.78625
"2026-09-25 18:30:00",161,202609251800,202609251830,2398.525,491.5949,420.8789,10.09519,9.922516,0.7034196,-16.38627,2,-2.400145,2,-0.7357675,2,-32.45257,2,19.94148,2,4.53122,57.04129,30.65406,20.57014,1,-48.80417,-0.05195727,1,0.6160974,0.2261642,1.176723,0.09639926,352.0538,1.880759,3.524257,-0.04393333,86.46461,1490.901,22.2598,31.97157,22.27669,32.05754,22.4385,50.40942,1.847399,23.20413,1.166585,22.14504,7.71924
"2026-09-25 19:00:00",162,202609251830,202609251900,2625.641,588.8468,426.8731,16.81437,9.431588,0.6753425,-96.91041,2,-2.246217,2,-0.02752628,2,-1.214949,2,5.742286,2,6.843678,86.15169,46.29803,31.06788,1,-41.82809,-0.0218113,2,0.8717884,0.1463557,0.8720357,0.08358268,351.1609,1.74273,3.109215,-0.05126052,86.44775,1494.277,21.55867,31.79054,21.5567,32.02635,21.74662,50.19663,1.780323,22.43584,1.702044,21.33443,7.638319
"2026-09-25 19:30:00",163,202609251900,202609251930,2939.026,829.5906,433.9768,17.98059,9.582595,0.82374,54.59134,2,0.2386739,2,-0.1923082,2,-8.500868,2,8.697517,2,7.464399,93.96564,50.49726,33.88573,1,-21.75023,-0.01810163,1,0.5366195,0.1329837,1.007057,0.07840023,16.75909,1.629213,5.527194,-0.09857964,86.44093,1774.992,20.04679,35.7828,19.99303,36.06203,20.46135,51.65812,1.53524,20.88134,2.058857,20.48446,7.571878
"2026-09-25 20:00:00",164,202609251930,202609252000,2604.781,435.8238,450.6496,8.19523,10.38718,0.306602,190.7415,2,4.2397,2,0.152554,2,6.764088,2,-9.460754,2,12.86896,206.5295,97.72679,61.77063,1,7.583981,-0.009695495,1,0.3688577,0.09681901,0.466986,0.05863405,341.4349,1.599437,2.521976,0.2827182,86.43614,116.9391,16.78117,46.82431,16.83446,46.7332,17.03273,57.37946,1.027846,17.78784,0.5894661,"NAN","NAN"
"2026-09-25 20:30:00",165,202609252000,202609252030,3556.327,635.0026,461.8967,15.51929,10.54722,0.552865,-315.9411,2,-5.872237,2,-0.2235295,2,-9.917177,2,10.35637,2,11.31945,142.4951,76.57702,51.38633,1,-11.16396,-0.01321923,1,0.4385667,0.1129251,0.6299832,0.05101213,351.8422,1.894644,2.670713,-0.1920582,86.44284,2127.868,16.27897,49.38181,16.19273,49.76218,16.37302,58.74699,0.9417841,17.15857,1.313796,18.89545,7.421834
"2026-09-25 21:00:00",166,202609252030,202609252100,4432.346,1280.923,481.5196,10.99976,10.83249,0.2750945,615.1264,2,8.440264,2,0.08746998,2,3.893193,2,-8.769961,2,21.55414,345.915,163.682,103.4593,1,1.274681,-0.002878949,2,0.4276425,0.0523976,0.6031789,0.07921311,35.62793,1.505718,3.339652,1.682091,86.43996,110.0812,12.91562,62.76469,12.84576,63.05558,13.33498,64.73621,0.5535365,13.82653,0.8012668,18.20134,7.347924
"2026-09-25 21:30:00",167,202609252100,202609252130,4518.819,1181.915,471.0748,17.34892,10.61052,0.2066634,-99.42793,2,-3.702212,2,0.01555502,2,0.6925732,2,1.413308,2,5.401479,67.99656,36.54144,24.52081,1,-37.95304,-0.008510313,2,0.5911239,0.09002661,0.5438287,0.08346415,39.79904,0.9083938,2.16892,-0.05649428,86.44306,1496.152,12.14833,64.47616,12.48949,63.20319,12.29081,66.38697,0.5377799,13.44887,0.6754057,17.56986,7.296533
"2026-09-25 22:00:00",168,202609252130,202609252200,3208.9,396.0721,463.7391,14.26253,10.16088,0.1388379,-170.8484,2,14.25598,2,0.03117928,2,1.387082,2,-21.36839,2,1.953721,31.3546,14.83654,9.377804,1,21.0093,-0.03423679,1,0.8589967,0.1808204,0.3666041,0.070292,103.0955,0.6316281,5.103446,0.1020562,86.4492,131.5319,12.55565,60.06527,13.35318,57.22641,12.62048,64.2816,0.6616015,14.27454,0.7837942,16.98693,7.243358
"2026-09-25 22:30:00",169,202609252200,202609252230,2232.96,340.7194,441.612,12.56832,10.27053,0.4076022,222.8772,2,8.537224,2,0.2482712,2,11.04571,2,-28.80227,2,9.724588,156.0665,73.84845,46.67773,1,3.60854,-0.01274931,2,0.9519722,0.1102938,1.576989,0.1726329,201.9528,2.040962,6.54906,0.5941821,86.50576,112.618,13.07032,59.05648,13.27807,58.49479,13.12843,63.8011,0.6477083,14.20904,1.346656,16.46581,7.197593
"2026-09-25 23:00:00",170,202609252230,202609252300,2222.103,189.9697,444.9947,4.525373,10.49189,0.2959538,22.83091,2,2.399194,2,0.1070676,2,4.761221,2,-26.76095,2,8.858265,142.1632,67.2696,42.51941,1,13.54285,-0.02950549,1,0.8509017,0.1679379,0.9374595,0.1082724,266.1207,2.136451,4.189194,0.1583219,86.50905,123.4161,13.56602,58.26058,13.7758,57.58587,13.51002,63.77228,0.6759501,14.72865,0.8957549,16.01543,7.126783
"2026-09-25 23:30:00",171,202609252300,202609252330,2176.034,59.32003,455.8272,5.596415,10.6109,0.3086611,12.86641,2,2.091881,2,-0.02313619,2,-1.031191,2,-4.06693,2,7.761689,124.5647,58.94221,37.25587,1,37.47594,-0.01698894,1,0.6809717,0.1268676,0.5829925,0.1107804,153.9821,1.353701,4.416291,0.05721351,86.56255,149.4304,11.34986,68.19966,11.40011,68.12086,11.68167,67.66962,0.4365119,12.35577,0.8724563,15.62557,7.123675
"2026-09-26 00:00:00",172,202609252330,202609260000,2881.126,1116.71,470.7282,26.17397,10.2973,0.232873,-333.794,2,-12.82279,2,0.06241209,2,2.780663,2,6.297895,2,0.6209943,7.817392,4.201076,2.819095,1,-39.9086,-0.02386034,1,0.6290442,0.1504271,0.6678666,0.1065598,77.9198,0.7997035,2.327051,-0.05372601,86.58736,1495.206,11.57162,65.14583,11.80457,64.3266,11.88216,66.31239,0.500187,12.73332,0.9124647,15.28649,7.066067
"2026-09-26 00:30:00",173,202609260000,202609260030,2746.196,447.2765,470.637,15.77048,10.3268,0.2388012,187.8124,2,9.432365,2,0.1363463,2,6.080995,2,-22.63685,2,8.148273,130.7688,61.87792,39.11147,1,8.340577,-0.0192514,0,0.6758839,0.1348405,0.7490192,0.1469641,15.43015,1.586051,3.132278,0.2570721,86.6151,117.7615,10.6546,69.48232,10.71623,69.40531,10.83283,68.71021,0.4011095,11.64408,1.034093,14.92855,7.050694
"2026-09-26 01:00:00",174,202609260030,202609260100,2090.886,255.9361,427.0146,11.02801,9.795844,0.2357941,-86.34036,2,-0.1255973,2,0.05731381,2,2.548837,2,9.356801,2,3.122683,39.30992,21.1252,14.17588,1,-72.64197,-0.04573406,0,0.5912392,0.2088787,0.819019,0.1460973,138.2976,1.264798,3.394863,-0.0295164,86.63786,1479.367,13.3456,55.29543,13.72147,54.13968,13.35344,62.2493,0.7309162,14.61068,1.160871,14.57989,6.996254
"2026-09-26 01:30:00",175,202609260100,202609260130,2991.024,600.3836,463.4618,17.10176,10.3056,0.2452638,-108.07,2,-2.273516,2,-0.04618428,2,-2.060094,2,3.267622,2,11.99121,150.9515,81.12152,54.43588,1,-10.23293,-0.005987687,0,0.4358013,0.07515988,1.166385,0.09218921,32.45331,1.675636,3.051314,-0.2095324,86.66122,2158.902,10.49156,70.38819,10.56781,70.16232,10.82992,68.78085,0.3912892,11.49318,1.290886,14.30985,6.975639
"2026-09-26 02:00:00",176,202609260130,202609260200,2506.199,399.0446,448.139,7.197912,10.40653,0.1254548,199.4047,2,2.625505,2,0.01693043,2,0.7542939,2,-4.643375,2,16.35412,262.4615,124.193,78.49928,1,5.795147,-0.005255647,1,0.4007179,0.07055926,0.3988288,0.08597247,338.1767,1.470737,2.667109,0.3699871,86.69483,114.9947,11.6703,65.51751,11.82148,64.99362,11.65402,67.35403,0.4906434,12.76015,0.792459,14.03885,6.964044
"2026-09-26 02:30:00",177,202609260200,202609260230,2497.362,553.7853,452.0774,10.68286,10.3842,0.254844,-1.170501,2,1.099152,2,0.009531329,2,0.424607,2,-6.72388,2,5.824006,93.46745,44.22746,27.95505,1,36.4039,-0.02298716,1,0.7276803,0.14757,0.8388283,0.07969198,278.932,1.440906,3.006878,0.05889835,86.71674,148.2651,11.80903,64.83336,11.91508,64.51478,11.94237,66.4807,0.5011138,12.85198,0.8066321,13.78065,6.902123
"2026-09-26 03:00:00",178,202609260230,202609260300,2155.689,351.9918,450.1472,7.681727,10.08611,0.1837955,-74.49647,2,-2.14221,2,-0.0731038,2,-3.256049,2,2.482755,2,9.367597,117.9241,63.37254,42.52559,1,-21.57693,-0.007926522,1,0.4433127,0.08666972,0.4572735,0.0414394,334.3047,1.214244,1.952275,-0.0993714,86.73972,1780.769,11.76567,63.09833,12.11407,61.74658,11.79337,65.90143,0.5439873,13.02464,0.4614601,"NAN","NAN"
"2026-09-26 03:30:00",179,202609260300,202609260330,2288.511,475.2331,469.0333,19.67441,10.10449,0.1322667,36.6569,2,-3.835569,2,0.003496956,2,0.1559624,2,5.136846,2,13.15922,165.6549,89.02316,59.7382,1,-5.377949,-0.005412642,1,0.3948878,0.07144144,0.3203482,0.06118192,353.6623,1.34885,2.576329,-0.3986891,86.7465,2320.735,10.6772,68.00433,10.71993,67.922,10.91731,67.63942,0.4182788,11.62772,0.8078032,13.35709,6.897478
"2026-09-26 04:00:00",180,202609260330,202609260400,2273.675,365.5084,464.0579,10.77952,10.19628,0.1455464,198.5536,2,0.4707133,2,0.04077056,2,1.819059,2,-1.426548,2,11.69335,187.6626,88.79924,56.12775,1,61.26702,-0.01107765,1,0.3889102,0.1021183,0.4438088,0.08304116,330.9784,1.548478,2.654947,0.03499648,86.77051,175.2902,10.04167,71.56944,10.30962,70.4041,10.14648,70.02011,0.3743558,11.22432,0.5815126,13.09457,6.837079
"2026-09-26 04:30:00",181,202609260400,202609260430,2476.544,606.9769,462.4971,10.84222,9.980051,0.1245243,219.9481,2,3.755845,2,0.06194212,2,2.764338,2,-5.861084,2,18.44319,295.9883,140.0574,88.52675,1,1.739206,-0.002736853,2,0.3094669,0.05072464,0.2302885,0.07734077,341.3749,1.168046,2.555303,1.232821,86.80035,110.5861,9.898699,70.75336,10.05617,70.09186,10.06814,69.32989,0.3714586,10.95064,0.5097267,12.86917,6.832177
"2026-09-26 05:00:00",182,202609260430,202609260500,2493.635,678.6756,466.0135,17.45951,9.954391,0.133775,15.20818,2,-16.42048,2,-0.1377221,2,-6.147258,2,33.48053,2,1.284521,16.1702,8.689885,5.83127,1,-18.87523,-0.04339657,2,0.8290339,0.201901,0.5717949,0.06590254,42.78159,1.021356,1.666266,-0.1135949,86.81831,1870.826,9.822495,71.03608,9.881293,70.86826,10.03309,69.1696,0.3602977,10.77288,0.8691485,12.66957,6.827383
"2026-09-26 05:30:00",183,202609260500,202609260530,2606.714,155.0253,496.5804,6.224368,10.20793,0.07660943,3.408901,2,0.754317,2,-0.02390816,2,-1.069205,2,-3.039761,2,7.728271,124.0283,58.68843,37.09547,1,5.423819,-0.003924841,2,0.543749,0.06049802,0.3078357,0.04979444,178.1402,0.7255466,1.671255,0.3953173,86.83716,114.5911,7.65934,84.22272,7.860091,83.12763,7.99706,75.09065,0.1802318,8.767972,0.2537024,12.48623,6.812582
"2026-09-26 06:00:00",184,202609260530,202609260600,3990.665,2577.442,512.9064,50.76771,10.23522,0.1097373,-1136.183,2,-24.43677,2,-0.0395622,2,-1.768372,2,7.494123,2,3.099835,39.02229,20.97063,14.07215,1,-2.200684,-0.003830084,1,0.2641524,0.0598207,0.2347138,0.02752391,95.59052,0.3919402,0.9691057,-0.9743016,86.83617,2426.644,7.944171,82.76517,8.395211,80.44212,8.150773,74.78745,0.2179089,9.30728,0.5309235,12.31301,6.807836
"2026-09-26 06:30:00",185,202609260600,202609260630,3169.964,715.3005,495.7102,23.66318,10.49805,0.08981852,99.32513,2,4.570711,2,0.008433244,2,0.3770319,2,-6.046788,2,5.963865,95.71201,45.28955,28.62637,1,7.804983,-0.007778262,1,0.4943223,0.08520534,0.6178418,0.06251588,203.1154,0.8753883,2.771446,0.2747129,86.8662,117.1793,7.784004,85.8587,8.177301,83.74876,7.969687,76.6021,0.1787366,9.112173,0.6299132,12.14997,6.80877
"2026-09-26 07:00:00",186,202609260630,202609260700,2493.114,88.70708,489.9843,4.305246,10.48567,0.04956273,-3.158551,2,1.141066,2,0.0144674,2,0.6465616,2,-3.87957,2,21.42909,343.908,162.7323,102.859,1,2.374031,-0.002602991,2,0.3578222,0.04931531,0.1866923,0.04119476,237.2824,1.307493,2.843745,0.9031599,86.90034,111.2761,8.29666,82.88474,8.573274,81.41497,8.26419,76.11488,0.2084792,9.50836,0.2982705,11.97268,6.800866
"2026-09-26 07:30:00",187,202609260700,202609260730,2402.945,165.3033,472.1333,11.65506,11.22031,0.3691009,-74.90907,2,-5.877892,2,0.5565078,2,24.82693,2,15.08527,2,13.11122,165.0507,88.69843,59.5203,1,-2.177934,-0.006460462,1,0.347637,0.0779398,0.2071325,0.119636,235.1965,1.424475,3.049339,-0.9844789,86.94016,2427.402,10.67947,75.78702,10.42581,77.00791,10.12433,74.26673,0.2948527,11.43336,0.988299,11.81865,6.77324
"2026-09-26 08:00:00",188,202609260730,202609260800,2178.688,44.41306,444.4256,4.057777,11.25281,0.4441409,11.98849,2,-1.137687,2,1.200478,2,53.42652,2,25.51402,2,6.918936,87.09908,46.80716,31.40953,1,-4.359001,-0.01468051,0,0.4118623,0.1179885,0.7800373,0.1671629,197.4356,1.363543,2.939504,-0.4918856,86.97533,2354.7,13.52813,63.12951,12.9519,65.3801,12.62277,68.38821,0.5212256,13.97133,0.7325746,11.85348,6.766047
"2026-09-26 08:30:00",189,202609260800,202609260830,2212.112,34.90772,440.7574,2.404658,11.15663,0.3996368,2.960789,2,-4.028484,0,1.103113,0,49.06192,0,40.37391,0,7.540781,94.92718,51.01398,34.23248,1,-1.614213,-0.009938549,0,0.461148,0.09718351,0.2774415,0.1605217,125.8111,1.063778,2.320839,-1.328282,86.99075,2446.193,14.43985,58.99574,13.62132,62.00488,13.56467,65.88648,0.5954886,14.6344,0.4848244,12.24137,6.798028
"2026-09-26 09:00:00",190,202609260830,202609260900,2210.163,74.06968,432.7332,5.418414,11.17109,0.5129513,52.76369,1,-0.8205968,1,1.91346,0,85.06077,0,79.74021,0,7.819464,98.43539,52.8993,35.4976,1,-2.233835,-0.0192894,1,0.5246916,0.1354994,0.5179635,0.2212031,106.0338,1.563633,3.392905,-0.9598425,87.00824,2425.539,14.69771,58.01559,14.13651,60.02532,14.07522,64.79002,0.647649,15.15275,0.6058002,12.90357,6.820255
"2026-09-26 09:30:00",191,202609260900,202609260930,2132.802,23.57251,428.6737,1.597836,10.65839,0.4230883,-15.05733,1,-3.001921,0,1.673255,0,74.3291,0,80.98532,0,12.14923,152.9407,82.19052,55.15322,1,-0.179305,-0.003598608,1,0.4647174,0.05859632,0.548889,0.2190081,79.39044,1.128955,5.713935,-11.958,87.00853,2494.023,15.54819,52.42563,14.88884,54.55989,14.89992,61.86486,0.7728877,15.8608,0.5860505,13.75642,6.846975
"2026-09-26 10:00:00",192,202609260930,202609261000,2148.337,26.18949,428.9793,1.000941,10.82683,0.3652356,-1.841622,2,-1.34893,0,1.436064,0,63.77039,0,60.74863,0,4.99004,62.81715,33.75801,22.65302,1,-3.810098,-0.02287563,0,0.4306287,0.1478369,0.4716696,0.1911397,68.94455,1.126206,3.113818,-0.5627493,87.00642,2372.997,15.71384,52.68426,15.25242,54.14771,15.32389,61.61965,0.7983512,16.24101,0.5342573,14.69642,6.91864
"2026-09-26 10:30:00",193,202609261000,202609261030,2149.157,21.09404,426.9427,1.683629,11.03341,0.3502239,-7.539036,0,-2.839329,0,1.175311,0,52.17867,0,38.54841,0,5.36047,67.48032,36.26401,24.33464,1,-1.239409,-0.008072697,0,0.3376885,0.08787401,0.3852285,0.1598192,83.08157,0.7677605,1.86973,-1.729962,86.98734,2458.686,15.86016,53.13183,15.50498,54.27466,15.43903,62.11565,0.8087987,16.5134,0.464106,15.41175,6.985208
"2026-09-26 11:00:00",194,202609261030,202609261100,2101.366,26.84337,424.2747,2.323667,11.18284,0.422197,2.431517,1,-2.405164,0,1.437942,0,63.74617,0,90.45012,0,3.197719,40.25451,21.63282,14.51652,1,-2.771595,-0.02366422,0,0.5169883,0.150851,0.4274467,0.214748,135.5383,0.8336791,3.020046,-0.7736086,86.98266,2407.614,17.679,48.10891,17.00879,50.0361,16.79497,60.34923,0.9757047,18.03627,0.8787453,15.89585,7.015146
"2026-09-26 11:30:00",195,202609261100,202609261130,2049.351,15.11253,418.065,2.324704,10.90684,0.6532448,11.45592,1,-2.953185,0,3.306056,0,146.3512,0,166.1629,0,2.560251,32.22974,17.3203,11.62264,1,-2.120897,-0.02975756,1,0.8993865,0.1695829,0.5932405,0.2660534,229.2699,1.064415,4.220919,-1.010954,86.98866,2429.303,19.83086,41.04499,18.50891,44.32835,18.77381,56.47104,1.193803,19.51626,1.063997,16.66922,7.089978
"2026-09-26 12:00:00",196,202609261130,202609261200,2031.943,14.36045,419.7101,1.418189,10.79025,0.7716167,17.88276,2,-3.684443,0,4.184306,0,184.948,0,215.9706,0,1.484767,18.691,10.04457,6.740317,1,-1.976845,-0.0336131,2,0.7601637,0.180726,0.9393185,0.2929081,8.910614,1.120941,3.361844,-1.084622,86.97989,2434.105,21.16691,37.36323,20.08636,39.7526,20.35348,54.36145,1.426011,21.08825,1.17828,18.06019,7.187023
"2026-09-26 12:30:00",197,202609261200,202609261230,2011.446,7.940939,420.5661,2.111399,10.7591,0.6939215,7.657298,1,-1.918335,0,4.278502,0,188.8594,0,230.1691,0,1.534261,19.31405,10.3794,6.965003,1,-5.208958,-0.06650772,1,0.9123065,0.2548431,0.9703357,0.3081539,168.7118,1.304352,3.940782,-0.4116235,86.95911,2326.368,22.25481,34.79953,21.46977,36.38836,21.52144,53.02831,1.640211,22.47353,1.298004,19.79742,7.331575
"2026-09-26 13:00:00",198,202609261230,202609261300,2016.806,50.96455,415.0958,1.846454,10.96991,0.7417936,78.81675,0,-0.3455538,0,4.679729,0,206.3903,0,259.1971,0,3.029588,38.13799,20.49541,13.75326,1,-7.359408,-0.09026758,0,1.044562,0.2974019,0.7573667,0.3140083,247.1935,1.552571,4.836898,-0.2913454,86.93516,2254.686,23.11395,33.67559,22.37177,35.1031,22.57057,52.26539,1.767939,23.39844,1.312153,21.53421,7.478901
"2026-09-26 13:30:00",199,202609261300,202609261330,2011.084,23.75358,414.4942,1.803571,11.16444,0.7328512,67.60506,1,1.71282,1,3.357769,0,148.0542,0,139.1955,0,1.176296,14.80781,7.957738,5.33997,1,-25.64397,-0.1383671,1,1.049189,0.368465,0.979824,0.308885,200.9549,1.431307,4.485753,-0.08361145,86.89062,1645.201,23.30764,33.8478,22.60688,35.19672,22.80674,52.46618,1.787242,23.65261,0.9583708,23.13685,7.622573
"2026-09-26 14:00:00",200,202609261330,202609261400,2016.797,40.24052,414.2656,1.354358,11.02214,0.7012653,26.69416,1,-1.082466,0,3.732112,0,164.4593,0,137.3709,0,1.815689,22.85681,12.28328,8.242585,1,-6.844,-0.057036,0,0.9460699,0.2368334,1.030439,0.2679701,348.2553,1.305597,4.979687,-0.313286,86.87642,2271.867,24.50045,31.15942,23.24066,33.42715,23.7988,51.2694,1.90743,24.27514,0.941299,24.30811,7.737953
"2026-09-26 14:30:00",201,202609261400,202609261430,2001.639,20.95937,412.1434,2.484168,11.44527,0.9317066,38.14994,1,-0.1565493,1,1.925707,1,84.91579,1,51.55505,1,2.354927,29.64502,15.93127,10.69054,1,-21.9072,-0.06568329,1,0.9536968,0.2539285,0.9974581,0.2076149,144.7093,1.495423,5.68861,-0.0978733,86.83868,1769.76,23.03878,35.31069,22.53905,36.29668,22.92641,52.70956,1.750433,23.61073,0.6627653,25.16847,7.834091
"2026-09-26 15:00:00",202,202609261430,202609261500,1985.127,6.89328,411.1346,1.68769,11.01348,0.755199,3.223254,0,-3.09906,0,2.623145,0,115.5069,0,103.816,0,3.945065,49.66248,26.68868,17.9092,1,-5.101052,-0.03867299,0,0.5257315,0.195325,0.652788,0.2082749,185.4529,1.251283,3.162852,-0.4203309,86.82378,2329.965,24.74872,30.6295,23.99851,31.91676,23.71369,51.46115,2.04256,25.03483,0.9312512,25.27819,7.840542
"2026-09-26 15:30:00",203,202609261500,202609261530,1999.839,56.47736,412.6699,1.182474,10.35608,0.7708521,-5.389399,2,0.6927781,0,3.256041,0,143.2673,0,100.4491,0,2.727695,34.3376,18.45307,12.38277,1,-16.0102,-0.08192295,1,0.9747674,0.2846293,1.239477,0.2685646,78.78885,1.59753,6.144664,-0.1339227,86.82106,1966.327,25.96589,26.80857,24.77928,28.63392,25.01116,49.14256,2.24233,25.75601,0.8305871,25.44662,7.913517
"2026-09-26 16:00:00",204,202609261530,202609261600,2096.595,150.2248,413.6137,1.71488,9.971807,0.7441375,394.8294,0,5.77217,0,3.366555,0,148.1024,0,66.46142,0,8.393102,105.6566,56.78,38.10172,1,-13.52723,-0.05726882,0,0.7741557,0.2380604,0.8653929,0.2701042,62.46579,2.895037,6.041016,-0.1585047,86.80433,2049.092,25.54908,26.39089,24.97148,27.22496,25.26326,48.36849,2.310213,25.91241,0.5607085,25.54076,7.910521
"2026-09-26 16:30:00",205,202609261600,202609261630,2182.529,207.3658,414.4478,2.345034,10.22686,0.6562161,329.9449,0,5.459757,0,2.265391,0,99.66907,0,30.51648,0,7.880106,99.19878,53.30955,35.7729,1,-22.6436,-0.04986578,0,0.6721247,0.2221396,0.6497756,0.2500818,65.8837,2.509499,4.744626,-0.09469033,86.786,1745.213,25.52043,27.11621,24.87461,28.10077,25.17491,48.81408,2.269197,25.83936,0.3472844,25.14267,7.90562
"2026-09-26 17:00:00",206,202609261630,202609261700,2215.992,269.1495,414.3638,4.551649,10.95534,0.7871997,447.1946,2,7.509009,2,1.855442,2,81.6931,2,-0.7753861,2,8.896899,111.9987,60.18823,40.38878,1,-157.1414,-0.04365981,0,0.5935369,0.2076432,0.4816936,0.2428294,40.15649,2.592167,4.999537,-0.01364459,86.76664,1438.48,24.73704,30.44561,24.1118,31.55386,24.49016,50.57225,2.065366,25.14278,0.2711456,24.56572,7.850979
"2026-09-26 17:30:00",207,202609261700,202609261730,2403.565,320.726,417.4966,4.255318,11.72054,0.6136973,339.5028,2,5.766415,2,1.001906,2,44.16167,2,-4.863989,2,10.10973,162.2475,76.77321,48.52641,1,70.43544,-0.01593976,0,0.3335565,0.1252531,0.3024466,0.1442421,29.12634,1.592689,3.192023,0.03044106,86.74841,185.2559,23.8801,34.29854,22.96739,36.16188,23.45375,52.78824,1.798524,24.06656,0.3933659,23.83079,7.806292
"2026-09-26 18:00:00",208,202609261730,202609261800,3120.942,845.6444,428.6845,15.20445,12.19719,0.6172744,108.9487,2,1.438858,2,0.02998923,2,1.323214,2,-0.5334697,2,10.69874,171.7004,81.24616,51.35364,1,4.84927,-0.0009583785,2,0.3794036,0.03066204,0.3286684,0.04174692,62.80975,0.5736656,1.429121,0.4421552,86.73763,113.9666,23.06706,37.54992,21.90399,40.17944,22.57492,54.34924,1.581607,23.04386,0.4904703,23.03852,7.732058
"2026-09-26 18:30:00",209,202609261800,202609261830,2298.864,140.0809,414.8233,8.095137,11.1962,0.5400354,34.68573,2,1.218695,2,0.2223707,2,9.820607,2,-1.091907,2,17.25587,276.9335,131.041,82.82767,1,22.87656,-0.002845212,2,0.276264,0.05274319,0.5719895,0.06406849,226.5222,1.246646,3.875918,0.09372605,86.71458,133.5615,21.12251,38.68524,20.95928,39.14315,21.30058,53.93132,1.523774,22.00185,1.05622,22.16901,7.649662
"2026-09-26 19:00:00",210,202609261830,202609261900,2548.109,716.9905,432.4,21.12774,11.49326,0.3871795,-196.1037,2,-7.066053,2,-0.03316347,2,-1.468382,2,9.035284,2,9.148585,115.167,61.8909,41.53135,1,-2.584824,-0.004671792,1,0.445754,0.06728194,0.4237344,0.04890491,217.0181,0.9874972,2.141293,-0.8295072,86.71235,2413.839,18.55042,46.6405,18.28695,47.48304,19.05015,56.91674,1.117153,19.34754,1.106367,21.24836,7.576272
"2026-09-26 19:30:00",211,202609261900,202609261930,2613.423,610.3438,458.2148,28.63466,11.4523,0.3652709,-352.6714,2,-15.73737,2,-0.3103519,2,-13.75843,2,7.009291,2,2.674269,33.66506,18.09164,12.14024,1,-33.59035,-0.02026214,2,0.7619461,0.1398006,0.2227713,0.05961262,243.1635,0.8189486,2.167588,-0.06383172,86.7238,1498.263,16.71241,52.02082,17.00454,51.32523,17.03655,60.04531,0.9570755,18.05676,1.204382,20.3353,7.49284
"2026-09-26 20:00:00",212,202609261930,202609262000,2177.088,316.0089,445.9174,27.08533,11.04146,0.5310876,-71.96761,2,-5.010029,2,-0.1499967,2,-6.655317,2,11.21055,2,6.642913,83.62435,44.93983,30.15648,1,-14.92783,-0.01719529,1,0.7464937,0.1285672,0.616904,0.1100618,180.1565,1.323499,6.544788,-0.143633,86.73795,2002.406,15.95876,52.8463,16.11155,52.64494,16.22224,60.36414,0.8882163,17.12255,1.528154,19.48447,7.411517
"2026-09-26 20:30:00",213,202609262000,202609262030,2189.215,413.8178,439.1814,8.065502,11.05113,0.1191729,-178.3573,2,0.5747088,2,0.215452,2,9.57911,2,28.55596,2,1.107706,13.94436,7.493717,5.028593,1,-40.1652,-0.0649007,2,0.548252,0.2488126,1.072463,0.1431435,298.2899,1.1322,2.650939,-0.05338277,86.76895,1495.081,13.96595,59.9543,13.98128,59.9393,14.31477,63.56115,0.6457611,14.98595,0.878413,18.71731,7.353186
"2026-09-26 21:00:00",214,202609262030,202609262100,2314.115,524.1385,429.3469,12.23679,10.49423,0.297294,30.84808,2,3.681499,2,0.3408234,2,15.15569,2,-14.57957,2,1.737095,27.87803,13.19148,8.338002,1,31.06474,-0.03306874,1,0.8095974,0.1775004,0.9657055,0.1296755,336.7462,1.182509,3.108902,0.06902134,86.8009,142.4617,13.36885,59.10481,13.80876,57.712,13.46897,63.67261,0.6767874,14.76195,1.019746,18.03867,7.278278
"2026-09-26 21:30:00",215,202609262100,202609262130,2231.963,576.8893,432.1478,15.26918,10.24968,0.2288277,-49.06112,2,-10.68647,2,-0.1797948,2,-7.998985,2,28.1124,2,1.961718,24.6951,13.27118,8.905507,1,-16.65187,-0.03495083,2,0.3315718,0.1822919,1.202876,0.07129795,86.26324,1.212369,3.040951,-0.1287621,86.81953,1944.938,13.37398,57.91477,13.30059,58.30497,13.59263,62.57,0.6465232,14.22983,1.078171,17.42118,7.216693
"2026-09-26 22:00:00",216,202609262130,202609262200,3091.328,683.2718,483.2785,14.83805,11.12551,0.1454331,228.5442,2,2.803056,2,-0.02545772,2,-1.135472,2,-3.298938,2,14.72335,236.29,111.809,70.67166,1,8.125016,-0.005368887,2,0.3887953,0.07112391,0.338811,0.06700502,356.2061,1.333833,2.366307,0.2638924,86.82935,117.5272,10.59126,75.36558,10.65478,75.09792,10.93238,71.04822,0.3223599,11.65452,0.5723285,16.86631,7.166126
"2026-09-26 22:30:00",217,202609262200,202609262230,2876.265,770.5978,473.7431,15.3477,11.22351,0.1094561,-75.55347,2,1.396933,2,0.01434379,2,0.6393924,2,-3.796926,2,19.59112,314.4111,148.7748,94.0368,1,5.149168,-0.004254813,2,0.4240123,0.06338278,0.2576289,0.05798382,358.7052,1.544131,2.683352,0.4164031,86.83604,114.2926,11.00444,73.90767,11.2651,72.76662,11.07183,71.36855,0.3673314,12.27588,0.6423452,16.3554,7.128603
"2026-09-26 23:00:00",218,202609262230,202609262300,2394.767,266.6849,464.5262,8.971183,11.1746,0.1414375,61.85349,2,3.599281,2,-0.01529306,2,-0.6818387,2,-7.298033,2,27.30736,438.2464,207.3719,131.0745,1,2.096139,-0.003652971,2,0.3126822,0.05871015,0.2229279,0.0788199,4.542999,1.975241,2.952647,1.022895,86.8291,110.9741,10.9498,73.91016,11.06338,73.44698,11.08909,71.16998,0.3540364,12.06897,0.7035331,15.87997,7.072692
"2026-09-26 23:30:00",219,202609262300,202609262330,2412.903,431.0624,467.1558,11.19036,11.03545,0.1287501,65.60793,2,2.535302,2,-0.007106496,2,-0.3168738,2,-1.525249,2,17.39348,279.1419,132.086,83.48818,1,19.58015,-0.005734253,1,0.2862317,0.07354032,0.3444198,0.06834308,0.8738098,1.60901,2.581239,0.1095053,86.83378,129.9784,10.76639,73.8295,10.95835,72.99888,10.87409,71.18549,0.3564544,11.95103,0.5845679,15.45402,7.046185
"2026-09-27 00:00:00",220,202609262330,202609270000,2902.395,817.3938,476.5744,23.79776,10.86976,0.1454541,1096.79,2,40.30729,2,-0.1039529,2,-4.639843,2,-95.23975,2,1.985325,31.8618,15.07655,9.529502,1,9.499564,-0.05559287,1,0.9260333,0.2285457,0.7303838,0.08855403,90.0202,1.217991,2.809595,0.2257082,86.8325,119.0213,9.902747,77.5288,9.90755,77.7084,10.10478,72.27474,0.2895805,10.88166,1.887733,15.06929,6.979701
"2026-09-27 00:30:00",221,202609270000,202609270030,2964.988,647.5198,484.6019,17.16238,10.8145,0.1185286,-85.36598,2,1.338843,2,-0.004131878,2,-0.1845953,2,-5.944631,2,4.98219,79.95744,37.83472,23.91436,1,7.64419,-0.00758902,2,0.6389545,0.08429783,0.5920658,0.06157045,215.5116,0.9251331,2.098028,0.2804914,86.82778,117.0046,8.502948,84.24747,8.926683,82.07516,8.572478,76.19662,0.2099929,9.892465,1.030201,14.71571,6.970469
"2026-09-27 01:00:00",222,202609270030,202609270100,2689.036,280.2809,470.8622,15.90704,10.90106,0.06633663,41.58619,2,6.514983,2,0.001580498,2,0.07053404,2,-13.53688,2,2.056629,33.00612,15.61802,9.871757,1,12.61554,-0.01824403,2,0.7286288,0.1309665,0.9280781,0.05521506,226.0092,1.077573,2.413041,0.1699594,86.82774,122.4082,9.655758,78.53134,10.057,76.68085,9.789654,73.47037,0.2926192,11.03441,0.9100366,14.3907,6.905237
"2026-09-27 01:30:00",223,202609270100,202609270130,3181.305,716.1129,488.1895,18.58983,10.98118,0.1096366,129.89,2,2.370603,2,-0.0276694,2,-1.235642,2,-1.406931,2,13.05991,209.594,99.17689,62.6872,1,6.435283,-0.002669174,2,0.2297423,0.0500331,0.5777785,0.02908071,33.83575,0.9855088,1.578733,0.3331835,86.82965,115.6905,9.151996,81.91354,9.361938,80.85887,9.33753,74.75352,0.2283972,10.34414,0.6943697,"NAN","NAN"
"2026-09-27 02:00:00",224,202609270130,202609270200,3442.395,880.0856,482.6441,22.69204,11.17201,0.1170009,21.13017,2,2.048915,2,0.01122574,2,0.5010812,2,-1.664042,2,14.90091,239.1395,113.1574,71.52393,1,3.13075,-0.001761551,2,0.3137161,0.04068122,0.2339142,0.0285424,2.140961,0.8023186,1.571698,0.6848614,86.83332,112.0986,9.430022,81.68985,9.844124,79.61449,9.512673,75.00429,0.2502128,10.84519,0.5333285,13.83682,6.868158
"2026-09-27 02:30:00",225,202609270200,202609270230,3079.847,347.4646,464.5259,15.50913,10.93328,0.1841831,-101.9575,2,-4.184946,2,-0.04594396,2,-2.050017,2,2.500407,2,10.17362,128.0707,68.82536,46.18465,1,-2.099103,-0.001731241,1,0.2110667,0.04035935,0.5878102,0.03877842,186.4301,0.8027099,1.625971,-1.021451,86.81902,2430.03,9.766379,78.14942,10.23959,75.88444,9.96907,73.2332,0.3040168,11.22054,0.595603,13.57979,6.834324
"2026-09-27 03:00:00",226,202609270230,202609270300,4761.329,2531.573,535.6456,65.56277,11.0028,0.2071877,-143.3311,2,-0.2255218,2,0.04411305,2,1.971779,2,-3.386281,2,2.316233,37.17243,17.58946,11.11785,1,15.76338,-0.008260618,1,0.3471366,0.08787566,0.4619114,0.03822042,306.1885,0.5554166,1.556948,0.1360197,86.81644,125.8298,8.472067,85.99131,8.400023,86.51334,8.802787,76.03742,0.1529493,9.380869,0.8875191,13.34587,6.834284
"2026-09-27 03:30:00",227,202609270300,202609270330,3909.707,1700.942,514.1649,60.24594,11.10625,0.1656865,-625.6571,2,-21.01472,2,-0.08215268,2,-3.672002,2,7.359984,2,3.927936,49.44684,26.57279,17.83144,1,-3.883167,-0.005464391,1,0.3636963,0.07147119,0.3382757,0.04046831,137.7654,0.5671726,1.320025,-0.55216,86.8285,2370.561,8.136886,88.69326,8.424234,87.14159,8.39232,77.77622,0.1450139,9.414407,0.7103217,13.13689,6.823091
"2026-09-27 04:00:00",228,202609270330,202609270400,3220.839,1126.255,528.0842,33.46306,11.05238,0.0744803,98.44744,2,5.351971,2,-0.0004281989,2,-0.01914654,2,-3.100137,2,5.332549,85.58023,40.49534,25.59608,1,6.533576,-0.004437481,1,0.3352539,0.06435845,0.2594296,0.03491268,168.0631,0.5359757,1.173916,0.328171,86.83411,115.7974,7.764277,90.52062,8.029187,89.02693,8.060093,78.48093,0.1197721,9.013148,0.5303411,12.95064,6.808177
"2026-09-27 04:30:00",229,202609270400,202609270430,4247.801,1390.195,582.9434,32.64037,10.98591,0.05837073,-380.3161,2,-6.45463,2,0.009466059,2,0.4234812,2,3.036282,2,3.320291,41.79751,22.46203,15.07295,1,-13.37858,-0.007107132,2,0.4237665,0.08136932,0.3784145,0.03926439,98.4223,0.6083613,1.321871,-0.1602659,86.83701,2054.047,7.244091,93.21804,7.496875,91.71835,7.458377,80.2818,0.0867449,8.473068,0.3949128,12.77577,6.804201
"2026-09-27 05:00:00",230,202609270430,202609270500,3575.321,559.2612,557.0425,20.70521,11.1072,0.1233343,15.73242,2,6.44281,2,-0.01701778,2,-0.761139,2,-3.047033,2,13.40935,215.202,101.8305,64.36447,1,5.84223,-0.004113955,1,0.3102109,0.06193302,0.3193374,0.04084627,317.8835,1.063746,2.117447,0.3670053,86.84715,115.0459,7.379483,93.35971,7.748026,91.16417,7.430003,81.54531,0.0940665,8.735903,0.372214,12.6014,6.771237
"2026-09-27 05:30:00",231,202609270500,202609270530,3392.267,565.8156,537.5792,40.42356,11.11066,0.2539234,66.15453,2,1.896456,2,-0.003770382,2,-0.1686464,2,-0.06888201,2,8.025493,128.7983,60.94553,38.52213,1,680.709,-0.008493923,1,0.2714029,0.08897813,0.4088078,0.03770294,353.1164,0.9972712,1.630046,0.003149848,86.849,582.3016,7.513936,92.58331,7.673853,91.7027,7.683764,80.77791,0.089598,8.661787,0.8588648,12.38665,6.76251
"2026-09-27 06:00:00",232,202609270530,202609270600,4123.508,653.7869,555.9219,28.60711,10.82937,0.1561246,77.80068,2,0.5147548,2,0.03198831,2,1.432101,2,1.794604,2,10.07601,126.842,68.16503,45.74154,1,-6.191239,-0.003078545,0,0.298837,0.05347421,0.2550908,0.02720528,36.61877,0.7810935,1.494858,-0.3463168,86.85046,2293.625,6.389204,97.37691,6.728985,95.32214,6.600367,83.06185,0.04713112,7.688519,0.5626455,12.11811,6.760124
"2026-09-27 06:30:00",233,202609270600,202609270630,5580.811,1637.266,536.6231,28.57121,10.79533,0.09013639,-626.14,2,-5.542701,2,0.01077102,2,0.4820642,2,1.626196,2,9.416463,118.5392,63.70312,42.74741,1,-12.46694,-0.004506527,1,0.398836,0.06473541,0.1569298,0.0363989,3.183777,0.8720167,1.439866,-0.1719853,86.85054,2084.436,6.64264,95.41976,7.054128,92.92696,6.717506,82.73444,0.07223761,8.011773,0.4876665,11.82392,6.704262
"2026-09-27 07:00:00",234,202609270630,202609270700,6133.486,674.3116,536.0662,19.02929,10.71707,0.1072072,133.1501,2,-8.551672,2,0.0462874,2,2.0723,2,-2.719782,2,1.780605,28.57631,13.5219,8.546849,1,21.81745,-0.008859096,2,0.2549606,0.09069848,0.3026411,0.03647211,141.7516,0.4109297,1.002705,0.09827593,86.86777,132.4103,6.270483,97.20109,6.710852,94.465,6.378167,83.17996,0.05521607,7.660344,0.4309107,11.52814,6.721363
"2026-09-27 07:30:00",235,202609270700,202609270730,7067.766,2071.011,547.4809,41.12678,10.89557,0.2268045,111.4224,2,4.264083,2,-0.04012046,2,-1.796093,2,-4.468829,2,2.236683,35.89576,16.98536,10.73601,1,10.89802,-0.008124332,1,0.2522716,0.08685356,0.4398477,0.03713545,270.9576,0.4987101,1.128816,0.1967449,86.89821,120.5413,6.852715,95.15023,6.775811,95.63318,6.471697,84.15172,0.04422861,7.741436,0.649361,11.29271,6.69624
"2026-09-27 08:00:00",236,202609270730,202609270800,4745.562,1324.735,502.5754,17.95419,11.97546,0.3543511,292.8978,2,0.2489435,2,0.6130195,2,27.38087,2,21.34836,2,1.123771,14.1466,7.602398,5.101522,1,-0.6811987,-0.003716613,1,0.2224577,0.05900056,0.1902113,0.1148775,11.90741,0.2626962,0.9632785,-3.147584,86.91735,2477.293,11.28486,78.59067,9.168755,89.36155,8.678267,82.17826,0.1263,10.23972,0.8817566,11.16524,6.665447
"2026-09-27 08:30:00",237,202609270800,202609270830,2915.365,174.6423,477.9554,5.66908,12.2917,0.3851302,-30.61915,1,-1.146824,1,1.502843,1,66.99569,1,47.88561,1,8.783274,110.5683,59.41954,39.87296,1,-0.2704229,-0.003430869,2,0.328436,0.05688966,0.3473115,0.1783262,30.10968,0.7774981,3.80872,-7.928803,86.92921,2490.986,12.88554,72.05453,11.19333,80.08623,11.31649,75.23034,0.2672309,12.30058,0.7150629,11.29745,6.696206
"2026-09-27 09:00:00",238,202609270830,202609270900,2543.219,176.2564,455.632,7.400997,12.21771,0.4523106,26.24389,1,-1.046376,0,2.219158,0,98.73743,0,98.4078,0,4.874875,61.3674,32.97892,22.13021,1,-1.35418,-0.01589179,0,0.422402,0.1228631,0.5284117,0.2259903,46.11066,0.9894685,2.840489,-1.583342,86.94013,2454.861,14.37419,64.92889,13.21433,69.75413,13.22,70.14676,0.4643623,14.32272,0.8908811,11.84532,6.714913
"2026-09-27 09:30:00",239,202609270900,202609270930,2224.426,55.94669,434.962,5.783852,11.21548,0.7007115,70.77396,1,3.691396,2,3.009986,0,133.6995,0,97.57877,0,4.049497,50.97712,27.39517,18.38329,1,-1.322609,-0.01569003,0,0.5390283,0.1224305,0.6627166,0.2297528,48.24988,0.9874653,2.76544,-1.621137,86.93954,2455.913,16.20566,53.00184,14.96441,57.13919,15.20149,63.1344,0.7341,15.98763,0.7297961,12.76269,6.766612
"2026-09-27 10:00:00",240,202609270930,202609271000,2204.172,27.37287,426.8414,3.066131,10.87926,0.4208178,-7.201474,2,-4.004645,0,1.838999,0,81.59925,0,102.7871,0,2.421126,30.47836,16.37911,10.99106,1,-5.017286,-0.0385307,1,0.6041791,0.1922122,0.5430887,0.2385641,131.326,0.9367198,2.605236,-0.4273485,86.94099,2332.757,16.86803,49.19916,16.06966,51.60498,15.94472,60.67792,0.8889945,17.06593,0.7772246,"NAN","NAN"
"2026-09-27 10:30:00",241,202609271000,202609271030,2135.309,27.0267,420.451,2.487942,10.94732,0.5108394,13.91219,0,-4.06224,0,2.295087,0,101.735,0,140.3888,0,4.70252,59.1977,31.81292,21.34778,1,-0.6624398,-0.01222296,2,0.8532021,0.1084555,0.5410227,0.2439306,142.3512,1.085117,3.607892,-3.236717,86.93985,2477.919,18.39057,45.02808,17.10818,48.59639,17.17524,58.76653,1.009493,18.11436,0.9845541,"NAN","NAN"
"2026-09-27 11:00:00",242,202609271030,202609271100,2092.307,9.595045,415.8035,2.168534,11.42246,0.6400266,1.742066,2,-4.982897,0,3.020464,0,133.6619,0,201.7689,0,3.273751,41.21163,22.14718,14.86167,1,-3.042191,-0.04263637,1,0.7143899,0.2032177,0.7111095,0.2855642,131.5055,1.229271,3.319279,-0.7047979,86.91843,2398.594,19.64799,43.34346,18.87306,45.36655,18.7646,57.46033,1.200244,19.92957,1.205169,"NAN","NAN"
"2026-09-27 11:30:00",243,202609271100,202609271130,2101.054,38.81491,413.8582,2.064791,11.80517,0.6789161,43.93897,0,-3.079436,0,2.856828,0,126.3027,0,176.7102,0,5.273146,66.38104,35.67326,23.93822,1,-2.11853,-0.0306174,1,0.6902251,0.1725269,0.7628536,0.2708682,134.7603,1.480877,3.917785,-1.012084,86.89851,2429.382,20.46955,42.54554,19.842,44.13277,19.86284,56.84235,1.302505,20.93766,1.091956,17.99876,7.122169
"2026-09-27 12:00:00",244,202609271130,202609271200,2105.597,46.87726,415.5322,2.151754,12.0802,0.683936,29.82336,0,-1.37725,0,3.39828,0,150.07,0,183.9205,0,2.131028,26.82646,14.41657,9.674112,1,-5.833313,-0.06175895,1,0.9336756,0.2455893,1.061484,0.2806129,187.0891,1.389841,4.1113,-0.3675664,86.86172,2305.556,21.67236,40.43505,21.02131,41.96516,21.00629,56.1074,1.454733,22.14712,1.093509,19.56993,7.240613
"2026-09-27 12:30:00",245,202609271200,202609271230,2098.162,40.76491,418.5479,1.885659,12.07416,0.5679024,27.77203,0,-1.313574,0,3.553607,0,156.7106,0,173.1888,0,4.020198,50.6083,27.19696,18.25028,1,-1.221909,-0.02089853,1,0.4967047,0.1432474,0.7277622,0.2875406,291.895,1.088353,2.482455,-1.754737,86.81934,2459.27,23.37343,36.46973,22.46565,38.38722,22.72842,54.3049,1.685999,23.5964,1.010463,20.98688,7.364714
"2026-09-27 13:00:00",246,202609271230,202609271300,2082.469,52.12366,413.645,1.391963,12.59951,0.6828893,39.83798,0,1.393122,0,4.138799,0,182.2368,0,167.6181,0,7.857289,98.91155,53.15519,35.66932,1,-0.30378,-0.008097049,1,0.8988108,0.08943179,0.745815,0.2912108,328.4406,1.349409,3.690875,-7.058166,86.78252,2489.874,24.9818,34.52335,24.05473,36.35853,24.42393,53.32679,1.916314,25.24127,1.031999,22.3872,7.487667
"2026-09-27 13:30:00",247,202609271300,202609271330,2075.907,30.41889,411.5268,1.126168,12.78505,0.7017424,60.28217,1,2.41951,0,3.674998,0,161.6213,0,151.791,0,3.678573,46.30774,24.88584,16.69942,1,-12.15962,-0.08823467,0,1.007211,0.2959151,1.103933,0.3089391,47.38885,1.922283,6.60328,-0.1763319,86.74224,2094.679,25.95685,33.02369,25.2923,34.25439,25.51338,52.46135,2.130768,26.5014,0.9334904,23.78387,7.607188
"2026-09-27 14:00:00",248,202609271330,202609271400,2025.877,34.56232,406.7174,1.969484,11.66328,0.9841285,54.79907,0,1.490252,0,4.845158,0,213.057,0,42.98812,0,7.360228,92.65427,49.79253,33.41283,1,-103.3686,-0.181888,0,1.262795,0.4250224,1.099229,0.4215493,31.02664,4.453928,8.38553,-0.02074256,86.67827,1464.499,25.6736,30.55796,25.41986,30.98707,25.54917,50.75307,2.249969,26.52279,0.3654866,24.74815,7.712615
"2026-09-27 14:30:00",249,202609271400,202609271430,2033.87,52.63611,406.2338,1.022907,10.43967,0.7199948,82.31084,0,2.534108,0,2.931881,0,129.0033,0,-9.738366,1,9.15213,146.8794,69.50121,43.92995,1,1734.807,-0.1139442,0,1.017127,0.3360472,0.9819827,0.3591379,32.66901,3.949762,9.403337,0.001235947,86.63544,1000,25.05566,28.37128,24.78567,28.82434,25.02178,49.20953,2.236222,25.77021,0.4738242,24.74531,7.77125
"2026-09-27 15:00:00",250,202609271430,202609271500,2108.595,116.4998,405.5314,1.479573,10.84653,0.7389988,438.0141,0,7.826018,0,2.653642,0,116.7227,0,-22.04867,1,9.332976,149.7817,70.87455,44.79801,1,320.1333,-0.1581234,0,1.273105,0.3962254,1.169239,0.430529,44.01917,4.729465,9.799896,0.006697616,86.59129,360.5426,25.26575,29.08459,25.12273,29.3319,25.15421,49.70629,2.264524,26.14701,0.2831277,24.22763,7.731341
"2026-09-27 15:30:00",251,202609271500,202609271530,2051.618,114.1731,407.2812,2.015911,11.0392,0.7452602,428.9962,0,7.972948,0,4.517235,0,198.3654,0,117.4403,0,8.731301,109.914,59.06795,39.63702,1,-37.31742,-0.1601999,0,1.659374,0.4000005,1.454093,0.4731398,44.82596,5.029784,10.76911,-0.05745654,86.57936,1496.459,27.15152,26.48893,26.83157,26.93035,26.84952,48.66488,2.590963,27.88024,0.7509684,23.66424,7.6809
"2026-09-27 16:00:00",252,202609271530,202609271600,2056.17,119.0971,408.7565,1.190934,10.71332,0.6547662,485.8149,0,7.340663,0,4.14772,0,182.1651,0,86.09571,0,8.408997,105.8567,56.88754,38.17388,1,-80.99422,-0.2220035,0,1.238563,0.4707885,1.469861,0.5088922,40.49258,5.647339,10.66867,-0.02647263,86.55957,1475.325,27.02997,25.88472,26.68362,26.36963,26.85152,48.21928,2.587147,27.70057,0.4911462,23.55723,7.67989
"2026-09-27 16:30:00",253,202609271600,202609271630,2017.759,61.11203,408.5691,0.8187542,10.66312,0.5915821,223.582,0,4.475717,0,3.308406,0,145.3563,0,41.25686,0,8.482808,106.7859,57.38687,38.50896,1,-131.4385,-0.197621,0,1.208933,0.4439698,1.12231,0.475418,39.43701,5.309067,10.21066,-0.0163128,86.53215,1450.917,26.64551,26.34994,26.30553,26.84401,"NAN","NAN",2.513754,27.31643,0.3208621,"NAN","NAN"
"2026-09-28 08:30:00",0,202609280817,202609280830,2007.919,18.63183,286.976,6.086497,23.10039,0.2848275,14.60265,0,2.776622,0,0.6787377,0,30.22129,0,-2.485516,1,10.53109,169.0098,79.97303,50.54893,1,485.2616,-0.02804093,1,0.8852218,0.1636694,0.3016247,0.2128313,117.873,2.182788,4.656308,0.004418503,86.57473,456.5474,12.72107,"NAN",12.45086,137.9276,12.71657,82.78072,-0.5498524,14.55045,0.1285163,13.97793,6.758207
"2026-09-28 09:00:00",1,202609280830,202609280900,2052.192,39.50969,286.2079,27.4005,23.09536,1.219474,-3.296033,2,1.551035,1,0.5383834,0,23.98013,0,-3.179786,1,11.04351,177.2335,83.86435,53.00853,1,201.4453,-0.02916672,0,0.497877,0.1667973,0.377477,0.2049651,104.1084,2.315185,4.326365,0.01064373,86.59592,291.538,12.43367,100.621,12.09276,141.2931,12.49271,83.50717,-0.5836313,14.18929,0.1009793,14.19015,6.815775
"2026-09-28 09:30:00",2,202609280900,202609280930,2071.093,117.6174,338.9876,59.00836,20.45888,2.576885,-103.9984,2,53.65851,1,-0.9732235,2,-43.33997,2,3.231525,2,1.877094,23.62982,12.69869,8.521345,1,-6953.538,-0.1608371,1,1.012064,0.3915496,1.697899,0.2087455,137.0773,2.1072,4.465034,-0.0003083509,86.63057,1000,12.27671,98.5845,12.29464,123.7565,12.33636,84.25863,-0.336983,14.15072,0.06398238,"NAN","NAN"
"2026-09-28 10:00:00",3,202609280930,202609281000,2041.88,19.81497,382.1045,57.46784,19.28503,2.365128,7.12654,2,-3.837868,2,0.4459815,2,19.82917,2,31.14682,2,10.43559,131.3685,70.59761,47.37391,1,-15.55501,-0.03674353,1,0.6651214,0.1876423,0.4942132,0.2204695,220.8139,2.748386,4.958223,-0.1378418,86.62888,1981.5,12.20142,98.05587,13.94985,105.2354,12.24798,85.2041,-0.06413877,15.67533,1.571578,14.39366,6.823189
"2026-09-28 10:30:00",4,202609281000,202609281030,1963.194,26.33501,398.4357,15.67265,18.74597,0.6056005,118.9129,1,-47.64161,1,2.575151,1,114.0959,1,-39.11488,2,3.592528,57.65523,27.28163,17.24403,1,64.51681,-0.09340062,1,0.5174336,0.3010752,0.839131,0.1964235,159.1648,1.554187,3.571388,0.03323366,86.60189,178.8226,12.73944,99.8712,17.59649,80.52425,12.67756,85.12112,0.3969783,19.3277,0.5072435,14.48372,6.829143
"2026-09-28 11:00:00",5,202609281030,202609281100,1980.877,28.69513,416.8523,7.46242,18.40628,0.6864128,-5.975304,2,0.5286078,2,2.648481,2,117.412,2,76.03198,2,6.754079,85.02377,45.69188,30.66113,1,-25.18218,-0.0941181,1,0.8972673,0.301966,0.6302976,0.2803349,140.9049,2.894681,5.169023,-0.08514474,86.57282,1660.594,14.33262,95.87775,17.00192,82.11263,14.0994,83.97549,0.3547102,18.69812,0.9715704,14.65052,6.834401
"2026-09-28 11:30:00",6,202609281100,202609281130,1931.865,11.14816,399.1256,1.764003,17.75454,0.8573599,6.517649,0,-3.883662,0,2.657372,0,118.028,0,64.40073,0,5.12882,64.56419,34.69688,23.28303,1,-7.942497,-0.03971952,1,0.9222884,0.1954665,1.141411,0.247482,162.4954,1.798573,5.800829,-0.2699566,86.58273,2235.25,15.3341,88.00642,15.04321,89.54909,14.89269,80.8412,0.1798564,16.668,0.5690901,15.23182,6.849922
"2026-09-28 12:00:00",7,202609281130,202609281200,1966.052,32.27623,401.43,2.762604,17.64063,0.729021,7.498555,2,-3.960615,0,3.781107,0,167.7727,0,106.4769,0,3.174392,39.96087,21.47502,14.41062,1,-9.286067,-0.06086355,1,0.7954428,0.2424013,0.7490057,0.2455729,222.003,1.347662,4.272568,-0.2308975,86.5747,2190.464,16.79686,79.7592,16.07519,83.24728,16.05087,77.60435,0.3083843,17.6953,0.8432967,16.36638,6.939188
"2026-09-28 12:30:00",8,202609281200,202609281230,1997.879,48.24292,403.2235,2.065195,17.45826,0.6497449,22.08656,1,-1.74834,0,2.610548,0,115.7997,0,83.11823,0,3.417349,43.01932,23.11864,15.51356,1,-8.965535,-0.05002369,1,0.7467513,0.2198708,0.744915,0.2234851,188.316,1.34181,4.316924,-0.2391525,86.57077,2201.149,16.77583,78.94048,16.37894,80.81219,16.30084,76.23917,0.359504,17.98382,0.7019977,17.74012,7.051351
"2026-09-28 13:00:00",9,202609281230,202609281300,1988.025,23.71406,404.5943,1.877479,17.32223,0.7436507,36.8789,0,1.506413,0,4.362984,0,193.3428,0,184.2738,0,2.399683,30.20843,16.23405,10.89371,1,-3.607904,-0.04561555,0,0.6745553,0.2103237,0.5477627,0.2632506,236.8492,0.9983212,4.117462,-0.5942868,86.57415,2379.737,18.29389,71.37149,17.41239,75.13107,17.45098,73.4925,0.5003729,19.01045,1.111076,18.88463,7.151162
"2026-09-28 13:30:00",10,202609281300,202609281330,2028.141,47.57129,406.6585,2.028321,16.96992,0.5029234,23.88722,1,2.19277,1,2.169121,0,96.13738,0,50.76918,0,4.355489,54.8291,29.46523,19.77238,1,-10.46051,-0.04054747,0,0.7966573,0.1982644,0.813856,0.2290383,285.1512,1.509533,4.082459,-0.2049738,86.54527,2151.316,17.6181,72.71864,17.25875,74.27445,17.54371,72.1981,0.5086964,18.8231,0.4228264,20.06228,7.259368
"2026-09-28 14:00:00",11,202609281330,202609281400,2040.835,113.9302,405.9871,2.442188,16.6434,0.3678392,65.39344,1,0.7289951,2,1.093913,0,48.4886,0,14.15584,0,5.353136,67.38799,36.21439,24.30135,1,-12.61528,-0.02068937,1,0.5035295,0.1416338,0.6786006,0.1498272,289.7879,1.247621,3.252516,-0.1699629,86.48796,2079.49,17.25172,72.87379,17.14269,73.34243,17.18466,72.48668,0.5230483,18.67608,0.2125595,"NAN","NAN"
"2026-09-28 14:30:00",12,202609281400,202609281430,2033.887,143.0492,407.5939,2.003235,16.69676,0.3495457,39.97292,0,4.464083,0,1.252053,0,55.48303,0,20.91458,0,5.377331,67.69256,36.37807,24.41118,1,-2.74771,-0.009453003,2,0.3663763,0.09580319,0.4781288,0.1613317,335.2168,0.8605539,1.889222,-0.7803335,86.45461,2408.41,17.80136,70.65836,17.42849,72.23005,17.53387,71.77712,0.5548106,18.96834,0.2334875,20.61392,7.307342
"2026-09-28 15:00:00",13,202609281430,202609281500,2239.532,256.9083,406.3762,1.529499,17.10694,0.3994535,71.82108,1,4.247459,0,1.08669,0,48.1485,0,15.78682,0,10.28306,129.4484,69.56573,46.68147,1,-6.569115,-0.01419354,0,0.5610896,0.1174476,0.7938241,0.1698983,37.34399,1.860802,3.466244,-0.3263955,86.43024,2281.03,17.71744,72.69662,17.57366,73.30999,17.62931,72.41063,0.5381531,19.15243,0.2253564,20.30822,7.303463
"2026-09-28 15:30:00",14,202609281500,202609281530,2184.098,112.5946,403.0096,2.436209,17.30082,0.3656384,95.63695,0,5.03363,0,1.12913,0,50.03784,0,12.43938,0,10.32908,130.0277,69.87704,46.89037,1,-28.98488,-0.03366398,0,0.4745703,0.1808035,0.4168178,0.2074943,74.6749,2.608147,4.54187,-0.07397407,86.45086,1533.837,17.43685,74.82457,17.38778,75.03742,17.4326,73.33833,0.4974346,18.98353,0.1601098,20.0283,7.30131
"2026-09-28 16:00:00",15,202609281530,202609281600,2009.475,128.833,400.097,2.106947,16.50054,0.3645933,113.6461,0,5.257615,0,0.8130556,0,36.03197,0,12.62628,0,2.367978,29.80931,16.01956,10.74978,1,-29.68575,-0.03324305,2,0.5148541,0.1796181,1.02966,0.1523459,11.13766,1.146243,3.221832,-0.07222757,86.46467,1510.475,17.48573,71.17936,17.35615,71.72324,17.36971,71.64134,0.5624338,18.87738,0.1745773,19.69942,7.298874
"2026-09-28 16:30:00",16,202609281600,202609281630,2176.215,312.6166,404.5688,4.336065,16.81746,0.442724,349.3974,0,5.587895,0,1.161611,0,51.46752,0,13.38189,0,5.117577,64.42265,34.62082,23.23199,1,-2.316579,-0.006518524,2,0.3993843,0.0795816,0.5052441,0.1332724,296.7773,0.7827046,2.25955,-0.9255588,86.44805,2422.781,17.92459,70.60182,17.58437,72.03628,17.65277,71.68672,0.5641992,19.13625,0.1937199,19.41716,7.29201
"2026-09-28 17:00:00",17,202609281630,202609281700,2125.056,267.9092,405.0882,4.836819,17.29877,0.3977654,189.3039,2,4.038749,2,0.6284811,2,27.84684,2,-0.02412017,2,3.282558,41.3225,22.20676,14.90165,1,-4.955003,-0.002346588,2,0.481959,0.0477536,0.7007473,0.1059037,212.299,0.8025995,2.365034,-0.4327202,86.43616,2334.833,17.67463,73.70519,17.55763,74.2272,17.58016,72.93122,0.5193182,19.15411,0.06718063,19.2466,7.22154
"2026-09-28 17:30:00",18,202609281700,202609281730,2528.8,624.2529,426.0633,22.02072,17.89778,0.4458418,-167.8383,2,-5.31704,2,-0.05735149,2,-2.54227,2,1.387084,2,7.477859,94.13509,50.58832,33.94684,1,-5.616494,-0.00208812,2,0.2383107,0.04501567,0.1901232,0.03981544,91.50735,0.5176122,2.417155,-0.3817559,86.43822,2312.783,17.20221,78.59628,17.09483,79.11131,17.24209,74.93334,0.4095786,18.74432,0.1941267,19.05159,7.218614
"2026-09-28 18:00:00",19,202609281730,202609281800,2835.734,605.4319,432.2331,19.00424,18.34523,0.2566988,8.42878,2,-0.3387555,2,-0.01920829,2,-0.8518375,2,0.04879184,2,7.559901,121.3262,57.40984,36.2873,1,910.6296,-0.001064841,2,0.2093029,0.03212368,0.1048897,0.01883771,259.1516,0.3380263,0.7074717,0.002354557,86.4371,739.0657,16.57767,83.73695,16.63689,83.4455,16.65576,76.92694,0.3147349,18.32532,0.07934639,18.79144,7.219115
"2026-09-28 18:30:00",20,202609281800,202609281830,2950.961,787.8555,452.5725,45.56925,17.86416,0.2169777,-44.45776,2,-4.56656,2,0.02069492,2,0.9186378,2,2.387246,2,13.48399,169.7434,91.2203,61.21258,1,-2.53021,-0.001945437,2,0.5720143,0.04334054,0.3663831,0.02737374,64.29172,0.9416757,2.041434,-0.8474116,86.44257,2415.66,15.67252,86.52134,15.64781,86.66572,15.9036,77.82118,0.2416778,17.28599,0.7320106,18.45454,7.178523
"2026-09-28 19:00:00",21,202609281830,202609281900,3208.278,1156.669,454.772,33.97429,18.10672,0.2102467,557.3885,2,20.35105,2,-0.03649721,2,-1.621171,2,-5.66084,2,2.781637,44.64153,21.12373,13.35178,1,4.538373,-0.005098382,2,0.6226265,0.07008279,0.3198988,0.04060835,6.11261,0.6098861,2.056415,0.4724445,86.43864,113.6287,14.80948,92.53438,14.95536,91.73312,14.97685,81.49932,0.1420221,16.61202,0.450862,18.04559,7.141616
"2026-09-28 19:30:00",22,202609281900,202609281930,4005.788,1550.878,479.2912,46.22588,17.65253,0.2429558,-334.8706,2,1.048842,2,-0.1075125,2,-4.777799,2,-4.869857,2,4.576976,73.45429,34.75752,21.96935,1,5.753643,-0.005559216,1,0.3587116,0.07311574,0.5515138,0.04947197,94.99023,0.6971741,1.360677,0.372656,86.4352,114.9496,14.42896,92.49256,14.47554,92.25145,14.57313,81.48608,0.1296211,16.08767,0.562311,17.58089,7.111195
"2026-09-28 20:00:00",23,202609281930,202609282000,2463.496,336.1539,426.1952,23.67114,16.97604,0.269084,95.28329,2,10.50008,2,0.0605408,2,2.688227,2,-8.78965,2,6.786979,108.9219,51.54027,32.57729,1,2.594888,-0.004596937,2,0.5405024,0.06657128,0.3075632,0.07278924,323.6652,0.7121191,2.174753,0.82629,86.44741,111.5162,14.74368,87.07931,15.31844,84.12886,14.81172,79.2113,0.2807506,16.87282,0.657559,17.11428,7.065597
"2026-09-28 20:30:00",24,202609282000,202609282030,2300.836,165.6927,428.2376,10.68902,16.99676,0.2932882,34.63079,2,2.424503,2,0.041096,2,1.82523,2,-3.815124,2,8.252538,132.4421,62.66971,39.61193,1,9.143728,-0.006064742,1,0.2469144,0.07642507,0.4294114,0.0470974,296.5599,0.8531586,2.563318,0.2344919,86.46495,118.6345,14.92784,86.23793,15.07762,85.47868,15.00543,78.47412,0.2508715,16.63264,0.3779144,16.67893,7.011099
"2026-09-28 21:00:00",25,202609282030,202609282100,2191.553,254.7781,438.5558,20.78873,16.47103,0.3701301,89.6685,2,8.991159,2,0.004050968,2,0.1799948,2,-3.765891,2,13.20825,211.9745,100.3033,63.39918,1,5.826927,-0.004540466,1,0.4309688,0.06605481,0.3364966,0.05456427,354.6546,1.121214,2.14094,0.3679692,86.50492,115.0293,14.50885,85.88689,14.63812,85.24264,14.6164,78.15105,0.2478865,16.14243,0.4940563,16.28557,6.989179
"2026-09-28 21:30:00",26,202609282100,202609282130,2317.417,402.9019,446.3226,10.24009,16.02788,0.1102043,-78.68551,2,2.88399,2,0.006082125,2,0.2704686,2,-5.332839,2,7.558189,121.2988,57.39683,36.27908,1,8.47782,-0.007376169,1,0.3582831,0.08404496,0.6282482,0.04411358,352.7899,1.032346,1.683476,0.2529105,86.53194,117.9107,13.66272,88.3409,13.77266,87.75348,13.80974,79.01344,0.1941358,15.2318,0.2745507,15.93484,6.92248
"2026-09-28 22:00:00",27,202609282130,202609282200,2172.289,170.3844,443.168,12.42269,16.1288,0.09121919,40.17265,2,7.389072,2,0.01020259,2,0.4538599,2,-5.402666,2,0.7328819,11.76177,5.5655,3.517812,1,9.941739,-0.008272877,1,0.3040659,0.08895243,0.306579,0.0340163,176.6813,0.3956536,0.8926405,0.2156695,86.53287,119.5019,13.14864,91.87782,13.41266,90.40833,13.29698,80.77477,0.1489104,14.87919,0.3574746,15.65067,6.914942
"2026-09-28 22:30:00",28,202609282200,202609282230,2416.756,228.1595,475.2308,30.09756,16.14,0.2723302,-20.80796,2,0.2414645,2,-0.0566752,2,-2.522938,2,-0.5487958,2,8.784105,140.9731,66.70644,42.16344,1,27.089,-0.004151984,1,0.4253622,0.0629369,0.5357655,0.04039485,187.6196,0.892157,1.894546,0.07915132,86.53305,138.1402,12.62333,95.23318,12.6857,94.90481,12.76999,82.83266,0.07714283,14.1496,0.68974,15.39211,6.877542
"2026-09-28 23:00:00",29,202609282230,202609282300,2906.336,980.6727,498.7261,40.25773,15.94357,0.2951362,-497.0465,2,-15.8277,2,0.1260462,2,5.615255,2,9.643915,2,3.696645,46.53525,25.0081,16.78147,1,-6.846611,-0.009796587,1,0.1546746,0.09653267,0.4704115,0.04110987,87.24393,0.6677921,1.294017,-0.3131666,86.54369,2271.78,11.81555,98.77547,11.90048,98.73608,12.0935,84.59513,0.02010465,13.34248,0.772497,"NAN","NAN"
"2026-09-28 23:30:00",30,202609282300,202609282330,3715.234,1171.158,526.1415,40.46447,15.57179,0.3541521,-76.49771,2,0.7079063,2,-0.01729269,2,-0.7709525,2,-0.8177918,2,8.783428,140.9622,66.70129,42.16019,1,8.900585,-0.002289956,2,0.2224484,0.04659941,0.2592388,0.02706863,53.56915,0.5774098,1.237936,0.2408976,86.56065,118.3702,11.09183,100.6129,11.11686,101.519,11.36702,85.64648,-0.01963544,12.52111,0.482016,14.7925,6.838607
"2026-09-29 00:00:00",31,202609282330,202609290000,3087.76,842.2068,503.1043,42.37153,15.30996,0.2344102,566.6859,2,13.76571,2,-0.02660303,2,-1.185876,2,-1.411492,2,32.85128,527.2188,249.4724,157.6852,1,0.2776744,-0.0003252231,2,0.1970201,0.01756225,0.3229949,0.0480832,255.8242,0.7830794,1.322092,7.721742,86.58471,108.9975,11.00681,99.33058,11.25452,98.98474,11.0686,86.09762,0.01541603,12.63569,0.6727195,14.46073,6.832829
"2026-09-29 00:30:00",32,202609290000,202609290030,2665.154,346.4058,507.2049,33.58137,15.37726,0.5122932,-7.230197,2,4.239592,2,-0.05141918,2,-2.29297,2,-1.590155,2,39.79276,638.6202,302.1859,191.0041,1,0.1104442,-0.0001949626,2,0.4093283,0.01358831,0.3032365,0.03192528,217.1227,0.8156152,1.171808,19.41369,86.5851,108.8157,10.85176,99.75313,10.85633,101.9928,11.06146,86.78191,-0.02534151,12.24178,0.7318119,14.11325,6.816028
"2026-09-29 01:00:00",33,202609290030,202609290100,2936.349,131.1885,528.1861,20.04748,14.73309,0.2941853,-1.569164,2,-1.049726,2,0.002961195,2,0.1321469,2,0.5757388,2,19.87646,250.215,134.4659,90.23213,1,-3.929392,-0.001026948,2,0.2806409,0.03114056,0.3992212,0.04422583,182.1821,0.9381174,1.793182,-0.5456645,86.58534,2369.02,9.930766,100.9637,10.09301,102.856,10.21158,87.03861,-0.03507936,11.41637,0.4628926,13.77577,6.784549
"2026-09-29 01:30:00",34,202609290100,202609290130,3240.384,761.0345,542.7538,49.93783,14.51004,0.5523961,-17.04163,2,1.446459,2,-0.01693175,2,-0.7557766,2,0.5572984,2,7.847305,98.78585,53.08764,35.62399,1,-63.52231,-0.006031309,1,0.3619846,0.07543147,0.3009304,0.04308708,348.4786,0.898092,1.825363,-0.03375396,86.58435,1483.78,9.756179,99.42262,9.847571,102.9433,9.932983,87.40435,-0.03496253,11.14978,0.8348467,13.46252,6.773924
"2026-09-29 02:00:00",35,202609290130,202609290200,3196.116,1042.534,516.9296,40.50456,14.81897,0.3830251,-234.4273,2,-12.41118,2,0.1537286,2,6.860118,2,5.152084,2,7.317917,92.12166,49.50629,33.22076,1,-3.503119,-0.004272046,1,0.244985,0.06352504,0.4106314,0.02368613,314.5015,0.7735204,1.408701,-0.612063,86.56779,2383.229,9.952251,101.2475,10.12402,103.2025,10.04691,87.9958,-0.03963923,11.45529,0.4900693,13.15485,6.729354
"2026-09-29 02:30:00",36,202609290200,202609290230,4105.66,859.8147,580.1579,50.21503,13.47395,0.6452285,-267.1924,2,-2.824709,2,0.06501628,2,2.905655,2,1.941648,2,7.373283,92.81863,49.88085,33.4721,1,-7.561655,-0.003767532,1,0.3915637,0.05948431,0.3732424,0.03780154,102.8057,0.7545109,1.841277,-0.283553,86.54558,2247.945,8.589319,98.79892,8.567406,104.1134,8.88408,87.40698,-0.04562938,9.770681,0.8575854,12.8659,6.726313
"2026-09-29 03:00:00",37,202609290230,202609290300,4335.447,1047.092,580.5894,46.17793,13.1312,0.4595604,126.5455,2,5.316532,2,-0.01164504,2,-0.5205886,2,-0.4808085,2,8.196579,131.5441,62.24476,39.34334,1,25.7326,-0.003315547,2,0.4346937,0.05577036,0.4804119,0.04397689,250.5693,0.7845809,2.276082,0.08332346,86.53563,136.6659,8.006347,100.058,8.248853,103.7125,8.141,87.59734,-0.04041851,9.419922,0.6423107,12.61642,6.68353
"2026-09-29 03:30:00",38,202609290300,202609290330,3879.356,1000.202,549.5643,60.40929,13.3135,0.7834067,-622.3412,2,-35.61018,2,0.5743498,2,25.67225,2,19.72941,2,1.265832,15.93494,8.563456,5.746431,1,-20.64961,-0.03431024,2,0.5940446,0.1794657,0.8544958,0.05249133,114.3046,0.9727889,2.304791,-0.1038339,86.53321,1811.68,8.403829,99.85168,8.409144,103.9196,8.597107,87.82374,-0.04333985,9.597365,0.9237158,12.38252,6.630592
"2026-09-29 04:00:00",39,202609290330,202609290400,4546.098,796.2969,581.0759,22.41077,12.43301,0.2757805,33.51711,2,-1.940396,2,0.03400069,2,1.520964,2,1.001684,2,37.78134,475.6107,255.5938,171.5139,1,-0.2608373,-0.0002580348,2,0.2244332,0.01553663,0.4326315,0.04783472,21.5303,0.9186763,1.635569,-8.22018,86.54879,2491.305,7.286815,101.5882,7.578071,102.8367,7.402712,87.76804,-0.02960539,8.683869,0.3807468,12.15011,6.630723
"2026-09-29 04:30:00",40,202609290400,202609290430,3998.885,1174.985,560.4747,42.16418,12.57638,0.3288805,-727.7318,2,-28.76211,2,0.1667484,2,7.457776,2,7.278708,2,7.229255,91.00552,48.90648,32.81826,1,-13.40569,-0.01313578,1,0.5099964,0.1108873,0.2302076,0.06986925,359.4142,1.132867,2.361001,-0.1599417,86.56147,2053.144,7.448589,101.3867,7.780233,102.6047,7.526893,87.98579,-0.02744997,8.899604,0.4916324,11.94323,6.618878
"2026-09-29 05:00:00",41,202609290430,202609290500,3622.36,1012.416,543.7649,24.41024,12.33463,0.2606021,161.7348,2,4.846228,2,0.03591943,2,1.606717,2,0.5872244,2,5.901923,74.2964,39.92698,26.79265,1,-39.52514,-0.005357528,1,0.3305994,0.07078794,0.2375415,0.04976794,4.620605,0.6363378,1.372165,-0.05424724,86.57763,1495.391,7.204814,100.5766,7.629616,101.6995,7.326803,87.94988,-0.01778281,8.726784,0.3621757,11.74109,6.555511
"2026-09-29 05:30:00",42,202609290500,202609290530,3422.283,431.7871,517.0181,11.36922,12.14557,0.2517577,472.2544,2,-7.324326,2,-0.1102569,2,-4.933731,2,-5.125878,2,1.461073,23.44826,11.09538,7.013108,1,29.49003,-0.01758623,1,0.3680766,0.1281493,0.2655185,0.04253853,90.75574,0.4634415,0.9638394,0.07270693,86.59085,140.75,6.879117,101.0655,7.243862,102.8341,7.002453,87.97758,-0.02887452,8.322667,0.3886461,11.54868,6.555622
"2026-09-29 06:00:00",43,202609290530,202609290600,4394.821,1348.674,551.8351,34.8861,11.40834,0.3620795,299.3774,2,10.53957,2,-0.1433038,2,-6.419652,2,-6.081119,2,3.876874,62.21861,29.44095,18.60888,1,7.140728,-0.007717477,1,0.3095024,0.08469726,0.5496328,0.03791024,14.94357,0.6722252,1.978924,0.3002676,86.60187,116.4573,5.972719,100.4318,6.07226,104.6922,6.142583,87.69566,-0.04412377,7.081067,0.5490683,11.34037,6.556242
"2026-09-29 06:30:00",44,202609290600,202609290630,3089.25,184.2796,513.887,16.83352,11.49861,0.3987049,93.31812,2,7.899178,2,-0.2243087,2,-10.04783,2,-9.32756,2,5.405474,86.75059,41.04913,25.94612,1,3.089078,-0.005874329,2,0.3122493,0.07389851,0.3995726,0.03955576,187.578,0.6234394,1.389678,0.6941003,86.61571,112.0534,6.087684,98.7269,6.139542,105.0403,6.221853,88.01771,-0.04758668,7.156624,0.6058823,11.10593,6.532409
"2026-09-29 07:00:00",45,202609290630,202609290700,2866.426,141.395,510.0775,9.502461,11.20812,0.3254753,56.37244,2,1.019456,2,-0.06841993,2,-3.065716,2,-4.410039,2,19.04429,305.6353,144.6222,91.41205,1,3.115515,-0.003540582,2,0.2710783,0.0573242,0.2160308,0.05298907,227.2144,1.354893,2.16414,0.6882104,86.65566,112.0821,5.698458,100.2708,5.841102,104.5936,5.733431,87.94958,-0.04248804,6.831244,0.4806098,10.86248,6.529287
"2026-09-29 07:30:00",46,202609290700,202609290730,2597.798,92.50536,486.0375,9.438668,13.04106,0.6867267,-13.43268,2,-3.265643,2,0.4620555,2,20.65961,2,12.18111,2,9.378487,118.0611,63.44621,42.57502,1,-2.501837,-0.006189604,2,0.2217136,0.07610592,0.2459906,0.07459021,234.5157,1.01429,1.70116,-0.8570222,86.69153,2416.605,8.209655,100.9529,8.069993,104.4683,7.918703,88.55254,-0.04588294,9.232374,1.181979,10.64876,6.558274
"2026-09-29 08:00:00",47,202609290730,202609290800,2278.19,79.40291,457.0518,10.36265,13.73769,0.3782274,-0.4552007,2,-2.647064,2,0.854407,2,38.12483,2,18.14042,2,6.989557,87.98808,47.28491,31.73012,1,-6.366621,-0.01514988,1,0.3387185,0.1195176,0.4725773,0.1403216,227.1985,1.247616,2.282528,-0.3367767,86.7166,2287.779,9.856141,96.78211,10.20564,95.36895,9.433804,88.68647,0.05879068,11.43952,0.4892673,10.56822,6.54375
"2026-09-29 08:30:00",48,202609290800,202609290830,2134.212,43.83187,429.0884,6.42205,12.43935,0.6612757,24.85971,2,3.7757,2,1.553834,2,69.26399,2,16.56738,2,5.726594,72.08928,38.74087,25.99672,1,-25.99264,-0.03893753,1,0.6290159,0.1919142,0.5717076,0.1738713,163.35,1.60702,3.914427,-0.08248987,86.72036,1633.579,10.98453,81.91784,11.26686,80.42999,10.31267,79.36851,0.2625295,12.38775,0.3395964,10.79037,6.559788
"2026-09-29 09:00:00",49,202609290830,202609290900,2148.629,39.34586,429.0138,1.888778,12.5589,0.5233654,-42.06305,2,-4.062237,1,1.977141,0,88.07606,0,70.47749,0,3.797225,47.80139,25.68853,17.23806,1,-10.50279,-0.05046136,1,0.7546222,0.2187189,0.5545745,0.2005407,153.3801,1.320742,3.62473,-0.2041487,86.73798,2149.907,12.66782,74.27214,11.94748,77.61605,11.60346,75.3302,0.3146691,13.08194,0.7221083,11.36949,6.534925
"2026-09-29 14:30:00",0,202609291415,202609291430,1990.152,6.186584,396.7718,2.016822,10.44707,0.8288769,0.7439258,1,-3.570074,0,2.777766,0,122.4769,0,77.09212,0,6.728844,84.7061,45.52117,30.54658,1,-12.42501,-0.05865889,0,0.91017,0.2404884,0.8803591,0.2667888,166.7228,2.382126,6.26756,-0.1725656,86.4572,2085.833,23.02601,32.02138,22.63374,32.70787,22.43133,51.26474,1.856897,23.61197,0.7282903,24.82714,7.569214
"2026-09-29 15:00:00",1,202609291430,202609291500,1994.215,7.226583,397.4989,1.538894,10.11811,0.9464205,2.460295,1,-3.101909,0,3.025169,0,133.3553,0,58.81466,0,5.609025,70.60925,37.9455,25.46299,1,-41.28764,-0.1117637,1,1.128593,0.3321193,1.107146,0.3085247,158.2658,2.788019,7.491243,-0.05193152,86.42857,1494.538,23.18859,30.69251,22.86719,31.22538,22.73474,50.34951,1.924239,23.81526,0.595143,25.34801,7.644831
"2026-09-29 15:30:00",2,202609291500,202609291530,1995.284,6.565112,398.5375,1.279331,9.839458,0.805705,0.4445196,1,-3.16486,0,2.470159,0,108.8782,0,43.58445,0,6.347204,79.90182,42.93934,28.81407,1,-36.72424,-0.08533591,0,0.863794,0.2902918,0.9339544,0.289109,171.6644,2.686723,6.398702,-0.05838459,86.40086,1496.746,23.33581,29.57271,22.9737,30.17079,22.82128,49.67652,1.966204,23.89585,0.4716187,25.51564,7.651357
"2026-09-29 16:00:00",3,202609291530,202609291600,1995.149,7.571743,399.4678,1.149497,10.49808,0.7107162,-2.11898,2,-2.388653,1,1.707896,1,75.28702,1,24.5234,1,7.841504,98.71283,53.0484,35.59766,1,-30.59202,-0.05253287,0,0.8493455,0.2277612,0.7422196,0.250558,165.4359,2.568991,6.256081,-0.07008787,86.39455,1499.714,23.25231,31.71398,22.87158,32.40245,22.73799,50.91291,1.891721,23.85538,0.3765244,25.24673,7.657135
"2026-09-29 16:30:00",4,202609291600,202609291630,1999.047,6.8859,399.7224,1.130575,10.50762,0.7060313,1.239865,2,-1.604672,2,1.403128,2,61.84869,2,10.03816,2,7.583667,95.46704,51.30411,34.42717,1,-48.87976,-0.04372751,0,0.6597513,0.2077892,0.672029,0.2470221,167.2528,2.262366,5.097364,-0.04386539,86.42007,1490.865,23.35879,31.56009,22.93251,32.33833,22.74184,50.99763,1.900875,23.9173,0.3162257,24.39881,7.627977
"2026-09-29 17:00:00",5,202609291630,202609291700,2002.389,8.328409,400.4176,1.003744,10.5662,0.6034826,0.9948704,2,-1.202453,2,1.058031,2,46.64721,2,-1.741102,2,6.97521,87.80748,47.18785,31.66499,1,-321.4544,-0.02926921,0,0.5432221,0.1699091,0.493312,0.1833421,167.7809,1.698925,3.903383,-0.006670089,86.45002,1358.974,23.2965,31.88077,22.70873,32.99091,22.53236,51.27045,1.857665,23.6983,0.2899883,"NAN","NAN"
"2026-09-29 17:30:00",6,202609291700,202609291730,2032.672,17.20988,402.3065,1.744192,11.25566,0.5883828,-3.890465,2,-0.7378873,2,0.2131111,2,9.399899,2,-0.5342256,2,9.118193,114.7844,61.6853,41.39338,1,-871.9277,-0.0068565,0,0.3266823,0.08217851,0.3301204,0.1082444,170.0211,1.075385,2.640646,-0.002459068,86.46112,1092.607,23.23901,34.16116,22.25593,36.16984,22.20037,52.82665,1.723498,23.30874,0.4816036,22.62729,7.47886
"2026-09-29 18:00:00",7,202609291730,202609291800,3031.722,1525.069,419.7141,22.39733,12.30944,0.7916911,-136.8744,2,-1.246256,2,-0.09233385,2,-4.079392,2,6.304183,2,6.429955,80.94353,43.49915,29.18972,1,-6.088178,-0.006315623,2,0.7912805,0.07865652,0.4772833,0.02960856,29.39117,1.062839,1.870049,-0.3521792,86.46315,2297.061,21.6906,41.157,20.54454,43.98008,21.1896,55.78653,1.364887,21.68925,0.6637996,21.79319,7.401491
"2026-09-29 18:30:00",8,202609291800,202609291830,3107.2,620.3345,429.887,17.75582,12.49813,0.5751262,184.9108,2,6.5301,2,0.06033593,2,2.674146,2,-27.3361,2,19.44427,312.0544,147.6597,93.33193,1,1.096921,-0.005543475,2,0.2804886,0.07328875,0.3109675,0.0474098,1.944824,1.772348,2.498446,1.95468,86.44171,109.888,17.53325,54.0914,17.25729,55.01965,17.91118,60.60548,0.905727,18.40745,1.635943,20.89858,7.336122
"2026-09-29 19:00:00",9,202609291830,202609291900,3570.089,806.6307,428.6387,10.34441,11.48656,0.282447,30.10337,2,1.91069,2,0.01103167,2,0.4897214,2,-5.25048,2,14.95092,239.9421,113.5372,71.76397,1,13.09,-0.009701824,1,0.5333462,0.0966543,0.666369,0.04608002,348.8464,1.919304,2.680788,0.1637991,86.44905,122.9239,15.39589,56.55326,15.58237,55.95061,15.54028,62.1642,0.784582,16.63263,0.5085919,19.97162,7.251435
"2026-09-29 19:30:00",10,202609291900,202609291930,2315.872,234.2202,414.4871,11.05558,10.77627,0.4769829,54.00711,2,2.434346,2,0.07286112,2,3.233337,2,-8.843985,2,12.77697,205.0532,97.02823,61.32908,1,1.044972,-0.002516874,2,1.089918,0.04923907,0.5698571,0.09369489,202.584,1.149726,4.544523,2.051854,86.49896,109.8315,15.72887,52.02728,15.94843,51.81706,15.95184,59.63392,0.8962249,16.93446,1.668642,19.05209,7.168323
"2026-09-29 20:00:00",11,202609291930,202609292000,2191.73,173.0733,421.2812,11.65565,10.64115,0.1771018,-57.9208,2,0.9505101,2,0.1051651,2,4.673102,2,-22.18595,2,13.12672,210.6661,99.68419,63.00785,1,2.860241,-0.00919649,2,0.5152379,0.09388155,0.7398052,0.1526313,168.3044,1.671696,3.878302,0.7496325,86.52224,111.8046,14.57566,55.35983,14.56004,55.48914,14.89638,60.83329,0.7456009,15.52922,0.9333819,18.20922,7.099895
"2026-09-29 20:30:00",12,202609292000,202609292030,2101.692,165.6019,417.1615,20.07716,10.70399,0.8298907,-24.87138,2,-0.1823913,2,0.2464015,2,10.96078,2,-23.26977,2,7.777969,124.8259,59.06584,37.33402,1,4.434309,-0.01263354,2,1.368389,0.1098084,0.6120642,0.1451759,226.7204,1.625912,4.090994,0.4835319,86.5453,113.5156,13.2246,60.38154,13.44354,60.05439,13.41171,63.46725,0.6226246,14.40953,0.7450416,17.45062,7.025851
"2026-09-29 21:00:00",13,202609292030,202609292100,2163.928,210.5228,421.3013,9.911675,10.11254,0.2516888,-98.2831,2,-4.6526,2,-0.1588449,2,-7.060529,2,15.51709,2,11.66967,146.9038,78.94628,52.9762,1,-4.929471,-0.01033055,2,0.6354183,0.09940522,0.421725,0.07972269,88.67004,1.680721,2.988845,-0.4349615,86.5781,2335.684,13.90796,55.00005,14.24744,54.02153,13.94415,61.25314,0.7596202,15.16716,1.266165,16.78662,6.960181
"2026-09-29 21:30:00",14,202609292100,202609292130,2006.518,109.3253,410.155,5.765033,9.795729,0.1532546,87.22855,2,4.046041,2,0.099315,2,4.412076,2,-16.75355,2,2.34681,37.66315,17.82166,11.26462,1,14.1427,-0.02208601,1,0.1751977,0.1454716,0.7104521,0.06050493,155.0412,0.7975843,1.750036,0.1516068,86.59074,124.0682,14.56006,50.98571,14.8133,50.27002,14.79996,58.90057,0.8446329,15.70593,0.765633,"NAN","NAN"
"2026-09-29 22:00:00",15,202609292130,202609292200,2971.295,620.1475,457.999,28.17573,10.31553,0.4555236,-134.1204,2,-4.120922,2,-0.0334583,2,-1.49152,2,7.203297,2,4.552642,57.31096,30.79898,20.66739,1,-6.619362,-0.007696336,2,0.978267,0.08534333,0.3758917,0.05135712,28.9313,0.9281927,2.685906,-0.3239179,86.59023,2279.354,11.09238,67.57671,11.21274,67.26746,11.75189,65.67624,0.4482357,12.13736,1.411069,"NAN","NAN"
"2026-09-29 22:30:00",16,202609292200,202609292230,2997.894,826.8806,457.7614,22.67575,10.70948,0.5397328,241.2545,2,8.087895,2,-0.1290004,2,-5.750186,2,-10.87136,2,13.18271,211.5648,100.1094,63.27663,1,5.021647,-0.008663137,2,0.7754457,0.09056755,0.4621393,0.03755872,353.6453,1.590186,2.868911,0.4269774,86.58699,114.154,10.77383,71.29697,11.29568,69.1664,11.05996,68.73844,0.4180347,12.26005,0.8225846,15.05285,6.831109
"2026-09-29 23:00:00",17,202609292230,202609292300,3183.704,676.0707,467.6905,10.88571,11.71837,0.09090288,221.4037,2,4.42416,2,-0.01509132,2,-0.6737169,2,-3.407582,2,19.03209,305.4394,144.5295,91.35345,1,6.366329,-0.00464566,2,0.5092754,0.06614789,0.3477942,0.05683406,19.01468,1.581112,3.49877,0.3367922,86.59089,115.6156,9.608534,84.5734,9.706289,84.0447,9.906996,75.02778,0.1947473,10.75608,0.6704255,14.54088,6.802528
"2026-09-29 23:30:00",18,202609292300,202609292330,2972.582,784.8844,468.799,9.201073,11.77527,0.1693363,19.10022,2,0.5097548,2,0.003887993,2,0.1736511,2,0.319625,2,13.25996,166.9231,89.70467,60.19553,1,-17.32355,-0.00189721,2,0.5261623,0.04223773,0.7455847,0.03820417,25.00067,1.044122,2.168982,-0.1237696,86.58286,1922.548,8.838598,89.34158,9.218765,87.21422,8.987226,78.0993,0.15055,10.27189,0.5564787,14.07703,6.777504
"2026-09-30 00:00:00",19,202609292330,202609300000,4955.194,1375.887,496.7258,27.01965,11.34519,0.2052414,93.4099,2,2.58897,2,0.02261665,2,1.011042,2,-1.124317,2,12.5832,201.9435,95.55676,60.39901,1,15.05234,-0.003788792,1,0.3576376,0.05959193,0.2353501,0.0329112,6.077179,0.9482038,1.794356,0.142445,86.56154,125.0569,7.892014,91.76131,8.279738,89.52845,8.412529,78.97401,0.1163576,9.290817,0.6941935,13.63697,6.728641
"2026-09-30 00:30:00",20,202609300000,202609300030,5363.052,651.2985,474.0433,22.01751,11.32017,0.1460556,88.03455,2,-0.001961503,2,0.006196022,2,0.2769118,2,-0.533398,2,14.26675,228.9621,108.3416,68.47997,1,10.46027,-0.001834336,2,0.2901311,0.04148709,0.6792894,0.02550439,31.60785,0.9749269,2.477168,0.2049785,86.55014,120.0655,8.146873,89.97438,8.551613,87.69588,8.349778,78.65984,0.1389174,9.561453,0.6272215,13.21595,6.712921
"2026-09-30 01:00:00",21,202609300030,202609300100,3806.834,808.8046,485.1006,25.02695,10.91212,0.2702764,-339.2507,2,4.034303,2,-0.2925577,2,-13.09506,2,-15.17014,2,1.800082,28.88889,13.66981,8.64034,1,27.99425,-0.03494971,1,0.262205,0.180545,0.8291668,0.05505345,159.4357,0.8630012,1.839398,0.0765918,86.56142,139.1242,6.549464,96.46291,6.938334,94.37694,6.871009,80.96543,0.05807668,7.906025,0.8175111,12.8129,6.628378
"2026-09-30 01:30:00",22,202609300100,202609300130,3178.178,392.039,462.872,13.49271,11.0345,0.1675739,-135.6116,2,-4.333574,2,0.04761327,2,2.129225,2,8.085483,2,22.58505,284.312,152.7896,102.5281,1,-0.6351431,-0.001794223,0,0.3117782,0.04097731,0.4500338,0.03174543,227.9293,1.354029,2.12748,-3.375822,86.57011,2478.829,7.443109,92.05157,7.911156,89.33523,7.47628,80.26572,0.1161445,8.893088,0.7507868,12.43108,6.626093
"2026-09-30 02:00:00",23,202609300130,202609300200,2759.736,196.8685,447.7615,7.643741,11.17517,0.08667884,-42.48611,2,-2.325071,2,-0.007367823,2,-0.3291922,2,3.549361,2,12.25801,154.3101,82.92644,55.64705,1,-4.981078,-0.00402119,2,0.4471215,0.06145025,0.3052566,0.03477487,260.907,1.081108,2.322894,-0.4304549,86.56414,2333.964,8.4128,87.2441,8.836883,84.95696,8.452089,77.77487,0.1730881,9.834608,0.6039835,12.06199,6.553143
"2026-09-30 02:30:00",24,202609300200,202609300230,2645.683,171.3476,443.9226,9.699038,11.22498,0.1359999,-34.0797,2,-0.5582495,2,-0.0207477,2,-0.9264598,2,1.705138,2,29.3556,369.5432,198.593,133.2641,1,-1.076731,-0.0008706956,2,0.3879842,0.02862614,0.2796565,0.03374291,240.8562,1.205995,1.825743,-1.991332,86.56044,2464.109,9.269948,82.82684,9.449353,81.95635,9.370591,75.3523,0.2178843,10.45378,0.8930727,11.71873,6.553868
"2026-09-30 03:00:00",25,202609300230,202609300300,2872.873,166.3337,471.0628,17.79105,10.85805,0.2472228,-34.55636,2,-6.142488,2,0.07743558,2,3.464961,2,7.623736,2,8.209977,103.3514,55.54115,37.2704,1,-1.125935,-0.002551469,0,0.3176919,0.04880705,0.3517433,0.03887711,154.7825,0.6820756,1.609819,-1.904311,86.57346,2462.469,6.846176,94.39851,7.272537,91.82925,7.311373,79.48917,0.08627725,8.236571,0.9350843,11.40775,6.513214
"2026-09-30 03:30:00",26,202609300300,202609300330,3957.061,1301.265,501.9873,33.97795,10.70183,0.2949329,-315.0848,2,-9.553989,2,0.07683879,2,3.441013,2,6.156762,2,7.306425,91.97698,49.42854,33.16859,1,-1.411541,-0.002590696,1,0.3225766,0.04910059,0.304588,0.03449313,343.3844,0.6331969,1.123904,-1.518999,86.59049,2452.949,6.24279,96.73421,6.430555,95.92172,6.631415,80.7612,0.04228282,7.377838,1.017436,11.11706,6.55571
"2026-09-30 04:00:00",27,202609300330,202609300400,5126.88,2229.974,530.3441,39.70507,10.56292,0.2741561,-13.74976,2,-1.731003,2,0.03298233,2,1.477972,2,2.113553,2,21.27259,267.7902,143.9108,96.57005,1,-0.7404584,-0.0008324931,1,0.167506,0.0277996,0.2078211,0.02486164,15.24127,0.8448121,1.12416,-2.895679,86.5883,2475.318,5.400973,99.71991,5.754889,99.13206,5.614929,83.75473,0.009317756,6.687549,0.7821876,10.82748,6.502558
"2026-09-30 04:30:00",28,202609300400,202609300430,5121.287,1444.064,537.6436,36.2756,10.26482,0.3096626,-366.3634,2,2.472558,2,-0.2094214,2,-9.390416,2,-13.41955,2,2.036059,32.676,15.46182,9.773022,1,10.34028,-0.01659606,1,0.3062415,0.1239634,0.6359214,0.05287866,87.75668,0.7052526,2.496134,0.2073571,86.59077,119.9351,4.797584,100.5264,5.079404,100.9443,5.007724,84.7872,-0.007299364,5.983445,0.7791211,10.54323,6.448444
"2026-09-30 05:00:00",29,202609300430,202609300500,4137.196,312.7314,515.0741,27.27572,9.903685,0.4311867,-223.1792,2,15.3312,2,-0.3874169,2,-17.38184,2,-22.62482,2,2.899949,46.54028,22.02219,13.91967,1,11.34766,-0.02513841,1,0.4923555,0.1523572,0.6827241,0.06299346,161.662,0.9164642,1.894071,0.188949,86.62491,121.0301,4.024108,99.16558,4.464969,101.687,4.209066,85.45425,-0.01256514,5.335175,1.047126,10.2702,6.40793
"2026-09-30 05:30:00",30,202609300500,202609300530,3538.757,370.7913,476.6843,11.92575,10.45523,0.1942782,-59.58001,2,-2.057718,2,0.02968975,2,1.330142,2,1.739289,2,7.654945,96.36433,51.78631,34.75075,1,-9.152406,-0.003915686,1,0.249499,0.06029513,0.4297287,0.02707171,269.4971,0.7696553,1.290699,-0.2342695,86.64324,2194.92,5.33934,99.7992,5.980891,96.65305,5.220618,86.02531,0.032098,6.904679,0.5669495,10.01502,6.407881
"2026-09-30 06:00:00",31,202609300530,202609300600,3246.333,483.0753,469.5978,14.3181,10.5603,0.3000365,-103.7991,2,-5.440211,2,0.1224266,2,5.48324,2,7.619864,2,28.79199,362.4482,194.7801,130.7055,1,-0.1995772,-0.0008160484,2,0.3524096,0.02753828,0.3017097,0.03272479,220.8924,1.133415,1.787473,-10.74336,86.66418,2493.347,5.902942,97.76199,6.296173,95.55283,5.983951,83.64752,0.04386604,7.230374,0.7483338,9.769685,6.395238
"2026-09-30 06:30:00",32,202609300600,202609300630,3545.275,509.9742,508.0683,31.03797,9.934486,0.5256904,39.44717,2,3.649554,2,-0.09729744,2,-4.363688,2,-4.420763,2,3.211261,51.53642,24.38629,15.41396,1,7.489661,-0.006460608,0,0.4307345,0.07726456,0.5451689,0.06947732,138.647,0.6437544,1.897378,0.2862786,86.69038,116.8366,4.633315,97.58656,4.864522,99.23593,4.972978,82.95017,0.008795738,5.738791,1.246818,9.538952,6.333469
"2026-09-30 07:00:00",33,202609300630,202609300700,3062.83,320.5869,483.4175,18.70815,10.0766,0.2741432,-42.00537,2,-1.79852,2,0.002837702,2,0.1272101,2,1.171098,2,16.92022,213.0004,114.4667,76.81184,1,-8.013305,-0.002693685,1,0.352285,0.04992821,0.3448031,0.03051078,207.1449,1.218233,1.872233,-0.2675712,86.7138,2232.89,4.953137,97.38924,5.343467,97.4728,4.993031,84.36823,0.02445894,6.231709,0.8846985,9.330503,6.334002
"2026-09-30 07:30:00",34,202609300700,202609300730,3138.87,354.5578,492.2508,13.06388,11.03533,0.5736333,-57.08589,2,-1.963178,2,0.008436209,2,0.3775583,2,-1.871077,2,2.200926,35.32191,16.71382,10.56438,1,28.48131,-0.008414155,1,0.4042485,0.0885241,0.5055979,0.07786474,317.781,0.5438047,4.277656,0.07528199,86.73245,139.6536,8.569849,86.02233,7.08166,94.5686,6.875596,82.59563,0.05543488,8.060938,0.8429435,9.157154,6.334835
"2026-09-30 08:00:00",35,202609300730,202609300800,2468.431,181.7284,448.4962,4.797595,12.23313,0.3820162,-82.67796,0,3.802613,0,1.073482,0,47.9532,0,19.13615,0,7.132212,89.78391,48.24999,32.37773,1,-2.471022,-0.00851134,0,0.2418755,0.08935972,0.4311596,0.1360454,54.76797,0.9777908,3.323116,-0.8677096,86.74523,2417.633,9.935457,86.76151,9.047873,91.77448,8.820133,80.45621,0.09508538,10.14145,0.357244,9.109507,6.335583
"2026-09-30 08:30:00",36,202609300800,202609300830,2491.331,74.77525,440.8844,3.131685,12.04342,0.3537404,22.14136,1,0.6285779,1,1.244858,0,55.54279,0,34.5832,0,5.708834,71.8657,38.62072,25.91609,1,-1.298797,-0.007940295,0,0.3789702,0.08648716,0.4085978,0.167191,48.87524,0.8179234,1.925059,-1.650859,86.76436,2456.707,11.6179,76.63211,10.29093,83.16692,10.28417,75.95967,0.2124053,11.37222,0.5418124,9.366747,6.337649
"2026-09-30 09:00:00",37,202609300830,202609300900,2426.02,92.14382,440.6673,2.938967,11.98307,0.3615161,68.47836,1,-1.439503,0,1.531695,0,68.219,0,75.34923,0,3.282447,41.32111,22.20601,14.90115,1,-2.292635,-0.01888251,1,0.4972628,0.1337927,0.3678626,0.1890911,205.3108,0.7631981,2.13774,-0.935225,86.78429,2423.579,13.96657,65.40153,12.15757,73.19185,12.06088,71.39497,0.384298,13.24049,0.854666,9.997845,6.374422
"2026-09-30 09:30:00",38,202609300900,202609300930,2233.169,19.33372,429.042,3.31717,11.77456,0.3916218,-8.374189,1,-3.638337,0,1.907283,0,84.84209,0,120.9996,0,1.668616,21.00538,11.28832,7.574927,1,-0.460728,-0.008778771,1,0.5681488,0.09142652,0.4495493,0.2176936,338.4665,0.6597906,2.1341,-4.653786,86.7886,2484.642,15.43778,58.45153,13.44874,66.02573,13.77224,66.66033,0.5278293,14.51756,0.8310573,10.95176,6.437634
"2026-09-30 10:00:00",39,202609300930,202609301000,2187.662,28.67293,414.2004,13.02786,11.8469,0.4575876,-11.94688,1,9.721729,2,1.130709,1,50.22439,1,108.6749,0,1.603123,20.18092,10.84525,7.277611,1,-1.215873,-0.0153832,2,0.4882794,0.1213454,0.5834055,0.2491412,185.6203,0.6965603,4.03736,-1.763448,86.79206,2459.471,16.49159,54.95686,14.96825,60.27498,14.9456,63.68143,0.6829617,16.04929,1.027324,12.17328,6.549219
"2026-09-30 10:30:00",40,202609301000,202609301030,2146.038,12.58962,397.3609,4.840065,11.99474,0.4526757,-11.47242,2,-6.146455,1,1.480596,1,65.68414,1,91.82877,1,2.503001,31.50904,16.933,11.36274,1,-7.785585,-0.04766789,1,0.6502157,0.2140769,0.7062402,0.2330938,147.2706,1.008209,3.123913,-0.2753974,86.80345,2240.48,17.02167,53.64684,16.26291,56.2089,15.90956,61.44513,0.818481,17.36253,1.104684,13.60331,6.616125
"2026-09-30 11:00:00",41,202609301030,202609301100,2119.334,10.01593,390.6813,3.738334,11.84008,0.49213,-6.595826,2,-6.875478,1,2.04087,0,90.44969,0,151.3263,0,1.655433,20.83943,11.19914,7.515083,1,-6.792319,-0.06024227,0,0.6209342,0.2410832,0.624079,0.2473349,154.5114,0.9110992,2.924922,-0.3156698,86.80456,2273.589,18.03675,49.69873,17.29872,51.93007,16.97146,59.28606,0.959244,18.38804,1.23945,15.16848,6.746346
"2026-09-30 11:30:00",42,202609301100,202609301130,2123.199,10.66648,397.9076,8.809465,11.5522,0.6021452,-25.89119,1,49.88508,2,0.3869489,2,17.13745,2,136.6038,0,0.7904387,9.950442,5.34738,3.588312,1,-41.97567,-0.1855576,2,0.7376047,0.4236379,1.174078,0.3950211,64.29449,1.322018,6.323098,-0.05108031,86.79403,1494.205,18.81133,46.12221,18.01521,48.35774,18.16267,57.43962,1.073928,19.08057,0.9641566,16.78575,6.849332
"2026-09-30 12:00:00",43,202609301130,202609301200,2120.413,19.3199,413.6751,1.884486,11.08463,0.5560677,5.254599,0,1.423686,0,3.376999,0,149.4455,0,173.7567,0,5.370897,67.61158,36.33455,24.38198,1,-3.54284,-0.04303847,1,0.8861707,0.2043286,0.8277983,0.309322,350.9031,1.800188,4.081572,-0.6052008,86.76314,2381.905,19.51673,42.34552,18.82998,44.06464,19.13071,56.23919,1.223893,19.85485,1.005352,18.37484,6.937617
"2026-09-30 12:30:00",44,202609301200,202609301230,2105.429,9.149881,411.3962,2.021805,10.57341,0.4886163,4.914869,1,3.378088,0,3.141398,0,138.8952,0,174.8571,0,4.214649,53.05614,28.51244,19.13302,1,-0.7537273,-0.01532022,0,0.8830422,0.1221127,1.247518,0.2916228,9.751709,1.552626,3.830006,-2.844702,86.73055,2474.876,20.38532,38.23826,19.75666,39.65719,20.02535,54.11977,1.398551,20.73719,1.026467,19.8314,7.077693
"2026-09-30 13:00:00",45,202609301230,202609301300,2094.006,22.50301,405.0141,3.807326,10.58545,0.5771753,9.126831,1,5.830923,1,3.266943,0,144.3171,0,174.5348,0,2.37518,29.89997,16.06828,10.78248,1,-5.192718,-0.05529933,2,1.352712,0.2323902,1.109406,0.297482,37.24411,1.697127,5.089622,-0.4129109,86.71362,2326.909,21.25501,36.27081,20.68378,37.46452,20.85961,52.92691,1.534213,21.66856,1.034558,21.16838,7.200547
"2026-09-30 13:30:00",46,202609301300,202609301330,2059.498,19.94457,398.6605,3.287817,10.60526,0.7118938,7.840181,2,-0.8555253,0,3.410914,0,150.5567,0,154.018,0,4.318493,54.36338,29.21495,19.60443,1,-2.650115,-0.03259179,1,1.070453,0.1786745,0.8886216,0.2948361,137.1628,1.59306,8.181127,-0.8090706,86.69846,2411.663,22.06596,34.57367,21.51129,35.66406,21.58221,52.08062,1.66006,22.50129,0.9918508,22.36823,7.313468
"2026-09-30 14:00:00",47,202609301330,202609301400,2039.912,7.228173,396.6997,2.471552,10.59675,0.6746722,3.048869,0,-1.810474,0,2.536386,0,111.8884,0,135.8917,0,4.338627,54.61684,29.35116,19.69584,1,-1.642664,-0.02162086,1,0.7781541,0.1456918,0.8936255,0.2741976,167.7449,1.292658,4.301491,-1.305276,86.68464,2445.245,22.98165,32.70543,22.13083,34.31417,22.19068,51.45977,1.759942,23.12147,0.9344659,23.47632,7.420854
"2026-09-30 14:30:00",48,202609301400,202609301430,2036.03,6.688589,397.7867,2.31371,10.79658,0.626807,-1.377443,2,-3.744,0,2.255781,0,99.45618,0,119.1278,0,1.260049,15.86214,8.524333,5.720179,1,-27.60903,-0.1297365,1,1.110653,0.3572889,0.6732776,0.3140709,116.1411,1.286258,4.220353,-0.07766046,86.65993,1579.699,23.66498,31.97967,22.69019,33.77629,22.9769,51.0103,1.83478,23.70151,0.8410439,24.39978,7.517361
"2026-09-30 15:00:00",49,202609301430,202609301500,2027.208,7.450551,396.7495,2.297343,10.94111,0.7335797,4.756436,1,-5.287468,0,2.742101,0,120.7996,0,124.3725,0,1.84397,23.21283,12.47461,8.370974,1,-6.168887,-0.0492845,0,0.7178797,0.2205591,0.9589906,0.2687083,168.3135,1.177051,3.550143,-0.3475716,86.63846,2294.37,24.32813,31.11174,23.53064,32.51979,23.50213,50.82681,1.967631,24.5585,0.9420088,25.08323,7.580527
"2026-09-30 15:30:00",50,202609301500,202609301530,2021.125,7.526375,398.0498,2.185227,10.88027,0.6997572,4.625479,2,-1.423811,0,2.600518,0,114.4929,0,96.55688,0,1.659412,20.88952,11.22606,7.533146,1,-12.12106,-0.06572842,0,0.8405901,0.2549763,0.8803242,0.2836861,207.2248,1.152118,5.393478,-0.1768929,86.63867,2095.965,25.40749,29.07063,24.15751,31.1586,24.31421,50.01447,2.083713,25.18175,0.7806103,"NAN","NAN"
"2026-09-30 16:00:00",51,202609301530,202609301600,2009.115,7.35976,397.7615,2.334247,10.77653,0.7996488,3.523595,1,-4.668574,0,2.245909,0,98.85853,0,59.68863,0,4.97321,62.6053,33.64417,22.57662,1,-2.916254,-0.0187729,0,0.5104088,0.1363268,0.7046478,0.1803139,181.2849,1.165986,3.054064,-0.7352343,86.62569,2402.792,25.5299,28.54751,24.3874,30.42537,24.44425,49.68798,2.13399,25.4026,0.6621759,25.4506,7.644366
"2026-09-30 16:30:00",52,202609301600,202609301630,2004.836,6.64618,397.0671,2.402529,11.06085,0.7692353,0.8920485,2,-3.2385,1,1.956276,1,86.08916,1,37.29371,1,4.44636,55.97303,30.07998,20.1849,1,-6.0497,-0.02284173,0,0.5938225,0.1504495,0.5599967,0.1879759,193.217,1.084516,3.822647,-0.3544192,86.62277,2298.343,25.86082,28.75034,24.63388,30.78882,24.60625,50.09698,2.15446,25.67679,0.5548195,24.7087,7.624979
"2026-09-30 17:00:00",53,202609301630,202609301700,2015.369,22.53867,396.0462,5.057138,11.06461,0.8349643,-9.70123,2,2.162056,2,0.9436394,0,41.53891,0,27.58421,0,5.003242,62.98334,33.84732,22.71295,1,-8.414637,-0.02261285,1,0.5361679,0.1496231,0.3984439,0.1525035,63.22281,1.115163,3.096967,-0.2548096,86.61457,2219.512,25.79419,28.95712,24.32331,31.41618,24.9107,49.6248,2.096526,25.36545,0.4181105,23.85108,7.554847
"2026-09-30 17:30:00",54,202609301700,202609301730,2134.771,62.75014,389.2356,6.134662,13.7809,0.6205975,-208.5392,1,17.25946,1,-1.261658,2,-55.63366,2,49.47029,2,9.178741,115.5467,62.09491,41.66824,1,-4.325297,-0.01930033,2,0.3150937,0.137896,0.3451889,0.1598219,48.69263,1.765643,3.093441,-0.4957184,86.60387,2355.823,23.29737,41.75296,22.54481,43.58823,23.14493,55.43907,1.5511,23.83647,0.496001,23.10241,7.482594
"2026-09-30 18:00:00",55,202609301730,202609301800,2322.494,160.9892,398.9482,10.93173,14.64745,0.5015275,182.8462,2,35.77819,2,-1.482188,2,-65.51935,2,-68.631,2,9.702981,155.7198,73.68437,46.57402,1,1.810486,-0.01476094,2,0.4120934,0.1201032,0.2621753,0.1217517,44.94342,1.442348,3.378608,1.184284,86.58717,110.6636,20.63917,52.09375,19.99109,54.12251,20.72782,60.31099,1.08072,21.35276,0.9617165,22.30342,7.410555
"2026-09-30 18:30:00",56,202609301800,202609301830,2735.089,536.7615,420.3997,8.795325,14.03632,0.3088935,-25.2505,2,3.912284,2,0.03079487,2,1.363827,2,-6.628155,2,13.68781,219.671,103.9452,65.7011,1,5.432157,-0.006214653,1,0.4340106,0.07766414,0.2981783,0.04900494,354.5158,1.340765,2.831644,0.3947106,86.58262,114.6002,18.086,58.37401,18.04289,58.55939,18.26978,63.53611,0.8629122,19.33865,0.5631739,21.41563,7.344154
"2026-09-30 19:00:00",57,202609301830,202609301900,3125.326,900.4801,423.8562,18.87851,13.24505,0.6083407,-354.2889,2,-4.78623,2,0.1882682,2,8.343964,2,11.37567,2,3.250886,40.9238,21.9925,14.75787,1,-26.97626,-0.02700594,1,0.4748406,0.1616461,0.6921413,0.05315184,346.1292,1.038227,2.343541,-0.07948209,86.60131,1600.791,17.20061,58.34319,17.28988,58.19658,17.40075,63.15634,0.8377409,18.50889,1.04611,20.46686,7.259051
"2026-09-30 19:30:00",58,202609301900,202609301930,3406.479,469.084,435.4006,13.05856,13.24873,0.1811704,-25.03716,2,-6.847177,2,-0.3917103,2,-17.38809,2,10.21922,2,0.4951369,6.233034,3.34964,2.247746,1,-177.854,-0.08037776,1,0.9567091,0.2780088,0.5084378,0.080807,307.252,0.966773,2.142449,-0.01205556,86.64266,1428.458,15.57474,64.67924,15.63232,64.51614,15.74266,66.21852,0.6366435,16.84483,0.8131532,19.52633,7.172461
"2026-09-30 20:00:00",59,202609301930,202609302000,2832.326,1223.712,438.0049,22.65841,12.85299,0.3528071,-30.76237,2,0.354396,2,0.04526652,2,2.008724,2,-12.33411,2,9.227078,148.0822,70.07037,44.2897,1,14.96423,-0.01866491,2,0.8520362,0.1340072,0.7185534,0.06095939,261.9472,1.809048,2.979437,0.1432837,86.68131,124.9611,16.04622,61.08765,15.97744,61.65934,15.98991,65.18237,0.7168812,17.15483,1.639876,18.65478,7.100367
"2026-09-30 20:30:00",60,202609302000,202609302030,3056.92,582.3467,470.4933,21.09962,13.12996,0.2020323,31.03234,2,2.916231,2,-0.08312796,2,-3.693862,2,-3.55245,2,6.18113,99.19882,46.93946,29.66924,1,91.84338,-0.02873557,1,1.006631,0.165849,0.8528145,0.1103546,4.339386,1.738054,3.218142,0.0233455,86.70936,208.5254,14.8041,67.58868,14.56019,68.74341,15.05568,67.5006,0.5307384,15.7573,1.36105,17.88994,7.024076
"2026-09-30 21:00:00",61,202609302030,202609302100,2731.793,123.6176,445.1037,10.18699,13.00262,0.1018605,-4.128714,2,8.775828,2,0.04883437,2,2.170432,2,-39.16114,2,6.450388,103.5201,48.9842,30.96167,1,7.167408,-0.02493477,1,0.5955359,0.1543973,1.164331,0.1030007,98.39255,1.655127,3.201554,0.29915,86.74825,116.4863,14.26814,69.23165,14.35154,69.06278,14.43564,68.22781,0.5192403,15.5361,1.399462,"NAN","NAN"
"2026-10-01 06:30:00",80,202610010600,202610010630,3070.683,292.3174,533.4245,31.03662,10.2436,0.5667855,-165.2649,2,-14.93809,2,0.2219814,2,9.952993,2,14.16687,2,1.846543,23.24522,12.49201,8.382652,1,-4.495069,-0.009890796,2,0.5833529,0.09545241,0.1833174,0.03370145,162.1643,0.5944495,1.230553,-0.4769959,87.05681,2350.164,4.468097,101.4607,5.14376,100.7554,4.678107,85.39701,-0.004589558,6.04627,1.252586,9.902402,6.337233
"2026-10-01 07:00:00",81,202610010630,202610010700,3249.567,440.5604,518.8417,21.24311,10.44994,0.5552562,-81.84212,2,1.769643,2,-0.05610115,2,-2.514476,2,-1.312286,2,9.538907,153.0866,72.43839,45.78648,1,17.09195,-0.005143701,2,0.6271229,0.06888034,0.5874971,0.0598328,52.21542,1.08738,3.079864,0.1254468,87.07166,127.2739,5.336111,99.13676,5.534955,100.029,5.490671,85.13929,0.0009112954,6.457011,1.050851,9.678313,6.338597
"2026-10-01 07:30:00",82,202610010700,202610010730,3521.434,93.89204,539.8782,5.071503,11.2183,0.6201944,3.833557,2,0.660395,2,0.2829802,2,12.67461,2,10.90971,2,4.103738,51.65994,27.76212,18.62952,1,-2.009019,-0.004918332,2,0.3707991,0.06743808,0.3348151,0.06017645,113.917,0.5698593,1.250575,-1.067252,87.10555,2433.033,7.138174,96.09054,6.254165,102.1741,5.776862,86.47673,-0.02004254,7.246832,1.02028,9.487015,6.339844
"2026-10-01 08:00:00",83,202610010730,202610010800,2868.009,423.6481,487.6647,31.81391,12.66625,0.3261483,-26.4989,2,0.8501858,2,0.5005705,2,22.3566,2,19.18756,2,5.843391,73.55957,39.53101,26.52693,1,-3.232018,-0.009732932,0,0.4112843,0.09538232,0.3621343,0.1289788,184.8765,0.8547336,2.658257,-0.6634028,87.1392,2392.266,10.37637,87.74656,9.24669,94.30458,8.387725,84.90299,0.06947148,10.38001,0.8388553,9.437876,6.339593
"2026-10-01 08:30:00",84,202610010800,202610010830,2397.322,78.7404,459.3226,11.70261,12.51731,0.369583,-61.26662,1,-13.28788,1,0.9728411,1,43.39082,1,64.15246,1,4.017019,50.56827,27.17545,18.23585,1,-4.510067,-0.02656612,1,0.4908352,0.1579416,0.3798701,0.1617701,206.5079,0.9768372,2.780519,-0.4754098,87.17252,2349.665,11.71804,79.4403,10.65699,84.86058,10.3763,77.39561,0.1983865,11.78251,0.846419,9.692191,6.343811
"2026-10-01 09:00:00",85,202610010830,202610010900,2208.414,27.62831,439.2868,2.787102,12.20366,0.3300782,4.271944,2,-3.57588,2,1.037936,2,46.20932,2,52.46993,2,4.092455,51.5179,27.68579,18.5783,1,-1.256597,-0.009926604,1,0.3451212,0.09685061,0.497938,0.1819873,178.9121,0.7432436,2.01123,-1.706298,87.19988,2458.113,14.30831,65.5338,12.5765,72.88127,12.27873,71.91663,0.3999544,13.68112,0.8736418,10.31924,6.344718
"2026-10-01 09:30:00",86,202610010900,202610010930,2255.656,21.40335,431.6519,2.921842,12.3812,0.3691137,9.382978,1,-2.992065,0,1.853785,0,82.41384,0,122.8739,0,1.236288,15.56303,8.363589,5.612313,1,-4.946353,-0.04307543,1,0.5008878,0.2022678,0.6918225,0.2324288,185.4597,0.8335384,2.154523,-0.4334769,87.21252,2335.122,15.76953,60.40977,14.06279,67.05258,14.11381,67.8878,0.5330584,15.18941,0.8285055,"NAN","NAN"
"2026-10-01 10:00:00",87,202610010930,202610011000,2158.253,57.84784,417.649,6.029575,12.36254,0.3959246,45.35305,1,1.410844,1,1.888561,0,83.84548,0,110.6096,0,2.075038,26.12163,14.0378,9.419941,1,-5.289054,-0.04193732,1,0.5976287,0.2000496,0.6076752,0.2296541,167.6201,0.9176512,2.893504,-0.40539,87.23053,2323.698,16.70651,56.77094,15.48408,61.11614,15.39745,65.0695,0.6896563,16.61456,0.8991463,12.48027,6.514821
"2026-10-01 10:30:00",88,202610011000,202610011030,2100.992,10.44077,410.2752,1.482577,12.31896,0.4894099,7.605013,1,-3.306629,0,1.817593,0,80.60338,0,125.8165,0,6.732965,84.75797,45.54904,30.56528,1,-0.5148378,-0.009588951,1,0.5896887,0.09584946,0.5998151,0.2403083,168.2327,1.098174,3.128001,-4.16467,87.23669,2482.839,17.80143,52.72868,16.6643,56.45934,16.56718,62.66956,0.8321044,17.79543,0.9763382,13.89603,6.57871
"2026-10-01 11:00:00",89,202610011030,202610011100,2089.466,8.291071,407.1127,1.683492,12.21849,0.5314752,1.859854,1,-2.830549,0,2.193537,0,97.16554,0,139.5007,0,3.885064,48.90715,26.28277,17.63682,1,-1.988758,-0.0252473,1,0.7432097,0.1558411,0.6780327,0.2471989,201.4064,1.154297,3.200604,-1.078125,87.2356,2433.708,18.74377,49.26632,17.83612,51.99538,17.78621,60.4577,0.9880555,18.96255,1.051109,"NAN","NAN"
"2026-10-01 11:30:00",90,202610011100,202610011130,2091.322,12.52565,406.96,1.735348,12.20324,0.4945386,-2.444502,2,-2.237522,0,2.361165,0,104.4835,0,183.5713,0,1.90662,24.0015,12.89844,8.655382,1,-3.398824,-0.04296977,1,0.7597346,0.2036833,0.7713951,0.2710595,128.5228,1.06164,3.090808,-0.6308445,87.23331,2386.706,19.85899,45.93444,18.90364,48.59785,18.98518,58.63134,1.131816,20.03275,1.073478,17.0165,6.816994
"2026-10-01 12:00:00",91,202610011130,202610011200,2062.571,11.14315,407.0742,1.716266,12.16199,0.5366252,14.08738,1,-3.626305,0,2.802538,0,123.8781,0,179.2438,0,5.048174,63.54897,34.1513,22.91693,1,-0.950634,-0.01810456,2,0.7316186,0.1324879,0.6075798,0.2756428,111.3942,1.186965,2.994504,-2.255473,87.20762,2468.312,20.77513,43.19267,20.04636,45.08928,20.16754,57.04746,1.297554,21.17603,1.096261,18.59405,6.910415
"2026-10-01 12:30:00",92,202610011200,202610011230,2066.275,19.2068,408.8831,2.126694,12.2829,0.5325606,-16.42673,1,-2.478314,0,2.816969,0,124.3771,0,175.5199,0,2.308753,29.06375,15.6189,10.48092,1,-3.235491,-0.04026146,1,0.9459847,0.1980012,0.894632,0.281186,31.60815,1.321885,3.240818,-0.6626906,87.17742,2392.15,22.15971,40.08826,21.20342,42.37067,21.53957,55.84925,1.461267,22.34891,1.064271,20.09925,7.028561
"2026-10-01 13:00:00",93,202610011230,202610011300,2029.69,9.867156,402.308,1.843677,11.37798,0.8158001,-5.025712,2,-4.476498,0,2.979588,0,131.445,0,165.7282,0,4.05157,51.00322,27.40919,18.3927,1,-2.842879,-0.0355853,0,0.7817746,0.1864014,1.030548,0.2523435,187.0539,1.517098,4.621549,-0.7542106,87.17158,2405.237,22.66378,36.00091,22.08702,37.17784,22.12989,53.34208,1.680707,23.1509,1.064404,21.48897,7.162577
"2026-10-01 13:30:00",94,202610011300,202610011330,2008.495,9.554295,399.7515,1.92731,10.14844,0.7759501,-6.452445,1,-5.291146,0,2.499391,0,110.1828,0,136.537,0,11.2258,141.316,75.94341,50.96115,1,-0.1577068,-0.004543929,2,0.8700576,0.06668498,0.5502918,0.2448756,153.1323,1.24106,4.315788,-13.59568,87.14784,2494.743,23.56944,30.37024,22.82236,31.68901,22.8972,50.2494,1.909449,23.77316,0.9761842,22.77488,7.272157
"2026-10-01 14:00:00",95,202610011330,202610011400,2014.592,7.287961,400.144,1.856864,11.60316,0.8275642,-0.3148364,0,-4.060166,0,3.272721,0,144.1568,0,186.3787,0,2.379624,29.95591,16.09834,10.80265,1,-9.021793,-0.08259243,1,0.7209759,0.2848064,1.042989,0.274211,174.3088,1.435719,3.796446,-0.2376612,87.13509,2199.273,24.38281,33.07312,23.66352,34.41057,23.65491,51.92794,1.929282,24.75442,1.089859,23.89888,7.386301
"2026-10-01 14:30:00",96,202610011400,202610011430,2008.666,7.273325,401.197,1.646289,11.37277,0.7428771,1.507479,1,-4.669543,0,2.514664,0,110.7493,0,127.6025,0,4.364068,54.93711,29.52327,19.81133,1,-8.085822,-0.05983488,0,0.8834504,0.2425131,0.8299941,0.268885,143.9086,1.705605,4.466267,-0.2651715,87.10203,2230.473,24.42053,32.31208,23.81921,33.4132,23.79212,51.47098,1.975484,24.88882,0.8588589,24.78456,7.467072
"2026-10-01 15:00:00",97,202610011430,202610011500,2006.905,7.533701,401.4623,1.938766,10.5921,0.7551029,-4.796023,1,2.233968,2,2.296788,0,101.1327,0,80.09762,0,0.944815,11.89381,6.391749,4.289126,1,-56.61187,-0.1629951,1,1.625234,0.4003945,1.084114,0.2581246,210.0743,1.800381,5.285428,-0.03787421,87.08205,1487.123,24.84817,29.35379,24.03369,30.69318,24.28496,49.76672,2.081121,25.03032,0.7232068,25.42233,7.537796
"2026-10-01 15:30:00",98,202610011500,202610011530,2002.644,6.41949,401.652,1.453206,10.05146,0.6725903,0.6226428,1,-2.179625,0,2.102679,0,92.54617,0,74.42928,0,4.114859,51.79993,27.83735,18.68001,1,-8.120077,-0.04245432,0,0.8223514,0.2044792,0.725257,0.2174865,181.3254,1.407716,4.073394,-0.2640529,87.0779,2229.331,25.35522,27.03333,24.47436,28.38767,24.36518,48.77753,2.20881,25.42129,0.7302872,25.73774,7.579441
"2026-10-01 16:00:00",99,202610011530,202610011600,2003.257,8.820111,402.4223,1.486227,9.89099,0.663232,4.057073,2,-2.270699,0,1.930201,0,84.9537,0,59.07915,0,2.454371,30.89687,16.60402,11.14198,1,-6.597218,-0.03192844,1,0.805057,0.1773381,0.7718773,0.2102513,165.1164,1.108371,5.884353,-0.3250052,87.06667,2280.093,25.6832,26.11354,24.48764,27.90369,24.53871,48.44568,2.224557,25.41936,0.6040489,25.62605,7.576057
"2026-10-01 16:30:00",100,202610011600,202610011630,2043.755,44.6226,404.1079,0.8389658,9.728442,0.6132116,42.06195,1,1.625672,1,2.333857,0,102.7449,0,31.54749,0,6.194604,77.98082,41.90699,28.12132,1,-3.804234,-0.01556783,1,0.5610383,0.1237808,0.5358815,0.2041924,336.2728,1.217556,2.960875,-0.5636166,87.05733,2373.192,25.46983,26.01885,24.23482,27.8572,24.68983,48.04339,2.191277,25.15036,0.3353735,24.81343,7.558063
"2026-10-01 17:00:00",101,202610011630,202610011700,2014.997,8.950911,403.9334,2.037636,10.34788,0.8066779,4.514111,1,0.3413428,1,1.371206,1,60.38654,1,9.064235,1,4.912664,61.84311,33.23457,22.30176,1,-9.610681,-0.01402165,2,0.9154181,0.1174194,0.5566673,0.1459947,78.37476,1.242449,2.655183,-0.2230986,87.05217,2179.644,25.10357,28.28405,23.87475,30.31017,24.42271,49.37315,2.072279,24.84761,0.2160035,23.94356,7.483617
"2026-10-01 17:30:00",102,202610011700,202610011730,2065.896,137.1631,405.8995,2.830511,10.20346,0.5987518,27.47601,2,1.37256,2,0.2785102,2,12.27055,2,0.5145682,2,16.15687,203.3909,109.3025,73.34649,1,-7.381067,-0.002531378,0,0.2805465,0.04985427,0.2031648,0.0604304,76.77127,1.131441,2.305343,-0.2904905,87.04465,2253.964,24.44726,28.96927,23.43303,30.6996,23.97242,49.48391,2.006886,24.39079,0.1868722,23.17819,7.414671
"2026-10-01 18:00:00",103,202610011730,202610011800,3184.519,1157.513,418.4507,17.99323,11.62764,1.065844,81.38891,2,1.451543,2,0.1486753,2,6.560139,2,-0.4406774,2,25.45696,408.5499,193.32,122.1927,1,62.97502,-0.0009614847,0,0.1323452,0.03065467,0.1827268,0.02325396,11.35226,0.9789919,1.489531,0.03404731,87.03502,177.1468,23.03153,35.9781,21.88143,38.52748,22.63392,52.86062,1.624452,22.96761,0.5860727,22.32354,7.351016
"2026-10-01 18:30:00",104,202610011800,202610011830,3178.139,952.3146,430.4462,14.96154,13.15237,0.5323104,-184.8063,2,3.017354,2,-0.01769853,2,-0.7837568,2,-19.47577,2,8.020648,128.7206,60.90874,38.49887,1,8.945616,-0.01799398,2,0.2065979,0.1318205,0.7696619,0.07970523,24.5687,1.497757,5.259474,0.239685,87.01517,118.4192,18.44225,54.16415,18.13101,55.10995,18.95993,60.47716,0.9503664,19.34495,1.277259,21.37949,7.267841
"2026-10-01 19:00:00",105,202610011830,202610011900,3826.75,893.9005,435.1682,13.49386,12.86356,0.2457282,-197.3521,2,-0.9807603,2,0.04454894,2,1.976764,2,-0.5269243,2,11.84534,190.1017,89.95338,56.85726,1,29.50166,-0.003045754,2,0.6204211,0.05403595,0.4521344,0.03738972,350.3687,0.9951243,1.862127,0.07267828,87.0144,140.7627,15.8656,61.84359,16.03886,61.23316,16.15349,64.51215,0.7112725,17.21759,0.610617,20.38798,7.182157
"2026-10-01 19:30:00",106,202610011900,202610011930,3084.443,233.733,414.8846,4.56126,12.21466,0.08516991,32.5285,2,1.181648,2,0.004779055,2,0.2121742,2,-5.715346,2,20.38884,327.2134,154.8327,97.86581,1,0.1278645,-0.0004711671,2,0.2655566,0.02122805,0.5042108,0.03066049,183.146,0.6800429,1.646856,16.76877,87.02926,108.8346,15.32398,60.89571,15.47986,60.38971,15.66506,63.85281,0.7056029,16.5966,1.056773,19.39683,7.103573
"2026-10-01 20:00:00",107,202610011930,202610012000,3092.717,333.5233,419.3376,10.12109,12.11842,0.1926572,-18.4186,2,1.922618,2,0.01241233,2,0.5519164,2,-3.941995,2,4.202907,67.451,31.91685,20.17383,1,4.705124,-0.004075791,2,0.3464279,0.06225196,0.2484201,0.03473577,174.024,0.5052623,0.9351075,0.455701,87.05167,113.8099,13.43372,68.18913,13.87235,66.4603,14.1204,66.49271,0.5382833,14.9741,0.8342344,18.46505,7.012802
"2026-10-01 20:30:00",108,202610012000,202610012030,5841.743,3458.74,487.5537,63.88433,11.5522,0.800949,-396.4711,2,-3.393374,2,-0.1532405,2,-6.823434,2,4.239491,2,13.04467,164.2129,88.24822,59.21819,1,-2.716969,-0.002806024,2,0.3570773,0.05150842,0.321218,0.03065786,29.38199,0.9846473,1.618012,-0.7891623,87.07408,2409.434,12.27877,70.18841,12.40649,69.79539,12.55339,68.33201,0.4420241,13.45111,0.870027,17.60062,6.933961
"2026-10-01 21:00:00",109,202610012030,202610012100,4638.472,969.0093,464.3698,12.95743,10.41374,0.1635502,140.9672,2,-1.086405,2,-0.01171771,2,-0.5218209,2,-0.7259228,2,23.36674,375.0046,177.4468,112.1596,1,14.07782,-0.002851862,2,0.4228061,0.0519022,0.245731,0.0296268,352.098,1.510543,2.46303,0.1523055,87.0857,123.9976,12.02213,64.27718,12.28822,63.23861,12.13313,65.465,0.5279753,13.22914,0.2932068,16.81077,6.863011
"2026-10-01 21:30:00",110,202610012100,202610012130,5322.953,809.25,471.013,15.34341,10.44175,0.363295,-112.677,2,-0.9944386,2,0.05635079,2,2.511232,2,4.650075,2,10.79912,135.9448,73.05689,49.02418,1,-8.27444,-0.006872664,1,0.2656959,0.0804636,0.5169563,0.0382558,7.485535,1.3061,2.035458,-0.2591269,87.09391,2224.185,11.43578,67.03497,11.54613,66.62432,11.62895,66.50924,0.4579585,12.48715,0.7103351,16.08846,6.80957
"2026-10-01 22:00:00",111,202610012130,202610012200,4776.28,1234.659,467.2837,21.7119,10.11686,0.08384,-611.4654,2,-10.2778,2,0.005378501,2,0.2400931,2,8.24353,2,18.65564,234.8467,126.2069,84.69003,1,-2.022257,-0.003883134,1,0.2261643,0.06028512,0.2289626,0.03409279,1.593018,1.56743,2.14795,-1.060266,87.11064,2432.591,9.52475,73.83202,9.782799,72.68492,9.73488,69.64319,0.3348845,10.68874,0.8013738,15.43699,6.760375
"2026-10-01 22:30:00",112,202610012200,202610012230,3975.447,741.0957,453.047,19.58367,9.955549,0.1617942,261.0345,2,6.879165,2,0.0467876,2,2.087475,2,-17.22121,2,9.827246,157.7141,74.62803,47.17049,1,6.548571,-0.01378372,1,0.39083,0.1136731,0.6565731,0.07910147,349.0307,1.527349,2.78679,0.3274195,87.13152,115.8137,10.06011,70.08282,10.33274,69.03274,10.13811,68.18665,0.39521,11.22592,1.005275,14.84596,6.730536
"2026-10-01 23:00:00",113,202610012230,202610012300,3389.134,236.4756,429.1636,5.096166,9.780873,0.1731581,-56.50222,2,1.040709,2,0.01197827,2,0.5336404,2,-2.552102,2,5.48719,88.06201,41.66968,26.33835,1,16.69266,-0.007140174,2,0.6519843,0.082026,0.3968494,0.0507634,309.2964,0.8380522,1.934859,0.1284475,87.1456,126.8398,11.37196,63.0565,11.86455,61.15366,11.34461,64.99263,0.5433921,12.74665,0.4775441,14.32184,6.65129
"2026-10-01 23:30:00",114,202610012300,202610012330,3254.046,295.5696,462.161,13.99377,10.11786,0.2690815,20.49232,2,0.4034442,2,-0.1011234,2,-4.519147,2,-6.007638,2,14.06568,225.7352,106.8147,67.51483,1,2.265394,-0.003501386,2,0.3871625,0.05711644,0.4683917,0.04845995,208.0638,1.093822,2.066132,0.946471,87.13986,111.158,8.652283,78.62646,8.608323,78.83866,9.152751,70.89608,0.2435324,9.51058,1.150523,13.84454,6.623059
"2026-10-02 00:00:00",115,202610012330,202610020000,2975.233,124.675,481.4565,5.590978,10.23293,0.1354947,-36.53725,2,-0.736724,2,0.00122928,2,0.05497313,2,3.821925,2,31.40567,395.3505,212.4618,142.5706,1,-0.5540316,-0.0009872197,2,0.4287384,0.03029217,0.1535801,0.0258742,223.5105,1.32169,2.209959,-3.87005,87.13184,2481.532,7.738267,84.26986,7.896193,83.44991,7.916406,74.6315,0.178405,8.806484,0.6396682,13.38466,6.557696
"2026-10-02 00:30:00",116,202610020000,202610020030,2894.921,261.6756,466.8316,16.15365,10.04313,0.1257306,-105.5401,2,-5.660759,2,-0.03927398,2,-1.755964,2,11.4083,2,5.766403,72.59041,39.01017,26.17743,1,-8.882219,-0.01291985,1,0.6558287,0.1096177,0.3307099,0.04028611,252.5054,0.9823914,2.472688,-0.2413957,87.14022,2203.926,7.713965,82.83537,8.111489,80.85078,7.785542,74.2893,0.2117407,9.005456,0.9501079,12.94152,6.53437
"2026-10-02 01:00:00",117,202610020030,202610020100,2711.986,566.9023,452.9672,17.01198,9.907845,0.2058133,-465.7384,2,-8.27459,2,-0.2683809,2,-11.99313,2,10.3892,2,2.179291,27.43402,14.74308,9.893209,1,-55.76211,-0.03959719,1,0.450019,0.1920793,0.6262307,0.07896396,275.3947,0.8559346,4.231528,-0.03845137,87.14784,1487.534,8.335097,78.38844,8.665981,76.8989,8.453982,72.11627,0.2660249,9.54963,1.143473,12.51381,6.554594
"2026-10-02 01:30:00",118,202610020100,202610020130,2710.063,565.5437,463.722,43.66149,9.488853,0.2934645,-265.7376,2,-20.15784,2,0.1188127,2,5.31143,2,37.65438,2,8.342117,105.0148,56.43509,37.87027,1,-1.707027,-0.0096471,2,0.4324962,0.09473037,0.7855855,0.03560714,191.23,1.376235,2.05969,-1.256061,87.14429,2443.099,8.399938,75.58755,8.26117,76.73447,8.764,69.59009,0.2871627,9.106297,2.91097,12.12079,6.491286
"2026-10-02 02:00:00",119,202610020130,202610020200,3684.554,766.1016,524.3943,27.66452,9.251852,0.4488158,-319.8835,2,-12.39935,2,0.286842,2,12.86835,2,14.95876,2,3.328832,41.90503,22.51982,15.11172,1,-7.615376,-0.01470485,1,0.3371039,0.1161791,0.6336411,0.05770317,90.71283,0.8182892,1.911707,-0.2815527,87.15004,2246.154,4.186251,97.09633,4.554885,94.97961,4.474298,80.19578,0.0449118,5.3679,1.171651,"NAN","NAN"
"2026-10-02 02:30:00",120,202610020200,202610020230,3272.069,374.7231,512.3371,12.91573,9.620013,0.2793708,-47.07327,2,-0.9073744,2,0.07858791,2,3.523817,2,3.11241,2,2.103635,26.48162,14.23126,9.549758,1,-10.57268,-0.006476085,2,0.6116289,0.07717099,0.584779,0.04637804,191.736,0.8242245,1.699475,-0.2027991,87.17181,2147.577,4.778437,96.70155,5.094222,95.13033,4.948369,80.85703,0.04344714,5.941249,0.5999277,11.43105,6.411081
"2026-10-02 03:00:00",121,202610020230,202610020300,2892.787,157.9658,488.7468,10.66871,9.647804,0.1963742,88.22583,2,5.41208,2,0.05606796,2,2.511937,2,-2.639242,2,42.26641,678.319,320.9709,202.8775,1,0.8838291,-0.0010212,2,0.3853299,0.03069044,0.3131152,0.04754221,247.0773,1.621955,2.563108,2.425955,87.18729,109.6563,5.583456,92.13206,5.974656,89.80438,5.592435,79.52061,0.0964101,6.82678,0.5529988,11.10184,6.3762
"2026-10-02 03:30:00",122,202610020300,202610020330,2407.697,116.8334,451.6311,8.819449,9.78642,0.1026964,-20.24819,2,-1.349889,2,0.02666772,2,1.192791,2,2.778403,2,7.351674,92.5466,49.73466,33.374,1,-7.639774,-0.004668782,1,0.2617142,0.06582525,0.6228495,0.03622147,213.4263,0.875134,1.909368,-0.2806536,87.19157,2245.341,7.029764,84.49511,7.70573,80.91057,7.223787,75.32201,0.2029553,8.575541,0.6512136,10.79091,6.337011
"2026-10-02 04:00:00",123,202610020330,202610020400,2973.12,317.452,498.3716,29.48522,9.285468,0.4113338,588.4078,2,39.81402,2,-0.4556651,2,-20.43465,2,-73.46241,2,0.8611572,13.82041,6.539622,4.133529,1,40.17784,-0.125869,1,1.474795,0.3400297,0.2795467,0.106299,130.4335,1.430895,2.639916,0.05336598,87.20567,152.3672,4.926352,92.09219,4.939506,93.15132,5.302871,78.10328,0.06797403,5.756684,1.774219,"NAN","NAN"
"2026-10-02 04:30:00",124,202610020400,202610020430,2975.467,141.6759,484.7758,9.342144,9.657552,0.1968669,-32.9457,2,-0.4573875,2,-0.01067147,2,-0.4782867,2,-0.7620066,2,7.933222,127.3175,60.24483,38.07923,1,15.81881,-0.003250383,1,0.2431244,0.05470137,0.3572924,0.03710461,242.5648,0.6488973,1.224193,0.1355431,87.22623,125.89,5.097931,95.39077,5.563417,92.53523,5.152867,80.86573,0.06911832,6.41519,0.683277,10.25187,6.343083
"2026-10-02 05:00:00",125,202610020430,202610020500,2971.103,334.5197,484.9644,17.80377,9.587377,0.1953912,-141.5194,2,-5.439145,2,0.03731136,2,1.671929,2,1.306591,2,0.8390988,10.563,5.67657,3.809212,1,-243.7783,-0.02950905,1,0.3615942,0.1648709,0.7597327,0.05971187,299.7813,0.8052748,2.534321,-0.008795409,87.2355,1396.559,5.265908,93.59137,5.77477,90.55218,5.394404,79.64899,0.08886898,6.620994,0.7786932,9.996223,6.341788
"2026-10-02 05:30:00",126,202610020500,202610020530,3259.949,341.8082,488.8723,17.99063,9.358686,0.3300651,80.4986,2,7.423456,2,-0.01495885,2,-0.6706856,2,-10.14649,2,3.678473,59.03453,27.93429,17.65656,1,2.275175,-0.004915728,2,0.9560437,0.06721879,0.5719633,0.08591978,207.0982,1.074751,3.371438,0.9424021,87.23077,111.1687,4.891904,93.78011,5.183096,92.12364,5.131885,79.25572,0.0724538,6.007347,1.036379,9.749775,6.336777
"2026-10-02 06:00:00",127,202610020530,202610020600,3025.121,146.4179,490.8975,13.31063,9.055197,0.2897007,26.22955,2,4.303691,2,-0.1786716,2,-8.019515,2,-19.79583,2,6.126371,98.32001,46.52362,29.4064,1,13.33692,-0.02538236,1,0.280197,0.1524175,0.8111755,0.06476422,187.4395,1.396686,2.504697,0.1607665,87.23468,123.1923,3.859022,97.36389,4.039316,96.50346,4.054226,81.10433,0.03000253,4.833447,0.8656589,9.520216,6.272962
"2026-10-02 06:30:00",128,202610020600,202610020630,2761.424,55.17217,483.1103,5.27031,9.078081,0.1212587,-4.471676,2,0.1441335,2,-0.00464387,2,-0.2084444,2,-1.111136,2,31.12864,499.5727,236.3906,149.4165,1,2.60776,-0.001243603,2,0.3012783,0.033732,0.1780304,0.03078784,215.0624,1.298768,2.049642,0.8222114,87.24985,111.5302,3.722261,98.68698,3.996903,97.04564,4.221578,82.06052,0.02442557,4.792832,0.38773,9.31445,6.244923
"2026-10-02 07:00:00",129,202610020630,202610020700,2657.473,109.8341,481.9386,13.189,9.136379,0.2789269,53.42478,2,5.198574,2,-0.112921,2,-5.066619,2,-8.128675,2,7.327727,117.6002,55.64671,35.17287,1,15.09021,-0.01533096,2,0.8803101,0.118514,0.3092358,0.06821064,208.8888,1.389245,3.773427,0.1420874,87.26429,125.0981,4.172422,96.34551,4.400653,94.95343,4.212889,81.37374,0.04354745,5.202968,0.8196443,9.104091,6.192724
"2026-10-02 07:30:00",130,202610020700,202610020730,2735.696,81.52394,494.478,9.982813,9.660478,0.4885848,13.77396,2,5.803536,2,0.08108313,2,3.635584,2,0.2051666,2,2.856261,35.95607,19.32284,12.96642,1,-51.36312,-0.004641972,0,0.2873265,0.06529357,0.2867688,0.08136445,194.0328,0.4394532,3.617199,-0.04174454,87.29564,1489.663,6.304294,88.33023,5.127927,95.39465,4.500418,82.48792,0.04078281,5.97867,0.6035832,8.92907,6.193018
"2026-10-02 08:00:00",131,202610020730,202610020800,2561.012,119.3931,486.1758,15.81878,11.37,0.4095533,-95.92876,2,-10.96701,2,1.008345,2,45.10242,2,46.64047,2,4.291279,54.0208,29.03085,19.48089,1,-2.84252,-0.01614594,0,0.3744975,0.1223538,0.2858164,0.1382895,146.0665,0.7931696,3.019686,-0.7543061,87.3166,2405.249,8.490094,89.50869,7.676358,94.32269,6.95384,82.24715,0.06241244,8.687534,0.9746135,8.888175,6.194726
"2026-10-02 08:30:00",132,202610020800,202610020830,2645.782,55.67578,482.5406,6.793828,11.52162,0.4403285,46.72078,1,-3.005392,1,0.9252592,1,41.31574,1,45.52758,1,7.215026,90.82642,48.81023,32.75367,1,-2.68288,-0.01516184,0,0.4697641,0.1189278,0.3507243,0.1530914,146.2325,1.23994,2.876437,-0.7991895,87.3436,2410.571,10.22169,80.7438,9.460288,84.79544,9.12164,76.83942,0.1835445,10.49143,0.7345192,9.137102,6.196679
"2026-10-02 09:00:00",133,202610020830,202610020900,2395.689,231.875,452.6977,21.24021,10.93776,0.5038686,-48.47625,2,-4.675638,2,1.109342,2,49.4267,2,53.46302,2,8.641945,108.7892,58.46344,39.23138,1,-3.529378,-0.02012811,0,0.6991236,0.1375429,0.5808216,0.1963609,189.277,1.746242,4.77354,-0.6075093,87.37798,2382.354,12.39389,66.48188,11.76466,69.10147,11.2348,69.72906,0.4322546,12.75128,0.8685479,9.766201,6.197889
"2026-10-02 09:30:00",134,202610020900,202610020930,2139.438,15.48023,423.9096,2.613649,10.12764,0.4883116,4.861539,2,-0.9936413,2,1.293684,2,57.53115,2,45.50091,2,8.157028,102.6848,55.18295,37.03003,1,-6.690463,-0.02787401,0,0.6773733,0.1623795,0.6974227,0.2050367,185.944,1.954249,4.40941,-0.3204755,87.39397,2276.985,14.28863,54.27188,13.74043,56.0882,13.35604,62.49023,0.6938854,14.66012,0.7254516,10.6687,6.272511
"2026-10-02 10:00:00",135,202610020930,202610021000,2127.994,12.18857,420.4201,2.013793,10.2121,0.3954871,-2.793233,2,-3.499572,0,1.522785,0,67.6267,0,108.2861,0,3.584023,45.11749,24.2462,16.2702,1,-5.008222,-0.03979215,0,0.6023418,0.1945017,0.4470224,0.2127847,148.8075,1.101218,3.255591,-0.428122,87.39091,2333.059,16.03966,49.00172,15.17019,51.61144,14.80999,60.19584,0.8404743,16.10215,0.9200225,11.83965,6.219449
"2026-10-02 10:30:00",136,202610021000,202610021030,2125.009,10.36512,415.5265,2.236237,10.46568,0.4327804,-0.3538177,1,-4.0619,0,2.015363,0,89.34772,0,142.6927,0,4.360941,54.89773,29.50211,19.79713,1,-0.9237127,-0.0154023,0,0.4660363,0.1213925,0.6794704,0.2364612,215.3307,0.9907918,2.70164,-2.321208,87.38895,2469.209,18.08268,44.14856,16.96713,47.16308,16.74463,57.80186,1.029629,17.92833,1.031005,13.25164,6.34617
"2026-10-02 11:00:00",137,202610021030,202610021100,2103.888,11.09041,411.5624,1.87287,10.32959,0.5896316,-7.809574,1,-4.91519,0,2.187788,0,96.86611,0,149.5106,0,3.102058,39.05028,20.98567,14.08225,1,-4.414644,-0.0449214,1,0.6820425,0.2077955,0.7525483,0.2534464,148.8937,1.215629,3.370359,-0.4856857,87.38322,2352.845,19.15729,40.64851,18.31641,42.69859,18.22387,55.36913,1.21438,19.26951,1.072818,14.8572,6.425173
"2026-10-02 11:30:00",138,202610021100,202610021130,2095.646,25.69516,409.641,1.97967,10.22895,0.6405026,5.056932,2,-5.119633,0,2.354536,0,104.122,0,141.4075,0,2.494509,31.40215,16.87556,11.32419,1,-3.348803,-0.03597533,1,0.6910143,0.1863723,0.9882274,0.2568438,186.3175,1.229791,3.750442,-0.6402676,87.36871,2388.373,20.32051,37.3974,19.58281,39.04031,19.54818,53.60232,1.397167,20.53073,1.047533,"NAN","NAN"
"2026-10-02 12:00:00",139,202610021130,202610021200,2090.06,7.613876,412.3456,1.800012,10.78092,0.5611581,2.017685,2,-6.214833,1,3.365342,1,148.5865,1,173.9288,0,0.5439929,6.848059,3.680156,2.469536,1,-21.20636,-0.1411793,0,0.847191,0.3703451,0.8017774,0.3190984,134.7033,1.103486,6.660164,-0.1011079,87.33519,1793.121,22.10209,35.36295,21.22345,37.18613,21.37272,53.01212,1.593829,22.22829,1.097429,18.2199,6.667204
"2026-10-02 12:30:00",140,202610021200,202610021230,2081.184,8.918574,414.1436,1.777984,10.92001,0.5120443,1.243241,2,-2.669276,0,2.694873,0,118.8374,0,183.7258,0,5.271154,66.35596,35.65977,23.92918,1,-0.2396315,-0.007281609,2,0.7313374,0.08430981,0.5935372,0.2640598,151.9997,0.9874388,2.815977,-8.947611,87.298,2492.012,23.52077,32.90363,22.49948,34.86037,22.60235,52.1174,1.787415,23.52172,1.082049,19.85954,6.797767
"2026-10-02 13:00:00",141,202610021230,202610021300,2087.913,11.72089,410.3566,1.885816,11.26045,0.6017138,-7.154012,2,-4.779479,2,2.920208,2,128.6281,2,155.8806,2,17.38984,218.9122,117.6437,78.94375,1,-0.01837592,-0.001181424,2,0.8591891,0.03403163,0.5048452,0.2709926,119.1659,1.099413,3.257424,-116.6815,87.28738,2499.387,24.65927,31.66259,23.67311,33.4568,23.95008,51.2181,1.958222,24.73162,0.9734016,21.32917,6.9078
"2026-10-02 13:30:00",142,202610021300,202610021330,2089.528,14.50219,408.1092,0.8089715,10.94681,0.5205783,-7.39886,2,-0.2638504,0,2.561322,0,112.7354,0,87.01841,0,3.022404,38.04755,20.4468,13.72065,1,-3.512644,-0.02700846,2,0.9367546,0.1629406,0.9059468,0.2783058,5.862823,1.32847,3.435966,-0.6104035,87.26425,2382.912,25.39265,29.46125,24.44907,31.03246,24.80661,49.96264,2.124145,25.48056,0.7277383,22.15217,6.986033
"2026-10-02 14:00:00",143,202610021330,202610021400,2138.431,39.00664,405.2559,1.521291,10.66238,0.5330533,-33.42949,1,-2.421213,0,2.074528,0,91.2222,0,113.755,0,1.636331,20.59897,11.06991,7.428365,1,-1.19603,-0.01539659,2,0.8205323,0.1232377,0.815023,0.2525137,64.20789,1.085171,2.823628,-1.792706,87.24129,2460.132,26.52406,26.83948,25.4356,28.50299,25.83019,48.68903,2.336471,26.44356,0.8112257,22.76303,7.052843
"2026-10-02 14:30:00",144,202610021400,202610021430,2079.697,9.565757,402.4106,1.38713,10.51829,0.723969,0.3486573,2,-0.6351359,0,3.136318,0,137.7764,0,124.0719,0,0.1712321,2.155556,1.158399,0.7773332,1,-7.030313,-0.05361535,2,0.6409051,0.2303886,0.9207723,0.2469991,237.1153,1.014732,3.142071,-0.3049835,87.21658,2265.656,27.84053,24.51198,26.4486,26.45215,26.85975,47.60318,2.551393,27.44625,0.8640925,23.41333,7.132766
"2026-10-02 15:00:00",145,202610021430,202610021500,2027.501,21.39178,401.5484,1.759323,10.44904,0.8002412,-2.109325,2,-3.51562,0,3.416245,0,150.0427,0,102.6121,0,9.844235,123.9242,66.59704,44.68935,1,-1.00714,-0.01310193,1,0.9095249,0.1139521,0.8442253,0.2635158,99.63849,1.819774,4.425548,-2.128929,87.18027,2466.429,27.47722,24.81578,26.65989,25.93585,26.92096,47.51343,2.60037,27.65166,0.7622206,24.01336,7.209187
"2026-10-02 15:30:00",146,202610021500,202610021530,2008.632,12.97723,401.4581,1.65069,10.22836,0.7469738,-4.307283,2,-0.9502346,0,3.022255,0,132.6796,0,101.0239,0,1.351678,17.01561,9.144212,6.136142,1,-13.34814,-0.07209916,1,1.015462,0.2675562,0.9400533,0.2492342,78.14041,1.258011,4.545536,-0.1606314,87.14705,2055.062,28.41198,23.06692,27.11685,24.7199,27.4464,46.92611,2.715506,28.08904,0.7487445,24.32004,7.23778
"2026-10-02 16:00:00",147,202610021530,202610021600,2024.769,31.00481,401.2976,0.9502922,10.61592,0.8260731,-6.430041,2,1.520557,0,2.639655,0,115.9263,0,40.16442,0,8.699682,109.516,58.85405,39.49348,1,-7.941103,-0.0292614,0,0.6401052,0.1703749,0.6608167,0.2351542,353.8417,2.151202,5.246438,-0.270004,87.12592,2235.297,27.61451,25.00134,26.73369,26.22213,27.17105,47.52908,2.599722,27.74155,0.4367892,23.87205,7.229133
"2026-10-02 16:30:00",148,202610021600,202610021630,2064.616,24.23875,401.4679,2.228083,10.9239,1.017733,22.09653,2,1.634263,2,1.432781,2,62.95921,2,9.442402,2,15.74619,198.221,106.5242,71.48212,1,-2.223018,-0.005398543,2,0.5493844,0.07312251,0.5384531,0.1662868,352.1451,1.679782,3.773709,-0.9645129,87.10564,2425.899,27.12006,26.51357,26.15258,27.99147,26.64599,48.38524,2.454723,27.18773,0.4148473,23.37984,7.223417
"2026-10-02 17:00:00",149,202610021630,202610021700,2094.996,95.77497,397.9988,1.830745,10.59784,1.140279,28.77767,2,-0.3439875,2,0.02729231,2,1.200407,2,-4.32913,2,4.164055,66.82748,31.6218,19.98734,1,24.3411,-0.01242427,2,0.6113999,0.1107529,0.5887741,0.03764354,333.173,0.9639122,1.71634,0.08808679,87.08978,135.1534,25.64162,27.98661,25.18151,28.81038,25.53779,48.57072,2.292981,26.18225,0.4373838,22.78496,7.214681
"2026-10-02 17:30:00",150,202610021700,202610021730,2312.208,208.3131,399.0428,1.888656,10.59281,0.8541275,-114.5021,2,-0.7794452,2,0.04500253,2,1.979463,2,1.361026,2,4.041419,50.87543,27.34052,18.34661,1,-64.68591,-0.01182036,2,0.4992897,0.1080311,0.6208534,0.07212885,287.8704,0.8778424,2.267079,-0.03314678,87.06874,1483.217,25.95774,27.47911,25.12829,28.83426,25.28644,48.80041,2.282965,26.12841,0.3573166,22.0958,7.137362
"2026-10-02 18:00:00",151,202610021730,202610021800,2343.012,121.7523,398.5532,7.128991,11.89403,0.6981694,-59.78618,2,10.13855,1,-0.1607208,2,-7.084387,2,-37.22869,1,1.505397,24.1596,11.43197,7.225861,1,15.18392,-0.03907753,1,0.6030439,0.1957678,0.4645593,0.07477225,252.5117,0.7870486,3.497895,0.1412106,87.05361,125.1999,23.49178,35.86242,22.93963,36.94424,23.5908,52.14721,1.777527,24.05501,0.8168033,"NAN","NAN"
"2026-10-02 18:30:00",152,202610021800,202610021830,2284.231,120.591,404.2458,11.51293,11.0158,0.2765948,38.3042,2,-2.545687,2,-0.03919037,2,-1.730309,2,-2.05619,2,9.279632,148.9256,70.46945,44.54196,1,16.81256,-0.006264218,2,0.7789438,0.0781519,0.6184579,0.04071102,218.0001,1.093428,2.943079,0.1275314,87.03185,126.9702,21.38663,37.59562,21.23705,37.98954,21.78879,52.5548,1.578966,22.26374,1.069313,20.62805,7.013492
"2026-10-02 19:00:00",153,202610021830,202610021900,2288.891,332.4603,450.9777,39.8001,11.81579,0.6488404,-421.6143,2,-55.53095,2,-0.7798102,2,-34.49444,2,85.64359,2,3.244575,40.84435,21.94981,14.72922,1,-10.29654,-0.05193091,1,0.583488,0.2243082,1.140965,0.07270811,307.1842,1.534374,3.079237,-0.2082378,87.02726,2156.782,19.67825,45.22324,19.28852,46.64469,19.98428,56.11271,1.235422,20.38246,2.16148,19.74862,6.94427
"2026-10-02 19:30:00",154,202610021900,202610021930,3255.878,452.6333,460.7766,21.03138,12.31718,0.5325501,112.6077,2,3.075986,2,0.129202,2,5.723762,2,-6.094462,2,24.12045,387.1008,183.1705,115.7774,1,2.349388,-0.00327203,2,0.2090357,0.05615803,0.2776586,0.04210816,11.37955,1.682522,2.184272,0.9126335,87.03403,111.2493,17.68722,52.92176,17.72868,53.01108,17.89332,60.16819,0.9703453,18.86347,1.255486,18.95962,6.884895
"2026-10-02 20:00:00",155,202610021930,202610022000,5724.135,1273.082,451.4848,15.71406,12.51601,0.21688,-150.4675,2,4.126439,2,0.04267559,2,1.89335,2,-8.379522,2,18.72887,300.5732,142.2269,89.89802,1,4.321734,-0.006291665,2,0.4219544,0.0776644,0.3176694,0.05179802,358.7094,1.820245,2.882354,0.4961271,87.04866,113.3932,16.02533,59.62755,16.19731,59.10724,16.18427,63.59902,0.7609966,17.34463,0.8586334,18.28643,6.821929
"2026-10-02 20:30:00",156,202610022000,202610022030,3743.383,1371.513,463.6329,17.33394,11.56356,0.3576527,-21.51573,2,-1.536118,2,-0.01301482,2,-0.5773224,2,3.864683,2,14.99411,188.7534,101.4363,68.06795,1,-3.215529,-0.003093951,1,0.257406,0.05446146,0.2989157,0.03031635,333.1001,1.16403,1.697203,-0.6668046,87.0708,2392.816,16.30407,54.16985,16.36778,54.06902,16.32774,60.99467,0.8648295,17.42797,1.012641,17.61989,6.773861
"2026-10-02 21:00:00",157,202610022030,202610022100,2805.566,373.7374,469.7777,20.16145,11.63192,0.2807442,27.92986,2,8.628601,2,-0.006741715,2,-0.2992685,2,-9.453461,2,6.135279,98.46297,46.59127,29.44916,1,5.361605,-0.007976053,1,0.3648276,0.08733501,0.3652603,0.05094576,340.7436,0.7827659,1.614595,0.3999045,87.06505,114.5235,15.50278,57.29607,15.62358,57.01535,15.75106,61.91563,0.7712896,16.68729,0.8792828,16.97737,6.712222
"2026-10-02 21:30:00",158,202610022100,202610022130,3034.274,710.3154,470.5138,28.04002,11.15405,0.4198601,-463.5205,2,-15.72844,2,-0.1969717,2,-8.755209,2,31.63363,2,3.457608,43.52612,23.391,15.69632,1,-8.860286,-0.02476039,1,0.7431917,0.1534975,0.7230086,0.06461083,148.5267,1.138483,2.993444,-0.2419933,87.06106,2204.657,14.28237,59.78793,14.25043,60.30789,14.59944,62.61618,0.6701123,15.26524,1.867951,16.38366,6.665057
"2026-10-02 22:00:00",159,202610022130,202610022200,4356.164,469.4113,481.2303,9.645661,11.94033,0.2778591,65.99014,2,1.124336,2,0.133984,2,5.967337,2,-2.944231,2,4.760485,76.39937,36.15108,22.85018,1,21.83011,-0.00867139,2,0.8195818,0.09051692,0.3074571,0.05682256,108.5786,0.848743,2.130955,0.09821891,87.07423,132.424,11.91374,74.28719,12.17068,73.13963,12.23054,70.11485,0.385233,13.24969,0.7064063,15.86609,6.592063
"2026-10-02 22:30:00",160,202610022200,202610022230,3024.898,408.8885,459.4322,9.875453,11.71006,0.350446,208.5953,2,5.801197,2,0.1187318,2,5.281872,2,-9.521241,2,6.426516,103.1369,48.80291,30.84709,1,7.415017,-0.009790651,1,0.4508563,0.09638329,0.4490616,0.04534968,302.6328,0.8875608,2.305435,0.2891605,87.07287,116.7555,12.85341,68.40624,13.38974,66.24605,12.77575,68.28249,0.5234056,14.45237,0.6019282,15.43244,6.570224
"2026-10-02 23:00:00",161,202610022230,202610022300,3060.23,179.601,466.0425,14.30304,11.61457,0.4190142,-49.78081,2,4.038437,2,0.2475995,2,11.01762,2,-15.94979,2,10.65088,170.9322,80.88267,51.12389,1,2.097294,-0.005923693,2,0.51265,0.07493071,0.5582464,0.04380486,212.0129,1.175047,2.254334,1.022331,87.07571,110.9753,13.0849,67.12862,13.10791,67.25397,13.25964,66.7434,0.5077262,14.16073,1.326724,15.04364,6.582539
"2026-10-02 23:30:00",162,202610022300,202610022330,3124.669,356.6335,487.9389,30.97473,11.73912,0.1746885,30.56528,2,3.610828,2,-0.0407491,2,-1.817396,2,-9.017882,2,3.345237,53.68655,25.40371,16.05704,1,5.801929,-0.008342491,1,0.2217707,0.0885469,0.5331033,0.04338568,190.1108,0.5908986,1.332825,0.3695546,87.08661,115.0021,10.37655,80.85907,10.71586,79.29964,10.73999,72.8643,0.2739635,11.77133,1.190911,14.65762,6.52475
"2026-10-03 00:00:00",163,202610022330,202610030000,2789.66,230.4701,464.6399,17.92851,11.47001,0.1665947,-127.9902,2,-9.462016,2,0.02144095,2,0.9555932,2,14.35367,2,9.38206,118.1061,63.47038,42.59124,1,-8.42357,-0.01447192,1,0.8157324,0.1167595,0.2529819,0.05232679,232.0152,1.536772,3.455635,-0.2545393,87.09886,2219.214,11.10952,75.34895,11.44491,73.938,11.35018,70.6648,0.3620108,12.47862,1.251886,14.25242,6.446784
"2026-10-03 00:30:00",164,202610030000,202610030030,2701.506,130.5,469.6207,13.9544,11.47828,0.2150346,-12.39382,2,-0.9899015,2,-0.008369467,2,-0.373163,2,1.828196,2,11.60977,146.1497,78.54102,52.70425,1,-2.913943,-0.001788813,2,0.4469001,0.04101703,0.4265606,0.04360441,206.2431,0.8073078,2.145812,-0.7358174,87.11192,2402.869,10.84547,76.66729,11.03083,75.94611,11.02291,71.70505,0.3236738,12.06384,1.177175,13.85508,6.443683
"2026-10-03 01:00:00",165,202610030030,202610030100,2441.787,178.8427,463.9275,24.51287,10.86558,0.1904459,62.63564,2,14.86711,2,0.04184157,2,1.865822,2,-35.77991,2,11.92509,191.3816,90.55904,57.24008,1,1.012097,-0.006464242,2,0.2820236,0.07793736,0.2971411,0.09734882,180.2669,1.178539,2.074867,2.118501,87.12165,109.7958,10.4503,74.93781,10.88279,73.23064,10.84653,70.29644,0.3707798,11.85981,1.992903,"NAN","NAN"
"2026-10-03 01:30:00",166,202610030100,202610030130,2937.17,430.3028,487.657,24.58252,10.7257,0.07803144,-173.8548,2,-5.887897,2,-0.03195735,2,-1.427619,2,6.001032,2,2.014537,25.36002,13.6285,9.145288,1,-42.54296,-0.02375674,1,0.636905,0.1488891,0.5903752,0.05936202,120.9409,0.8864256,1.895933,-0.05039917,87.14718,1493.931,9.290386,80.4921,9.002628,81.86887,9.924419,71.25526,0.227236,9.960676,1.967064,13.13501,6.370877
"2026-10-03 02:00:00",167,202610030130,202610030200,2777.828,204.1913,482.5602,18.24783,10.79944,0.1620551,41.4158,2,3.264383,2,-0.03706067,2,-1.655481,2,-8.847693,2,5.422919,87.03056,41.18161,26.02985,1,3.598541,-0.006028075,2,0.6065957,0.07499537,0.3135336,0.06339214,288.6943,0.7417605,2.694133,0.5958331,87.1853,112.6071,8.464521,84.62435,9.077053,81.47907,8.821253,75.37206,0.2196107,10.04196,1.135453,12.81665,6.375031
"2026-10-03 02:30:00",168,202610030200,202610030230,2660.61,273.2239,469.4881,11.49849,11.13229,0.2479377,-38.35541,2,-0.8774876,2,-0.01483714,2,-0.6623586,2,1.55132,2,2.131159,26.82811,14.41746,9.674709,1,-6.418996,-0.002704564,2,0.3278108,0.05028962,0.3286978,0.02044732,359.6738,0.4341745,1.308179,-0.3340288,87.20222,2286.033,9.244946,82.76176,9.723604,80.35952,9.40352,74.12762,0.2400665,10.72067,0.6439788,12.48601,6.373236
"2026-10-03 03:00:00",169,202610030230,202610030300,2699.813,312.8664,476.8994,17.38347,11.06337,0.1755959,170.5971,2,5.877361,2,0.06289415,2,2.810423,2,-10.66075,2,4.441433,71.27901,33.72821,21.31875,1,5.985726,-0.009426318,2,0.8600461,0.09371818,0.3709957,0.03498515,219.0425,0.8794321,2.42063,0.3582071,87.19958,115.2019,8.283325,87.79988,8.713564,85.55342,8.592937,75.96312,0.1672393,9.700857,0.8852419,12.16,6.341605
"2026-10-03 03:30:00",170,202610030300,202610030330,3653.68,1151.555,534.2526,53.26069,10.26227,0.6085991,-1356.2,2,-73.70448,2,0.5663766,2,25.36342,2,85.61707,2,1.63879,20.62992,11.08655,7.43953,1,-11.69656,-0.06090673,1,0.7806553,0.2372098,0.8248349,0.07023478,116.6869,1.104878,2.758612,-0.1833129,87.20549,2110.115,6.663462,88.6544,6.438451,92.90243,7.150938,76.7886,0.08272475,7.346995,2.285259,11.8526,6.283288
"2026-10-03 04:00:00",171,202610030330,202610030400,3681.566,243.5138,532.2302,17.64745,10.79749,0.3493714,-33.39565,2,-3.69492,2,0.1228502,2,5.500857,2,5.983193,2,6.219165,78.29001,42.07315,28.23282,1,-5.993114,-0.006767026,1,0.3321631,0.07908622,0.3077516,0.04091134,307.7798,0.7518312,1.652267,-0.3577656,87.22359,2300.229,5.677255,99.5404,6.554539,96.55459,5.614084,84.70383,0.0346064,7.510722,0.7772081,11.57454,6.221967
"2026-10-03 04:30:00",172,202610030400,202610030430,3708.396,403.0668,513.0652,16.31857,11.0471,0.2003262,-265.832,2,-11.83729,2,0.1345369,2,6.019418,2,8.555519,2,5.602278,70.52431,37.89986,25.43236,1,-17.32054,-0.0172373,1,0.3449652,0.1264062,0.5492586,0.04029705,339.6911,1.113297,1.986828,-0.1237911,87.23561,1922.649,7.125877,94.92281,7.380804,93.37949,7.14075,81.34673,0.06909591,8.36205,0.5491641,11.29339,6.221636
"2026-10-03 05:00:00",173,202610030430,202610030500,5579.095,1822.899,528.3239,13.25307,10.63825,0.1404206,335.3892,2,-1.561376,2,0.007043132,2,0.3153678,2,1.053796,2,8.095227,101.9068,54.76485,36.74947,1,-52.77351,-0.008861587,1,0.3720316,0.09048733,0.4470291,0.0541557,14.3298,1.111812,2.11905,-0.0406289,87.24902,1488.981,6.166485,97.61589,6.561869,95.14848,6.326702,81.57394,0.04814303,7.503833,0.5334875,11.02416,6.214688
"2026-10-03 05:30:00",174,202610030500,202610030530,4448.75,2120.647,494.2137,30.52282,10.61346,0.1856661,-954.4705,2,-9.855641,2,-0.07817261,2,-3.496254,2,7.923165,2,8.309601,104.6055,56.21511,37.72266,1,-14.46396,-0.01388373,1,0.4948302,0.1135023,0.6676037,0.08116663,1.41861,1.456329,3.896882,-0.1482395,87.25521,2017.868,7.280926,90.52542,7.778633,87.72817,7.175867,79.64416,0.1396374,8.722559,1.537888,10.77536,6.146739
"2026-10-03 06:00:00",175,202610030530,202610030600,2852.287,240.7933,486.0276,18.50384,10.66371,0.3743932,-20.6769,2,3.231854,2,-0.4527053,2,-20.25316,2,-16.45177,2,0.6931831,11.12466,5.264027,3.327258,1,92.7832,-0.08320606,2,0.6696659,0.2776889,1.150947,0.08348788,278.5536,1.294924,2.495394,0.02310903,87.27003,209.547,7.411947,89.95332,7.466939,89.71655,7.671192,77.47083,0.1099076,8.414331,1.061317,10.56733,6.148198
"2026-10-03 06:30:00",176,202610030600,202610030630,4260.865,447.1956,532.4846,15.6398,9.929698,0.234419,-73.47015,2,-2.178397,2,-0.02466553,2,-1.106389,2,-1.991739,2,14.64629,235.0533,111.2238,70.30177,1,19.97324,-0.007207996,1,0.3800677,0.08130305,0.5136811,0.08002149,192.7693,1.543894,2.686555,0.1073501,87.30091,130.4057,4.402168,100.7075,4.706899,101.0374,4.676138,83.21458,-0.008411646,5.580112,0.5716179,10.38891,6.15444
"2026-10-03 07:00:00",177,202610030630,202610030700,3008.893,247.0119,494.2463,10.33048,10.25224,0.1659402,-171.9127,2,5.773372,2,-0.282425,2,-12.65623,2,-4.611997,2,22.92877,367.9758,174.1209,110.0574,1,2.410429,-0.00331496,2,0.4087486,0.05522523,0.3291564,0.1096083,204.3701,1.585529,4.185511,0.8895221,87.34708,111.3157,5.392814,98.56815,5.715261,97.33157,5.406662,83.46803,0.0251109,6.620185,0.3976738,10.21785,6.223366
"2026-10-03 07:30:00",178,202610030700,202610030730,2811.094,61.88787,495.5044,5.46274,10.4324,0.1885318,12.92286,2,1.126939,2,0.0176259,2,0.7895912,2,-4.461617,2,8.95758,143.7571,68.0238,42.99612,1,7.498688,-0.006215842,2,0.5188892,0.07565388,0.4958585,0.09537669,212.0776,0.9985585,2.977873,0.285934,87.39336,116.8464,5.974106,97.27276,6.078864,96.59962,5.763973,82.76089,0.03233278,7.00099,0.3865691,10.06516,6.163092
"2026-10-03 08:00:00",179,202610030730,202610030800,2614.652,83.87971,488.5904,4.373596,11.43097,0.5106999,3.160067,2,-0.9687743,2,0.7476948,2,33.42193,2,18.93793,2,4.443807,55.94089,30.0627,20.17331,1,-1.110763,-0.004860547,1,0.3216395,0.06717001,0.347096,0.1279573,81.43863,0.542855,1.577441,-1.930322,87.43261,2462.975,9.531607,84.03307,8.361577,90.50812,8.074164,80.79169,0.105334,9.380755,0.7864087,10.02038,6.152122
"2026-10-03 08:30:00",180,202610030800,202610030830,2688.422,69.52876,480.9409,4.53203,12.31535,0.2963511,6.980436,2,2.646132,2,0.6508004,2,29.05746,2,7.39255,2,8.749218,110.1396,59.18916,39.71836,1,-10.8232,-0.01267859,0,0.262125,0.1087198,0.5258127,0.1321978,28.8461,1.416288,2.282478,-0.1981049,87.45596,2139.227,9.756249,88.91856,9.56223,90.01517,9.399529,79.25865,0.1201204,10.66518,0.4122392,10.27318,6.198469
"2026-10-03 09:00:00",181,202610030830,202610030900,2598.682,214.6009,463.3817,3.952611,12.71342,0.5212698,67.08667,2,-2.421562,1,2.525588,0,112.4452,0,90.44658,0,6.271489,78.94868,42.42712,28.47034,1,-2.266915,-0.02145449,0,0.3694159,0.1421605,0.4957605,0.2278697,27.69208,1.321723,2.623723,-0.9458359,87.47656,2424.436,13.42717,72.33902,12.52968,76.3664,12.21059,73.61604,0.3482677,13.68054,1.041814,10.75074,6.167798
"2026-10-03 09:30:00",182,202610030900,202610030930,2904.823,283.1268,449.7528,3.885652,12.10064,0.5264097,31.92145,2,-0.21953,1,2.678673,0,119.0352,0,105.7562,0,5.124111,64.50491,34.66502,23.26165,1,-5.132983,-0.0406356,1,0.490814,0.1962789,0.7764886,0.2552581,4.501068,1.599655,3.617944,-0.4177161,87.49604,2328.901,15.52299,60.06482,14.50735,63.85223,14.66414,65.82217,0.6009005,15.60999,0.7728911,11.60582,6.202429
"2026-10-03 10:00:00",183,202610030930,202610031000,2482.238,59.03376,443.2316,4.619525,11.84177,0.4494095,22.92297,0,-0.9395883,0,2.451954,0,108.8137,0,125.1788,0,4.134945,52.05278,27.97323,18.77119,1,-2.932787,-0.03087031,1,0.7063115,0.1714752,0.617115,0.2550222,333.2035,1.244086,3.301253,-0.7310895,87.50544,2402.24,17.11938,53.16914,15.90969,57.1621,16.21227,62.12204,0.7809763,16.99387,0.9461526,12.89857,6.307583
"2026-10-03 10:30:00",184,202610031000,202610031030,2298.97,46.96471,428.4142,4.052157,11.23842,0.5045462,16.11109,0,-3.291309,0,2.274761,0,100.749,0,123.9329,0,3.465963,43.6313,23.44752,15.73425,1,-0.6917629,-0.01160641,1,0.6665545,0.1055053,0.5512805,0.2532991,256.671,0.8756793,2.810542,-3.099515,87.50939,2476.941,19.48013,43.54423,17.98586,47.5519,18.22779,57.5422,1.089112,19.02193,0.9153115,14.37518,6.396003
"2026-10-03 11:00:00",185,202610031030,202610031100,2303.232,27.28252,425.6835,2.472775,11.53185,0.5172497,-6.527864,2,-4.576933,0,2.555768,0,113.0548,0,135.6736,0,9.055121,113.9905,61.25862,41.10706,1,-0.3641972,-0.008008743,2,0.7021917,0.08784278,0.604317,0.243648,246.4468,1.328524,2.829341,-5.887277,87.50214,2487.86,20.18338,42.6362,19.27053,44.98276,19.52247,56.26478,1.236767,20.33852,0.8965703,15.9047,6.498782
"2026-10-03 11:30:00",186,202610031100,202610031130,2254.195,19.01811,422.2361,1.544199,11.63657,0.6800953,-27.43136,1,-2.391607,0,1.651996,0,72.9784,0,134.0934,0,0.9803997,12.34177,6.632481,4.450668,1,-15.90447,-0.09697419,1,0.8586771,0.3064269,1.08247,0.278281,212.9179,1.282213,3.943443,-0.134813,87.48756,1969.851,21.44935,39.76021,20.66192,41.61052,20.77245,55.05196,1.430789,21.74486,1.035526,17.46865,6.6149
"2026-10-03 12:00:00",187,202610031130,202610031200,2193.622,57.7203,417.1806,4.608839,12.03197,0.6285675,24.87527,1,-1.580309,0,1.631829,0,72.04906,0,80.75048,0,4.132693,52.02443,27.958,18.76097,1,-4.596819,-0.03057994,0,0.6000541,0.1722744,0.6116081,0.2052408,159.1985,1.185556,3.185897,-0.4664377,87.46294,2346.773,21.88119,40.03317,21.21519,41.59456,21.31289,55.23296,1.479292,22.33715,0.7545796,18.97017,6.719212
"2026-10-03 12:30:00",188,202610031200,202610031230,2080.565,16.77688,409.9656,3.048607,11.42121,0.6555424,3.315859,1,-4.165833,0,2.825151,0,124.6364,0,130.1659,0,3.489804,43.93142,23.6088,15.84248,1,-3.305197,-0.03374604,0,0.6411706,0.1812442,0.7182759,0.2395674,185.3429,1.182399,3.06865,-0.6487148,87.42811,2389.827,22.61954,36.31425,22.05018,37.4953,21.95522,53.57227,1.667115,23.11798,0.9578704,20.16949,6.81631
"2026-10-03 13:00:00",189,202610031230,202610031300,2036.662,8.841111,403.8128,1.675458,11.08545,0.7760333,1.992081,2,-3.110361,0,2.865385,0,126.2483,0,137.7959,0,3.471021,43.69498,23.48174,15.75721,1,-2.859467,-0.03164342,1,0.8749248,0.1759052,0.6678693,0.2482858,152.9907,1.252742,3.46559,-0.7498356,87.4156,2404.684,24.26227,31.96326,23.38627,33.55509,23.48549,51.38112,1.921307,24.42719,0.9311347,21.24558,6.887074
"2026-10-03 13:30:00",190,202610031300,202610031330,2026.374,13.15625,401.9418,2.048076,10.93574,0.7722279,6.25652,0,-1.797383,0,2.370611,0,104.3746,0,129.3254,0,3.397951,42.77512,22.98741,15.4255,1,-2.356244,-0.02648424,0,0.489708,0.1611404,0.6439378,0.2367671,129.4921,0.9995276,3.484284,-0.909978,87.39566,2421.458,24.94782,30.23985,24.1199,31.66535,24.26038,50.38665,2.064792,25.1493,0.8999951,22.0321,6.943594
"2026-10-03 14:00:00",191,202610031330,202610031400,2013.284,7.690329,399.7219,1.62903,10.60723,0.7346668,4.13688,0,-3.276443,0,2.602526,0,114.485,0,142.1309,0,6.659853,83.83761,45.05444,30.23338,1,-0.5527467,-0.01069765,1,0.5669326,0.1025781,0.6079986,0.2316845,121.0663,1.130543,3.249667,-3.879046,87.3688,2481.575,25.98714,27.57541,25.02585,29.09167,25.19375,49.14893,2.263238,26.02724,1.042015,22.65094,7.013992
"2026-10-03 14:30:00",192,202610031400,202610031430,2015.208,13.69417,399.9785,1.424424,10.51501,0.7064019,7.91855,1,-3.069623,0,2.544719,0,111.8239,0,154.7667,0,2.273345,28.61802,15.37936,10.32019,1,-3.045771,-0.03508353,0,0.6182749,0.1861156,0.7130681,0.2460074,167.5725,1.000558,2.843276,-0.7039694,87.35439,2398.474,27.48805,25.04527,26.11566,27.01261,26.23464,47.98414,2.484317,27.1119,1.032585,23.43137,7.075678
"2026-10-03 15:00:00",193,202610031430,202610031500,2017.049,6.418278,401.8268,1.124364,10.60126,0.6214197,0.3331448,2,-1.953675,0,2.432749,0,106.843,0,106.07,0,6.043113,76.07378,40.88214,27.4336,1,-0.1857765,-0.00426563,2,0.5551395,0.06496589,0.7655586,0.2297111,128.0328,0.9856889,2.6761,-11.54145,87.34202,2493.807,28.17118,24.27145,26.70021,26.3151,27.1824,47.50415,2.593889,27.70659,0.7671646,24.15792,7.157406
"2026-10-03 15:30:00",194,202610031500,202610031530,2025.828,8.028974,403.1129,1.510015,10.59194,0.7575865,-3.839902,1,-2.04451,0,1.883781,0,82.69319,0,104.0312,0,2.111921,26.58593,14.28731,9.587375,1,-4.17553,-0.03319952,0,0.629077,0.1814035,0.5534545,0.2319076,115.4406,0.8658119,3.176105,-0.5134988,87.33102,2360.816,28.9101,23.27176,27.19701,25.55058,27.50912,47.27954,2.699284,28.20412,0.7831569,24.52125,7.216321
"2026-10-03 16:00:00",195,202610031530,202610031600,2033.202,8.660398,402.3769,2.215523,10.85068,1.178298,5.256402,0,-1.760048,0,1.962797,0,86.15248,0,69.40415,0,3.070242,38.64977,20.77044,13.93782,1,-8.327162,-0.04085422,1,0.5655291,0.2012961,0.3997805,0.1796459,139.6796,0.9885415,2.558479,-0.2574863,87.31709,2222.428,28.6079,24.22939,27.30852,26.01104,27.50476,47.65054,2.69951,28.34071,0.630813,24.05567,7.234041
"2026-10-03 16:30:00",196,202610031600,202610031630,2029.014,6.99228,403.8643,1.64457,9.82812,0.9306217,5.690594,1,-1.272024,1,2.10567,1,92.39973,1,28.1637,0,4.868329,61.285,32.93464,22.1005,1,-0.3771105,-0.003067478,2,0.4134758,0.05517615,0.3959331,0.1424694,120.3049,0.5707996,1.992334,-5.685681,87.3026,2487.43,29.96704,20.36647,27.57393,23.17634,28.15608,45.99001,2.845111,28.50927,0.4918338,23.5878,7.18305
"2026-10-03 17:00:00",197,202610031630,202610031700,2047.369,10.91769,402.8304,1.563915,11.12141,0.9540714,-5.622748,2,-0.5360972,2,0.2447509,2,10.7507,2,4.414754,2,5.843499,73.56093,39.53173,26.52742,1,-8.274436,-0.006795223,0,0.2197593,0.08200914,0.1996765,0.07538708,31.37192,0.6914222,1.309609,-0.259127,87.28897,2224.186,28.75379,24.68507,26.54929,27.87813,27.80202,47.79653,2.51558,27.60462,0.2699785,23.03313,7.146299
"2026-10-03 17:30:00",198,202610031700,202610031730,2201.794,145.3756,405.088,3.55297,13.94594,0.595233,-52.10565,2,0.3987207,2,0.07003357,2,3.082279,2,8.29715,2,11.72943,147.656,79.35052,53.24746,1,-3.207352,-0.00510273,1,0.4841408,0.07087264,0.3920148,0.05974595,36.4407,1.205264,2.192381,-0.6685047,87.26475,2393.088,25.83778,36.77373,24.5215,39.49971,25.67077,53.5275,1.878199,25.83744,0.9787783,"NAN","NAN"
"2026-10-03 18:00:00",199,202610031730,202610031800,2405.139,91.72054,412.8844,7.333817,14.56148,0.2932445,-26.87984,2,5.010019,2,0.1143933,2,5.049926,2,-16.37475,2,9.292274,149.1285,70.56546,44.60264,1,4.970598,-0.01055862,2,0.2218131,0.1014436,0.4796651,0.0546963,14.03656,1.246891,2.037641,0.4313626,87.22646,114.0985,21.5233,49.32973,21.38025,49.77798,21.85804,58.95383,1.286949,22.74015,0.6637819,21.7932,7.03993
"2026-10-03 18:30:00",200,202610031800,202610031830,2734.558,566.1962,409.6409,7.421701,14.49642,0.6362477,36.61687,2,-0.1555096,2,0.2717375,2,12.00683,2,-4.697388,2,23.68557,380.1216,179.8681,113.6901,1,3.8956,-0.003539558,2,0.2678221,0.05864341,0.4164038,0.03489371,336.3287,1.752829,2.475062,0.5503979,87.21673,112.93,20.40274,52.56622,20.43834,52.49266,20.5214,60.78708,1.148074,21.78781,0.483213,20.97108,6.978149
"2026-10-03 19:00:00",201,202610031830,202610031900,2404.788,228.6071,424.7404,13.28805,13.89982,0.3575532,-27.14993,2,-1.126465,2,-0.05010388,2,-2.216682,2,-0.4644395,2,4.001245,64.21459,30.38542,19.20586,1,162.4823,-0.01216042,1,0.4912834,0.1084388,0.6245117,0.03586602,308.6375,0.8604061,1.705018,0.01319608,87.21779,268.885,18.99016,55.12778,19.11664,54.80481,19.30824,61.53424,1.013897,20.40432,1.087987,20.09134,6.904204
"2026-10-03 19:30:00",202,202610031900,202610031930,3067.781,1147.671,448.0606,29.85544,14.16845,0.4456415,-42.26641,2,20.74035,2,0.1250973,2,5.542412,2,-21.32836,2,10.79976,173.3217,82.01333,51.83854,1,2.936446,-0.009002695,2,0.532815,0.09306773,0.3692917,0.04623725,359.0388,1.280993,2.587405,0.7301784,87.2243,111.8874,17.5504,61.58548,17.63607,61.38206,17.82108,64.58059,0.794426,18.94214,1.236992,19.21768,6.836341
"2026-10-03 20:00:00",203,202610031930,202610032000,2160.321,65.38176,447,12.71826,13.43182,0.2868063,20.07478,2,2.378178,2,-0.02297413,2,-1.01804,2,3.73167,2,15.62551,196.7018,105.7078,70.9343,1,-11.30437,-0.006921813,1,0.4440846,0.08156864,0.2834661,0.04339461,347.8438,1.785015,2.806924,-0.1896726,87.22693,2123.188,17.43955,58.64525,17.45714,58.73311,17.4438,63.66934,0.8338215,18.69424,0.9957294,18.42412,6.77907
"2026-10-03 20:30:00",204,202610032000,202610032030,2299.914,254.1212,460.3938,23.63714,13.33135,0.4500621,96.47353,2,12.02806,2,0.2434676,2,10.80329,2,-32.94187,2,2.521833,40.47202,19.15078,12.10472,1,4.870948,-0.01691461,2,0.5328935,0.1271805,1.243201,0.07576923,42.80038,1.284807,2.981547,0.4401874,87.24636,113.9902,16.37567,63.09457,16.04509,64.53173,16.67692,64.78103,0.6820476,17.26662,2.118474,17.78121,6.715379
"2026-10-03 21:00:00",205,202610032030,202610032100,2937.388,92.02355,463.9909,12.4057,13.53077,0.1014111,-7.712139,2,3.009888,2,-0.04019885,2,-1.78658,2,-6.30193,2,4.898863,78.62015,37.20193,23.51439,1,11.83175,-0.01045944,1,0.4570279,0.09971389,0.2135094,0.06122354,217.9827,0.6773845,1.657289,0.1812183,87.27096,121.5563,13.84673,74.22948,14.37967,71.8851,14.02201,70.99679,0.4647319,15.61277,0.6435916,17.28484,6.674356
"2026-10-03 21:30:00",206,202610032100,202610032130,2947.174,73.91862,477.1091,12.42031,13.50932,0.08741541,28.25574,2,5.821226,2,0.01202714,2,0.5350261,2,-11.91673,2,12.99664,208.5785,98.69637,62.38348,1,1.630339,-0.004226352,2,0.3419231,0.06327222,0.349872,0.05010802,211.706,1.067658,1.980271,1.315143,87.28501,110.4678,13.43996,76.31865,13.40925,76.47581,13.64684,71.74361,0.3664343,14.63621,0.763671,16.8488,6.610668
"2026-10-03 22:00:00",207,202610032130,202610032200,2767.133,84.62897,469.6966,9.147447,13.31602,0.1024108,2.409571,2,0.01596136,2,0.007951894,2,0.353689,2,2.502071,2,7.251538,91.28603,49.05723,32.91942,1,-7.296509,-0.004083462,2,0.5774417,0.0621997,0.3253434,0.03270091,219.0939,0.7492421,2.233009,-0.2938569,87.30602,2256.783,13.32764,75.70165,13.55744,74.69765,13.55398,71.46941,0.3982828,14.76739,0.8270803,16.37607,6.590282
"2026-10-03 22:30:00",208,202610032200,202610032230,2350.704,153.9085,444.6183,7.602338,11.71749,0.6397048,-61.32847,2,-2.760977,2,-0.1440243,2,-6.399129,2,4.747512,2,13.57646,170.9074,91.84586,61.63235,1,-4.320083,-0.004137175,1,0.285213,0.06270891,0.3478146,0.04822087,240.0659,1.230561,1.839829,-0.4963168,87.31078,2355.997,14.46031,61.90705,14.67708,61.09486,14.48318,64.99369,0.6545326,15.74521,0.6727523,15.85582,6.574738
"2026-10-03 23:00:00",209,202610032230,202610032300,2796.327,375.3737,507.175,45.58566,11.73832,0.4985695,-161.2897,2,-16.07369,2,-0.2120609,2,-9.453169,2,16.7588,2,5.672402,71.40707,38.37425,25.7507,1,-3.974186,-0.009496059,2,0.735457,0.09443226,0.4722451,0.0431917,66.57202,1.097259,1.789107,-0.5395141,87.31489,2367.527,11.49905,75.83247,11.23331,77.33523,12.02668,69.85574,0.3206326,12.29039,1.671698,15.35357,6.509818
"2026-10-03 23:30:00",210,202610032300,202610032330,3110.175,352.3315,504.9297,25.09485,12.22335,0.2134293,-89.87232,2,-0.9060392,2,-0.05067205,2,-2.260573,2,0.5951654,2,2.79754,35.21686,18.92558,12.69985,1,-194.5757,-0.0118961,2,0.5757629,0.1055474,0.8309235,0.08959613,68.33017,0.9771158,2.665187,-0.01101952,87.32835,1420.367,10.20588,85.46681,10.43004,84.34775,10.4044,75.59728,0.2040567,11.52812,1.124802,14.88766,6.444854
"2026-10-04 00:00:00",211,202610032330,202610040000,2896.562,118.9891,492.4404,9.126423,11.94648,0.3422831,-6.710657,2,-1.816782,2,0.04420367,2,1.972423,2,5.403626,2,5.888607,74.12878,39.8369,26.7322,1,-6.089348,-0.006178231,2,0.7070825,0.07602836,0.3150861,0.0501906,248.6958,0.8927781,1.852921,-0.3521115,87.33189,2297.022,9.994958,84.61976,10.20877,83.61765,10.2395,75.0239,0.2097956,11.28102,1.191465,14.44789,6.429631
"2026-10-04 00:30:00",212,202610040000,202610040030,2692.083,80.67759,474.6244,12.08143,11.41592,0.100486,17.75059,2,1.673851,2,-0.0460274,2,-2.051748,2,-1.519326,2,5.282941,84.7841,40.11862,25.35796,1,28.55218,-0.007682576,1,0.4932462,0.08492868,0.3619607,0.04127191,260.4067,0.6982273,1.814888,0.07509512,87.33256,139.7306,10.60658,77.56956,11.25559,74.5267,10.67592,72.4399,0.3446944,12.28375,0.8057703,14.0411,6.370902
"2026-10-04 01:00:00",213,202610040030,202610040100,3172.365,525.9446,513.0266,44.36191,11.36967,0.3191383,-70.56026,2,-7.058737,2,0.04271908,2,1.908233,2,8.25306,2,9.420736,118.593,63.73203,42.76682,1,-1.448274,-0.003142986,2,0.4854961,0.05410898,0.4480477,0.06574833,148.5278,0.8924448,1.890099,-1.480472,87.34241,2451.724,9.236312,85.11075,9.080299,86.19656,9.77832,74.08447,0.1728852,10.09658,1.823133,13.65281,6.37146
"2026-10-04 01:30:00",214,202610040100,202610040130,3349.782,732.9277,518.7648,21.88481,11.26118,0.1356259,-394.0751,2,-9.595042,2,0.001414075,2,0.06322594,2,11.62171,2,4.454741,56.07853,30.13667,20.22295,1,-12.30625,-0.01635864,1,0.5947412,0.1232199,0.5125254,0.04584187,143.9689,1.02384,1.811284,-0.1742309,87.35017,2089.792,7.700821,93.30727,8.082161,90.99628,7.897116,79.36698,0.100812,9.084969,0.8819869,13.28475,6.372463
"2026-10-04 02:00:00",215,202610040130,202610040200,3277.426,155.4,537.9971,16.80473,11.20173,0.4365967,25.4958,2,7.270589,2,-0.2341054,2,-10.47455,2,-9.667085,2,2.012428,32.29676,15.28237,9.659595,1,10.7375,-0.01379351,1,0.5887198,0.1129886,0.3444389,0.03976646,147.4431,0.6574426,1.586099,0.1996862,87.36745,120.3668,6.946,97.4957,7.35437,94.94724,7.228893,81.22031,0.05282348,8.349393,0.7807831,12.93076,6.333452
"2026-10-04 02:30:00",216,202610040200,202610040230,3412.463,148.0955,536.4216,18.28294,11.74137,0.4706863,155.0502,2,6.444486,2,-0.1091319,2,-4.880873,2,-13.38788,2,3.712892,59.58692,28.19567,17.82177,1,14.59632,-0.02043979,2,0.8741837,0.1376448,0.4177718,0.06373962,339.0204,1.042446,2.394262,0.1468952,87.38821,124.5612,7.591182,96.83866,7.784677,96.71732,7.685973,83.01118,0.03740895,8.829512,1.086143,12.58593,6.266381
"2026-10-04 03:00:00",217,202610040230,202610040300,3441.513,215.2349,528.2332,18.08542,12.05895,0.2415811,-53.02573,2,-5.864964,2,0.07117585,2,3.18182,2,6.945193,2,10.60507,133.502,71.74413,48.14326,1,-1.686978,-0.003136364,1,0.1792624,0.05396397,0.2454056,0.03095889,330.2005,0.8288724,1.643176,-1.270989,87.4033,2443.767,7.944045,98.08009,8.2753,96.12789,7.998196,83.19601,0.04441798,9.350337,0.7893854,12.25937,6.22266
"2026-10-04 03:30:00",218,202610040300,202610040330,3722.62,421.1315,542.0949,40.32566,11.9575,0.4870953,-111.7767,2,-11.76678,2,0.02434367,2,1.0887,2,12.92466,2,7.67346,96.59741,51.91157,34.8348,1,-2.176874,-0.005553517,2,0.3224349,0.07174838,0.5089977,0.04061351,46.67218,0.9167368,1.685461,-0.9849582,87.40957,2427.438,7.789405,95.42432,7.842206,98.32881,7.980612,82.71371,0.02467322,8.906601,1.495094,11.94434,6.22262
"2026-10-04 04:00:00",219,202610040330,202610040400,3721.737,458.4203,525.4935,24.40433,11.85713,0.3137387,-156.6734,2,-7.358776,2,-0.07968592,2,-3.563708,2,3.414016,2,4.311449,54.2747,29.1673,19.57246,1,-31.48153,-0.01297515,1,0.3307944,0.1096629,0.4407178,0.04094905,280.9242,0.7970118,1.559171,-0.06810754,87.4193,1499.283,7.216426,98.0572,7.84595,97.38115,7.27716,85.06996,0.02979612,8.901227,0.6192511,11.6399,6.153815
"2026-10-04 04:30:00",220,202610040400,202610040430,3180.199,224.9614,499.7922,25.04932,11.47027,0.3033556,61.29053,2,3.833253,2,0.02432628,2,1.08755,2,-2.520942,2,4.502938,72.26609,34.19528,21.61397,1,14.75571,-0.006550336,2,0.5264776,0.0779551,0.4240779,0.03616997,243.117,0.7599915,2.002836,0.1453085,87.43209,124.7345,7.869716,93.72591,8.20118,91.93458,8.039156,80.62119,0.09050167,9.223242,0.9396716,11.35249,6.14754
"2026-10-04 05:00:00",221,202610040430,202610040500,4677.905,893.2804,540.2994,39.7447,11.15761,0.5764324,264.3634,2,13.17787,2,-0.1624498,2,-7.274055,2,-13.01184,2,5.758081,92.40945,43.72683,27.63862,1,3.747396,-0.008201024,2,0.643303,0.08695966,0.5044724,0.05641897,359.8554,0.9120716,2.24519,0.5721652,87.44067,112.7689,6.211494,97.55017,6.547492,100.041,6.448591,83.84094,0.002030373,7.535841,1.25036,11.08327,6.196635
"2026-10-04 05:30:00",222,202610040500,202610040530,5610.037,521.5623,526.3366,15.34653,11.24498,0.3723774,-398.256,2,3.663894,2,-0.08932124,2,-3.999371,2,-4.927104,2,1.41019,22.63166,10.70898,6.768872,1,83.53624,-0.03431263,1,0.4027191,0.1778791,0.7318841,0.07079384,292.7452,0.8120966,2.133864,0.02566706,87.45433,199.4959,6.050455,96.93124,6.597075,100.5212,6.251678,85.37976,-0.004105151,7.593232,0.8000697,10.83483,6.164778
"2026-10-04 06:00:00",223,202610040530,202610040600,4820.196,1215.179,489.6013,15.03835,11.79611,0.1049494,-608.3371,2,-6.343548,2,0.01851605,2,0.8282658,2,5.770819,2,1.540916,19.39784,10.42442,6.995216,1,-7.26372,-0.007269599,1,0.3022357,0.08202156,0.274688,0.03139615,230.2585,0.3878216,0.928039,-0.2951834,87.47467,2257.876,6.720182,100.543,7.602183,98.50291,6.836467,86.48141,0.01658607,8.651099,0.4954132,10.60601,6.150455
"2026-10-04 06:30:00",224,202610040600,202610040630,3983.784,719.5486,490.538,19.95234,11.62761,0.302609,-104.1275,2,-2.516985,2,0.0279272,2,1.249905,2,3.010662,2,5.482582,69.01752,37.09011,24.88899,1,-3.35398,-0.002849756,1,0.3155744,0.05129671,0.3184286,0.02335123,235.5657,0.5633316,1.10537,-0.6392793,87.49261,2388.201,6.722654,100.2408,7.050157,100.8643,6.93308,85.04101,-0.006842136,8.082031,0.8507715,10.37275,6.131515
"2026-10-04 07:00:00",225,202610040630,202610040700,3718.885,798.484,506.2891,51.75206,11.25636,0.637953,-332.3952,2,-19.72489,2,0.2174691,2,9.737711,2,11.43163,2,2.33801,29.43205,15.81682,10.61374,1,-3.807336,-0.007687618,1,0.5270106,0.08415624,0.4413493,0.03025447,209.3106,0.6809743,1.553428,-0.5631574,87.52012,2373.089,6.315264,99.77912,6.542648,101.0275,6.616143,84.91369,-0.00756526,7.53976,1.310903,10.14762,6.0776
"2026-10-04 07:30:00",226,202610040700,202610040730,5594.452,958.6049,570.9438,38.69249,10.73667,0.4890761,273.1436,2,10.35834,2,0.4223039,2,18.93084,2,20.987,2,3.058937,38.50745,20.69395,13.88649,1,-3.597296,-0.01116889,1,0.2819213,0.1011975,0.4908245,0.06131316,151.9286,0.6509602,1.250823,-0.5960392,87.54881,2380.09,6.190572,96.26411,5.367645,104.5621,5.125329,85.961,-0.04018772,6.314445,0.9084998,9.962772,6.041486
"2026-10-04 08:00:00",227,202610040730,202610040800,3144.183,428.7099,498.2455,18.73403,12.17481,0.4472474,71.72904,2,1.073745,2,0.6849632,2,30.60447,2,24.04245,2,2.557248,32.19193,17.29999,11.609,1,-2.187656,-0.008784896,1,0.2574723,0.0903183,0.329298,0.1181886,137.7571,0.4495237,1.348153,-0.9801037,87.56913,2427.078,10.25791,85.75038,8.819296,93.8252,7.718018,86.23393,0.07409561,9.906767,0.9233626,9.940254,6.00243
"2026-10-04 08:30:00",228,202610040800,202610040830,2417.554,46.85408,458.2088,4.592815,11.46545,0.4727409,25.8094,1,-2.574567,1,1.028234,1,45.84878,1,42.03686,1,5.517049,69.45141,37.32328,25.04545,1,-4.859428,-0.02142137,0,0.5086216,0.1415289,0.2575867,0.1534535,145.1711,1.109836,3.340287,-0.4412309,87.59371,2338.019,12.01803,71.55314,10.94691,76.52937,10.37997,74.11774,0.3094805,11.97843,0.6127447,10.25345,6.068096
"2026-10-04 09:00:00",229,202610040830,202610040900,2333.6,37.00453,439.7492,4.966875,11.50722,0.4093346,90.08819,2,10.33698,2,0.6405028,2,28.49861,2,16.40454,2,4.521405,56.91774,30.58767,20.52558,1,-44.76452,-0.05109344,0,0.4437981,0.2194121,0.4335204,0.2343133,171.6873,1.420253,3.129921,-0.04789797,87.6164,1492.856,13.76484,63.97723,13.19285,66.24854,12.52774,68.28548,0.5157684,14.23639,0.8012921,10.95107,6.14202
"2026-10-04 09:30:00",230,202610040900,202610040930,2343.393,49.02814,434.9464,4.877654,11.66228,0.4741743,-42.65601,1,-6.13183,1,1.51017,1,67.07608,1,75.70698,1,5.110652,64.33549,34.57397,23.20056,1,-7.385946,-0.0410378,0,0.5318025,0.1972523,0.6261929,0.2107574,174.7455,1.513546,3.359911,-0.2902986,87.63335,2253.802,15.65798,57.4198,15.02059,59.687,14.53185,64.85341,0.6942207,16.08501,0.9007345,"NAN","NAN"
"2026-10-04 10:00:00",231,202610040930,202610041000,2225.658,23.40039,424.3822,2.840666,11.20667,0.4567086,-25.36437,1,-6.545801,0,1.37645,0,61.04743,0,107.2469,0,4.825547,60.74643,32.64521,21.90628,1,-4.796487,-0.03816473,1,0.627838,0.1907103,0.6405233,0.2070937,167.0183,1.42602,3.55239,-0.4470209,87.63056,2340.117,17.28316,49.83323,16.54324,52.05533,16.2008,60.61215,0.9107591,17.57129,1.051757,13.19684,6.219203
"2026-10-04 10:30:00",232,202610041000,202610041030,2144.021,22.33006,414.0976,2.838352,10.86469,0.6134498,9.927908,1,-3.579032,0,2.384426,0,105.5835,0,123.5197,0,4.826338,60.75639,32.65056,21.90987,1,-3.388356,-0.03345327,0,0.6397681,0.1790584,0.5222037,0.2252863,154.6167,1.337662,3.364723,-0.6327935,87.62426,2387.055,18.94947,43.40937,18.20791,45.35209,17.94353,56.99552,1.149754,19.21022,0.9411703,"NAN","NAN"
"2026-10-04 11:00:00",233,202610041030,202610041100,2121.137,10.97721,410.106,1.738548,10.76275,0.5977212,-0.9940859,2,-4.287121,0,2.098781,0,92.81205,0,129.7247,0,4.173152,52.53376,28.23171,18.94464,1,-3.337105,-0.03387829,0,0.614311,0.1806206,0.7533935,0.2361355,172.1424,1.286505,3.572554,-0.6425119,87.61714,2388.763,20.29957,39.55501,19.58242,41.22469,19.39247,54.85743,1.347385,20.57998,0.9815922,16.07398,6.415161
"2026-10-04 11:30:00",234,202610041100,202610041130,2098.227,17.05885,405.932,2.595059,10.94957,0.6296083,-8.793222,1,-5.463659,0,2.577822,0,113.8548,0,150.6624,0,4.868415,61.28608,32.93521,22.10088,1,-2.120518,-0.02758955,1,0.7575263,0.1633641,0.6838874,0.2466116,190.9707,1.317503,3.740149,-1.011135,87.61317,2429.316,21.53869,37.27581,20.86963,38.74303,20.74743,53.64994,1.521109,21.88902,1.030737,17.6522,6.531917
"2026-10-04 12:00:00",235,202610041130,202610041200,2079.324,11.35145,407.7989,2.370504,10.7795,0.6911213,6.035025,1,-2.117458,0,2.686599,0,118.4938,0,173.5672,0,3.931587,49.49282,26.5975,17.84802,1,-1.930627,-0.02826728,1,0.664562,0.1657723,0.6797475,0.2475455,185.1895,1.142192,3.197271,-1.110587,87.59849,2435.646,23.07228,33.41542,22.31378,34.88984,22.23301,52.02012,1.766133,23.32226,1.143661,19.25691,6.634118
"2026-10-04 12:30:00",236,202610041200,202610041230,2109.316,12.15802,411.8875,1.627083,11.44839,0.5849146,9.20268,1,-1.643401,0,2.529728,0,111.4283,0,169.6904,0,1.598103,20.11773,10.81129,7.254824,1,-2.819553,-0.03562634,1,0.5381113,0.186587,0.7598029,0.2702338,175.6019,0.9160156,3.010164,-0.7604502,87.56924,2406.015,24.57132,32.43759,23.67453,34.1232,"NAN","NAN",1.939668,24.75077,1.064629,"NAN","NAN"
"2026-10-06 10:00:00",0,202610060958,202610061000,2289.122,6.249986,429.1479,0.5467569,11.83524,0.2962089,-6.371436,0,-2.062493,0,2.017223,0,89.33845,0,126.7794,0,4.854397,61.1096,32.84038,22.03725,1,-0.5214864,-0.009709434,0,0.2547175,0.09658369,0.2205541,0.2357955,217.9722,0.6092479,1.283895,-4.652814,87.39072,2482.617,19.26085,46.33119,18.03463,49.82101,18.24133,58.54667,1.043208,19.12617,0.6570437,12.22625,5.146955
"2026-10-06 10:30:00",1,202610061000,202610061030,"NAN","NAN",430.2978,2.905362,11.81364,0.4719316,0.06898516,2,"NAN","NAN","NAN","NAN","NAN","NAN","NAN","NAN",13.17873,165.9005,89.15512,59.82676,1,-0.08335965,"NAN",2,0.6713729,0.05077296,0.605953,0.2488473,165.2053,1.081155,3.30091,-29.10736,"NAN",2497.221,"NAN","NAN",18.70637,47.68852,19.2267,57.23857,1.135352,19.77351,0.8309583,15.4186,6.208091
"2026-10-06 11:00:00",2,202610061030,202610061100,2287.481,21.21178,429.0021,2.641719,11.60454,0.5269219,15.74892,0,0.8123165,0,2.97443,0,131.479,0,120.7689,0,8.317749,104.708,56.27023,37.75964,1,-0.6637838,-0.01113344,1,0.6664283,0.1037873,0.7207286,0.25448,166.4698,1.323834,3.074007,-3.655375,87.36475,2477.874,21.18956,40.30883,20.0233,43.11618,20.56444,55.02827,1.339048,21.10084,0.846167,16.90449,6.293356
"2026-10-06 11:30:00",3,202610061100,202610061130,2286.355,34.44167,421.8354,4.237891,11.18642,0.585268,-3.842953,2,-2.662792,0,2.822603,0,124.6009,0,160.0134,0,2.081641,26.20475,14.08247,9.449914,1,-2.475775,-0.03177946,0,0.6454774,0.1757613,0.5582776,0.2578238,140.5439,0.8482556,2.719553,-0.9800485,87.35246,2417.474,22.76419,35.36797,21.41073,38.20131,21.94856,52.80985,1.58711,22.45415,1.03093,18.38723,6.418103
"2026-10-06 12:00:00",4,202610061130,202610061200,2186.447,24.64702,417.0081,2.515585,10.50187,0.4546998,-4.547919,2,-0.7424607,0,1.818432,0,80.16129,0,131.9487,0,1.25162,15.75602,8.467306,5.681911,1,-0.8096775,-0.01311965,1,0.6581711,0.1131958,0.5826339,0.2675406,104.5221,0.816201,2.948245,-2.996723,87.34586,2473.011,24.12117,30.54638,22.85077,32.83456,23.19331,50.49263,1.881834,23.83488,1.016672,19.90569,6.507898
"2026-10-06 12:30:00",5,202610061200,202610061230,2142.335,17.22659,416.9294,2.804233,10.86661,0.6182745,4.829824,1,-1.947064,0,3.639787,0,160.197,0,168.1192,0,0.9988374,12.57387,6.757215,4.534369,1,-7.362681,-0.06771764,2,0.7130122,0.2579353,0.747781,0.285013,250.42,0.9972911,3.806167,-0.329551,87.32142,2254.577,25.54628,28.98562,24.49146,30.74452,24.87473,49.73884,2.14135,25.51563,1.089977,21.41044,6.632701
"2026-10-06 13:00:00",6,202610061230,202610061300,2090.266,16.92902,409.6157,2.743864,10.42761,0.7393353,-4.265896,1,-2.314913,0,3.355778,0,147.5459,0,159.9377,0,3.334379,41.97485,22.55734,15.1369,1,-3.558939,-0.04016795,1,0.594642,0.1990229,0.7814818,0.2561814,21.40717,1.153446,3.760222,-0.6817705,87.29333,2381.369,26.31792,26.54047,25.54808,27.6839,25.63435,48.27748,2.380466,26.53415,1.068997,22.58035,6.705461
"2026-10-06 13:30:00",7,202610061300,202610061330,2057.925,8.340496,403.6132,2.570793,9.922984,0.7786165,2.553595,2,-3.442811,0,2.815105,0,123.6669,0,139.7323,0,7.590124,95.54832,51.34779,34.45648,1,-0.5352848,-0.01033997,1,0.715959,0.1011316,0.6873419,0.2451551,309.113,1.198892,4.387079,-4.532876,87.26972,2482.157,27.33112,23.79267,26.43847,24.98167,26.56643,46.79975,2.60189,27.37945,0.9922585,23.2408,6.766419
"2026-10-06 14:00:00",8,202610061330,202610061400,2043.089,8.246717,399.5484,1.523544,9.40524,0.8097594,2.807406,0,-0.9267669,0,2.95189,0,129.5679,0,103.8575,0,2.100961,26.44796,14.21317,9.537621,1,-17.53322,-0.08788962,1,0.9115487,0.295295,1.047726,0.2517492,48.26447,1.463334,3.461587,-0.1383875,87.23736,1915.559,28.07741,21.58423,27.29702,22.49269,27.46238,45.47185,2.824733,28.19124,0.7729137,24.1001,6.844776
"2026-10-06 14:30:00",9,202610061400,202610061430,2050.752,7.983461,401.3266,1.414153,9.841164,0.7327991,-7.866432,1,-4.066338,0,3.293958,0,144.5023,0,111.8593,0,0.798269,10.04901,5.400353,3.623859,1,-25.84035,-0.1195446,1,0.9714887,0.3447927,0.9501154,0.2704474,258.7844,1.242563,4.052129,-0.09389883,87.21416,1638.655,28.92575,21.50355,27.8676,22.76458,28.25924,45.59644,2.910694,28.80519,0.7828799,"NAN","NAN"
"2026-10-06 15:00:00",10,202610061430,202610061500,2061.076,12.29593,402.847,0.827714,9.823757,0.6690821,3.218035,0,0.08547154,0,2.900446,0,127.2415,0,71.06284,0,14.54235,183.0665,98.38014,66.01713,1,-0.2754466,-0.004361835,2,0.8915941,0.06586869,1.012513,0.2415506,195.5983,1.623534,4.802317,-8.80889,87.18802,2490.818,28.9875,21.38832,27.84973,22.74074,28.40854,45.5033,2.907072,28.7856,0.5803033,25.43029,6.962219
"2026-10-06 15:30:00",11,202610061500,202610061530,2113.363,37.48659,402.336,1.170182,10.45466,0.8018968,23.22825,1,-0.4872337,0,2.875266,0,126.1376,0,47.51503,0,10.7428,135.2358,72.67589,48.76851,1,-4.726076,-0.02289767,1,0.8079665,0.1509606,0.6543094,0.2356756,158.797,2.090641,4.701632,-0.5134025,87.15765,2342.464,28.6798,23.15656,27.84365,24.20472,28.22372,46.42502,2.85033,28.83979,0.4490779,25.54311,6.962976
"2026-10-06 16:00:00",12,202610061530,202610061600,2116.076,15.11215,402.6751,0.541885,10.22432,0.737801,-5.464252,2,-0.2956336,0,2.060869,0,90.42126,0,25.17664,0,6.395246,80.50658,43.26435,29.03216,1,-13.27544,-0.03086819,1,0.4004439,0.1752401,0.6740146,0.1853628,145.3369,1.529126,2.825909,-0.182772,87.1496,2057.485,28.59517,22.74886,27.71702,23.85499,28.06129,46.21981,2.842317,28.69072,0.3093036,25.03462,6.954155
"2026-10-06 16:30:00",13,202610061600,202610061630,2083.92,36.01881,403.224,3.201631,10.66127,0.7432998,11.86165,0,0.1187031,0,2.088927,0,91.66228,0,15.20012,0,8.260035,103.9815,55.87979,37.49764,1,-6.776172,-0.01524256,1,0.59462,0.123128,0.9804381,0.1817276,237.452,1.614615,4.634797,-0.3580752,87.15168,2274.127,28.58945,23.73349,27.60504,25.04643,28.02858,46.88813,2.779777,28.62009,0.2607782,24.59224,6.948937
"2026-10-06 17:00:00",14,202610061630,202610061700,2060.663,10.24471,403.1045,1.314303,11.27073,0.9432346,-0.02286507,2,-0.1113775,1,1.113243,1,48.87918,1,-2.873222,2,10.45083,131.5603,70.70068,47.44306,1,-534.9388,-0.0133532,0,0.3985935,0.1151411,0.3918593,0.1355288,268.4767,1.515133,3.193438,-0.004535807,87.14491,1255.675,27.93737,26.08731,26.97259,27.53544,27.52749,48.03016,2.592437,28.0436,0.3437941,23.92915,6.914363
"2026-10-06 17:30:00",15,202610061700,202610061730,2089.277,19.83484,402.6833,1.621161,12.434,0.3616813,-2.791734,2,0.09923027,2,0.3098602,2,13.6272,2,-3.752765,2,23.12614,371.1435,175.6198,111.0048,1,2.346626,-0.002019058,2,0.4307915,0.04465976,0.2298927,0.08014177,285.591,1.152537,2.717842,1.033986,87.13435,111.2463,26.22517,31.78503,25.2937,33.49554,25.95234,50.81642,2.153187,26.46931,0.2920231,23.22749,6.861064
"2026-10-06 18:00:00",16,202610061730,202610061800,2250.386,83.98278,407.0081,4.747073,12.32075,0.2553441,28.77117,2,1.922546,2,0.07375619,2,3.249758,2,-18.29946,2,10.97797,176.1816,83.3666,52.69392,1,1.098772,-0.004156307,2,0.2769221,0.06387489,0.2636794,0.06527898,8.111023,0.7958149,1.808888,2.208265,87.11058,109.89,24.16952,35.75499,23.36296,37.44989,24.12576,52.24785,1.821017,24.52028,1.613856,22.4251,6.797409
"2026-10-06 18:30:00",17,202610061800,202610061830,2317.84,81.31438,412.4443,5.433563,12.09879,0.3331962,-15.95437,2,-0.5165654,2,-0.05975113,2,-2.639228,2,0.6694543,2,43.7027,550.1517,295.6522,198.3948,1,-6.354162,-0.001246042,2,0.286801,0.03482377,0.3368072,0.05765644,46.30023,1.885018,3.065616,-0.3818567,87.09566,2288.195,20.78069,42.81744,20.79224,42.84218,20.99196,55.27187,1.412956,21.91871,0.7101651,21.51244,6.71879
"2026-10-06 19:00:00",18,202610061830,202610061900,2175.719,98.55526,412.1477,7.973709,11.18388,0.3648067,-36.93369,2,-1.756029,2,-0.1048777,2,-4.633308,2,10.752,2,20.77962,261.5843,140.5757,94.33212,1,-1.419665,-0.003457409,2,0.40804,0.05797705,0.6042794,0.07535167,33.42148,1.589398,3.040618,-1.709121,87.1009,2452.678,20.84123,39.48352,20.60734,40.24683,20.99471,53.49502,1.470423,21.64745,1.384827,20.56364,6.638973
"2026-10-06 19:30:00",19,202610061900,202610061930,2157.957,88.83304,419.7744,8.366241,11.26427,0.3573907,2.540616,2,-0.5789192,2,0.04544877,2,2.011409,2,-3.145299,2,15.67289,251.5287,119.0198,75.22939,1,14.51109,-0.007159197,0,0.4833664,0.08315907,0.627095,0.08180889,40.98062,1.563905,2.443289,0.1672086,87.11884,124.4686,18.71664,45.43319,18.76701,45.47842,19.00001,56.01522,1.20031,19.80811,1.449489,19.67544,6.595582
"2026-10-06 20:00:00",20,202610061930,202610062000,2824.029,1031.962,454.356,31.38623,11.59103,0.5739126,998.3741,2,39.50886,2,0.8348921,2,37.07064,2,-114.7482,2,1.449495,23.26244,11.00745,6.957531,1,5.490861,-0.04224445,2,0.9791897,0.2008041,0.4230464,0.06408501,231.2549,1.049001,2.0186,0.4418941,87.139,114.664,16.06067,56.66381,15.36151,59.30877,16.74571,60.14156,0.771871,16.42014,3.012647,18.88245,6.508931
"2026-10-06 20:30:00",21,202610062000,202610062030,3163.712,452.4607,466.2275,11.12624,12.56615,0.2768991,-10.91676,2,-0.3223367,2,0.02509836,2,1.115798,2,1.100132,2,13.05077,164.2897,88.28952,59.2459,1,-12.7047,-0.003527825,1,0.2265526,0.05790751,0.2604317,0.05066291,188.5886,0.9565182,1.666611,-0.1909827,87.15112,2076.51,13.48184,70.49393,14.06389,68.04458,13.6168,68.59306,0.5174913,15.20739,0.7451484,18.16975,6.444326
"2026-10-06 21:00:00",22,202610062030,202610062100,3113.086,208.7136,476.0137,10.53388,12.45748,0.1964129,68.31179,2,-0.6138643,2,0.03231534,2,1.436662,2,-1.995458,2,13.86165,222.4608,105.2652,66.53548,1,13.16453,-0.005017776,1,0.3453441,0.0690496,0.2161831,0.04147647,177.62,1.063899,1.895885,0.1843119,87.17413,123.0049,13.86069,68.26156,14.05034,67.51618,13.96966,67.32899,0.5244902,15.18382,0.5259808,17.48563,6.389587
"2026-10-06 21:30:00",23,202610062100,202610062130,2745.957,411.265,476.5721,25.05028,11.78994,0.3370136,-99.35751,2,-1.58807,2,-0.05410396,2,-2.405628,2,5.745471,2,18.58462,233.9526,125.7264,84.36761,1,-5.080637,-0.005455779,1,0.4662426,0.07197127,0.3523777,0.07035343,184.2258,1.67704,2.904359,-0.4775738,87.18104,2330.646,13.87627,64.74571,13.9216,64.84753,13.94389,65.70084,0.5750015,14.99347,1.484614,16.85567,6.383632
"2026-10-06 22:00:00",24,202610062130,202610062200,2679.785,353.2113,480.2837,13.43409,11.66712,0.1352053,-216.4521,2,8.740346,2,0.1117324,2,4.976586,2,-4.474041,2,1.971736,31.6437,14.97335,9.464272,1,158.0946,-0.04468499,2,1.037829,0.2053103,0.5071598,0.08789784,196.1433,1.171629,2.530504,0.01534764,87.18931,266.3341,12.09534,71.84325,12.11057,71.84553,12.39126,68.35992,0.4023962,13.1646,0.7962137,16.31227,6.288906
"2026-10-06 22:30:00",25,202610062200,202610062230,3024.819,234.6894,468.9962,9.932641,11.84634,0.1603951,-21.30547,2,-1.175023,2,0.02795683,2,1.246499,2,0.08188458,2,13.46657,169.524,91.10244,61.13349,1,-128.4838,-0.004351437,2,0.3716596,0.06394313,0.3738915,0.05117831,25.30585,1.117936,2.099486,-0.0188847,87.20481,1452.347,10.88802,79.03457,11.02328,78.37717,11.17414,71.83811,0.2875104,12.08949,0.632661,15.83555,6.23832
"2026-10-06 23:00:00",26,202610062230,202610062300,2585.128,171.2481,469.409,4.91882,11.58952,0.1299015,34.55898,2,-1.501305,2,0.0410882,2,1.83216,2,2.133811,2,33.21722,418.1552,224.7171,150.7944,1,-1.311022,-0.00121384,1,0.237392,0.03376407,0.2114877,0.04021466,52.93076,1.382436,1.893418,-1.850754,87.20673,2456.299,10.73681,78.03439,10.92135,77.16176,10.87435,71.9666,0.3005185,11.96396,0.4783651,15.37861,6.191195
"2026-10-06 23:30:00",27,202610062300,202610062330,2572.962,149.6353,465.0617,9.417995,11.60261,0.2442614,-69.51894,2,-2.778126,2,0.05288127,2,2.357034,2,9.342538,2,9.919159,124.8674,67.1039,45.02948,1,-2.335385,-0.004657868,1,0.4832273,0.06619015,0.2972451,0.03094237,45.63602,0.8969904,1.52657,-1.038963,87.21053,2422.154,11.39064,74.85667,11.36038,75.10109,11.52685,70.43678,0.3393111,12.40583,0.8477154,14.93546,6.178399
"2026-10-07 00:00:00",28,202610062330,202610070000,3006.51,869.1526,483.0346,27.65322,11.55687,0.2044776,-30.05246,2,6.700577,2,-0.06996113,2,-3.122058,2,-9.389729,2,1.534438,24.62566,11.65251,7.365255,1,1.95258,-0.004179054,2,0.6538025,0.06255345,0.2705641,0.03978943,39.66135,0.628323,1.460038,1.242653,87.22005,110.818,9.94904,82.10715,10.10682,81.35687,10.39149,72.91765,0.2359914,11.14357,1.071276,14.51105,6.186075
"2026-10-07 00:30:00",29,202610070000,202610070030,2705.063,338.0622,458.4363,23.5899,11.47591,0.1376828,175.5253,2,14.11989,2,-0.07525368,2,-3.356008,2,-13.46455,2,4.856465,77.93973,36.87996,23.31089,1,1.202233,-0.003824794,2,0.3284424,0.05991499,0.2014239,0.03493932,332.1484,0.4299314,1.072686,2.018227,87.22318,110.0024,10.19892,80.07083,10.80315,77.1433,10.37737,72.69984,0.3016759,11.83506,0.9696059,14.11633,6.14499
"2026-10-07 01:00:00",30,202610070030,202610070100,3025.224,575.4009,474.8135,23.76857,11.59855,0.2115641,-140.3669,2,-4.731602,2,-0.06129999,2,-2.735186,2,2.105776,2,7.989177,100.5718,54.04741,36.26804,1,-12.66793,-0.005021724,2,0.3628929,0.06858431,0.4728941,0.0285177,64.5004,0.8480804,1.423584,-0.1915371,87.23,2077.736,9.835785,82.98911,10.24593,80.97784,10.05106,73.97929,0.2432841,11.28684,0.9259051,13.73837,6.073304
"2026-10-07 01:30:00",31,202610070100,202610070130,2375.923,233.9722,453.1058,18.37518,11.1278,0.1398541,53.48188,2,1.797451,2,0.006168028,2,0.2748401,2,-0.3959953,2,7.123912,114.3292,54.09893,34.19456,1,289.7564,-0.01355434,1,0.5085695,0.1129475,0.600682,0.03754873,65.89325,1.116273,1.970307,0.008373858,87.23509,342.8817,11.37028,71.97162,11.67435,70.75019,11.33603,69.60109,0.4105691,12.67784,1.158831,13.38235,6.013327
"2026-10-07 02:00:00",32,202610070130,202610070200,2979.693,543.3674,508.0223,52.96487,10.68478,0.2385598,-263.3529,2,-13.75631,2,0.05243918,2,2.344265,2,34.28445,2,17.1407,215.7757,115.9582,77.81271,1,-0.5734149,-0.00436507,1,0.6333856,0.06370024,0.2722314,0.087017,307.1183,1.397591,2.512231,-4.231454,87.244,2480.886,8.583126,84.11501,8.256313,85.96414,8.98472,73.30932,0.1760858,9.208336,2.366779,13.06111,6.014185
"2026-10-07 02:30:00",33,202610070200,202610070230,2900.764,256.8605,483.2848,12.03205,11.36729,0.3998388,-150.9604,2,-2.877912,2,-0.2868756,2,-12.81776,2,-7.090614,2,4.87726,78.27345,37.03788,23.4107,1,24.97451,-0.02010082,1,0.5086322,0.1368555,0.5902041,0.06430434,121.841,1.009035,2.167287,0.09715424,87.24117,135.8419,8.434721,89.26598,8.81757,87.12933,8.538964,77.19791,0.1474785,9.832589,0.6955741,12.77457,5.970366
"2026-10-07 03:00:00",34,202610070230,202610070300,3261.282,339.4894,514.7061,34.777,11.57401,0.4125786,60.24703,2,14.68504,2,-0.2129905,2,-9.519469,2,-18.45077,2,8.084565,129.7464,61.39413,38.80567,1,1.568669,-0.005737923,2,0.4115281,0.07308108,0.4145933,0.07679301,187.1842,0.8033038,2.094274,1.546776,87.23823,110.4007,7.962801,93.84911,8.493672,90.74814,8.086307,79.46993,0.1066905,9.526116,1.181326,12.49901,5.946352
"2026-10-07 03:30:00",35,202610070300,202610070330,3267.151,141.6692,497.0011,10.72898,11.59982,0.2886825,-6.509384,2,5.664055,2,-0.1101256,2,-4.924258,2,-8.982723,2,6.070045,97.41604,46.09587,29.13603,1,5.406726,-0.00812611,2,0.4344727,0.08689051,0.4018025,0.06591047,14.82568,0.7588881,1.892231,0.4487705,87.24958,114.5725,7.764468,95.29186,8.010558,93.95829,8.073818,79.84667,0.06648839,9.043478,0.7124004,12.21659,6.01758
"2026-10-07 04:00:00",36,202610070330,202610070400,2948.633,200.859,494.5153,15.5801,10.84592,0.325807,102.6169,2,7.878605,2,-0.1757482,2,-7.862669,2,-14.41602,2,11.07003,177.6591,84.06574,53.13582,1,4.946654,-0.01052244,2,0.3983609,0.09875952,0.6356518,0.0634006,53.19482,1.328818,2.758611,0.4905092,87.25886,114.0725,7.156738,93.0158,7.46236,91.22572,7.309102,79.06799,0.09351712,8.425949,0.9832262,11.95429,5.979534
"2026-10-07 04:30:00",37,202610070400,202610070430,2568.124,123.252,476.0063,8.442626,10.76756,0.09854275,-28.98991,2,-1.794958,2,-0.03478681,2,-1.555456,2,1.372842,2,18.0126,226.7517,121.8567,81.77084,1,-13.65669,-0.004033811,2,0.4310971,0.06120598,0.3317069,0.04007397,63.93149,1.393633,2.117446,-0.1776696,87.2674,2044.777,7.800717,88.41786,8.033146,87.13069,7.880693,76.98154,0.1401364,8.991646,0.5304918,11.70597,5.943573
"2026-10-07 05:00:00",38,202610070430,202610070500,2601.26,163.0231,489.474,23.78879,10.62857,0.3426907,-43.66299,2,-4.751355,2,0.04827246,2,2.160443,2,4.8309,2,10.95408,137.8955,74.10522,49.72765,1,-2.311852,-0.003050993,1,0.3696379,0.05313195,0.2192214,0.03278317,289.8785,0.7714452,1.355756,-1.049539,87.28204,2422.938,7.135509,91.45494,7.065268,92.00455,7.46176,77.32462,0.0861935,8.008205,1.377667,11.4778,5.934289
"2026-10-07 05:30:00",39,202610070500,202610070530,3070.033,83.88751,516.97,14.95949,9.935716,0.135099,-7.932331,2,-2.464035,2,0.03003294,2,1.34686,2,2.806486,2,1.83421,23.08997,12.40858,8.326667,1,-10.9141,-0.006033295,2,0.4371442,0.07441644,0.4836687,0.03396009,37.97949,0.6031129,1.16267,-0.222316,87.29453,2136.197,4.479374,100.9693,4.931513,99.5481,4.793627,82.04379,0.004585445,5.805985,0.5005506,11.25946,5.868557
"2026-10-07 06:00:00",40,202610070530,202610070600,3324.258,203.6769,508.8531,15.38914,10.67731,0.3102752,-90.13933,2,0.03792847,2,-0.2686148,2,-12.0271,2,-14.47266,2,7.749093,124.3625,58.84655,37.19542,1,4.110075,-0.009454798,2,0.4223972,0.09343491,0.3771293,0.05070122,158.1464,0.9129372,2.032957,0.5903491,87.32553,113.1631,5.964447,99.23252,6.611555,95.22702,5.911942,83.00561,0.04756159,7.557222,0.6717777,11.0225,5.838664
"2026-10-07 06:30:00",41,202610070600,202610070630,3405.529,279.1629,490.3001,18.84817,11.15257,0.2512616,-3.959258,2,2.746627,2,-0.002784074,2,-0.1244426,2,-4.836908,2,13.76303,220.878,104.5163,66.06211,1,8.368063,-0.007049083,2,0.6381186,0.08093645,0.5065331,0.04033419,170.63,1.355141,2.614322,0.2899571,87.33825,117.7914,7.962233,90.64582,8.407269,88.13451,7.832009,79.62682,0.1355004,9.401595,1.098083,10.77991,5.793295
"2026-10-07 07:00:00",42,202610070630,202610070700,3871.572,515.1669,521.346,24.91711,10.44261,0.4386712,-167.1343,2,-3.468287,2,-0.198665,2,-8.902246,2,-13.75218,2,7.237809,116.1571,54.96387,34.74126,1,13.35643,-0.01997654,1,0.4679825,0.1355868,0.8321924,0.06661035,12.55438,1.359545,2.286032,0.1816637,87.34557,123.2135,5.744761,96.74183,5.77094,98.77389,6.043031,80.89708,0.0146023,6.693049,1.237973,10.56124,5.793902
"2026-10-07 07:30:00",43,202610070700,202610070730,2887.483,142.2047,498.5926,8.32725,10.64545,0.3684332,-23.99887,2,-0.3300656,2,0.1401825,2,6.27631,2,6.000827,2,7.704711,96.99081,52.12298,34.97667,1,-3.080513,-0.004371871,1,0.2064032,0.06353121,0.3043054,0.05578085,359.7955,0.6545982,1.65279,-0.7876543,87.35186,2397.316,7.243087,91.15054,6.660951,94.65614,6.091529,81.72123,0.05326062,7.603956,0.6102345,10.41295,5.794909
"2026-10-07 08:00:00",44,202610070730,202610070800,2742.198,49.34232,476.5612,6.079893,12.30195,0.5480566,-2.629056,2,1.750937,2,0.2012783,2,8.988017,2,5.505533,2,5.37274,67.63477,36.34702,24.39034,1,-8.191489,-0.008009034,0,0.226985,0.08643086,0.2267741,0.09757484,357.0257,0.6055117,1.354046,-0.2962073,87.36961,2226.95,10.81401,82.95481,9.424341,90.61987,8.447507,81.35997,0.1127337,10.52571,0.9252031,10.40924,5.796043
"2026-10-07 08:30:00",45,202610070800,202610070830,2813.573,114.2315,464.2307,6.831651,12.87305,0.5691109,-5.331377,2,-2.752646,2,0.5759381,2,25.6669,2,35.71155,2,8.518401,107.2339,57.62766,38.67053,1,-1.376006,-0.00814143,1,0.285392,0.08746102,0.3426127,0.1216893,338.6647,0.9650642,2.022244,-1.763349,87.39635,2454.133,12.42045,78.19619,11.52048,82.75656,10.97832,76.22102,0.2410254,12.68162,0.9203481,10.71441,5.798347
"2026-10-07 09:00:00",46,202610070830,202610070900,2429.318,162.005,440.0291,11.48607,11.64558,0.5457126,-58.15168,1,-8.547398,1,1.056077,1,46.95528,1,60.26352,1,6.101748,76.8119,41.27881,27.69978,1,-2.692101,-0.01796187,1,0.4031363,0.1304188,0.4535153,0.1706351,342.676,1.07032,2.950435,-0.9012958,87.41326,2410.263,14.94903,59.96992,13.94734,63.81236,13.42115,66.73617,0.5833147,15.00623,0.8917372,11.39461,5.827923
"2026-10-07 09:30:00",47,202610070900,202610070930,2163.978,32.20088,417.303,3.807893,10.87921,0.4333191,4.397223,1,-2.342748,1,1.158684,1,51.44675,1,65.65853,1,5.51039,69.36758,37.27822,25.01522,1,-4.638811,-0.02722485,0,0.4642063,0.1609293,0.6103464,0.1921428,356.1031,1.237167,3.014895,-0.5230606,87.42483,2345.373,16.26221,51.43833,15.37793,54.25171,15.00478,61.32444,0.8045643,16.37178,0.8298909,"NAN","NAN"
"2026-10-07 10:00:00",48,202610070930,202610071000,2144.024,14.67914,410.4355,1.725708,10.67932,0.5173011,-0.8138386,2,-4.182573,0,1.681218,0,74.54413,0,86.6946,0,6.616826,83.29594,44.76335,30.03805,1,-4.488482,-0.03199849,0,0.5451985,0.1749044,0.6225119,0.2125372,2.766113,1.532177,3.61793,-0.5405791,87.41918,2350.384,17.59107,46.37725,16.82496,48.54279,16.44128,58.39965,0.9920708,17.8054,0.8588982,13.6697,5.999134
"2026-10-07 10:30:00",49,202610071000,202610071030,2157.632,17.30917,410.8848,1.839863,11.20221,0.5677084,8.382097,2,-3.369501,0,1.767837,0,78.27666,0,79.77256,0,7.064629,88.93313,47.79278,32.07092,1,-3.792193,-0.02704056,0,0.542028,0.161215,0.5232499,0.2106663,345.0256,1.47759,3.794102,-0.6398354,87.40054,2373.594,18.90316,44.77009,18.26037,46.49015,17.90474,57.43103,1.129084,19.29413,0.8584786,15.1248,6.056404
"2026-10-07 11:00:00",50,202610071030,202610071100,2121.246,14.49006,406.2889,2.343715,11.58051,0.5666398,6.797748,2,-2.719434,0,2.044234,0,90.37603,0,117.0763,0,4.875969,61.38116,32.98632,22.13518,1,-3.929475,-0.03527434,1,0.5985276,0.1846687,0.803619,0.2353857,357.0242,1.347494,4.432248,-0.6174818,87.38055,2369.018,20.54457,41.79004,19.85624,43.49805,19.66096,56.01492,1.317703,20.93094,0.9829309,16.64626,6.198812
"2026-10-07 11:30:00",51,202610071100,202610071130,2100.773,8.568664,403.4506,1.51531,11.43909,0.6613234,1.042356,1,-4.068118,0,2.318298,0,102.3832,0,127.7461,0,4.423732,55.68818,29.9269,20.08218,1,-6.320535,-0.05119938,0,0.7649055,0.2229203,0.6906794,0.2416027,349.7071,1.440273,4.804705,-0.3838883,87.36178,2289.315,21.60899,38.66603,20.96227,40.10528,20.83393,54.28882,1.494614,22.02783,0.9617796,18.18814,6.246983
"2026-10-07 12:00:00",52,202610071130,202610071200,2104.327,9.267203,406.269,2.06317,11.15979,0.5720085,-4.182533,1,-4.158284,0,2.406676,0,106.1988,0,129.4604,0,5.821105,73.27901,39.38024,26.42576,1,-2.102247,-0.0247507,0,0.7270286,0.1552207,0.8508384,0.2378777,13.53125,1.403979,3.962565,-1.154184,87.34869,2429.925,22.42649,35.87218,21.81564,37.1428,21.79869,52.86027,1.653238,22.85804,0.983788,19.70142,6.392668
"2026-10-07 12:30:00",53,202610071200,202610071230,2105.906,8.535077,407.1476,2.187739,11.19557,0.6386399,-1.825781,2,-2.911035,0,2.576751,0,113.5606,0,177.0443,0,3.68447,46.38197,24.92573,16.72619,1,-3.510167,-0.04242902,0,0.6686333,0.2037194,0.6523611,0.2562597,312.0892,1.170107,3.264153,-0.6912433,87.31429,2382.994,23.7216,33.26443,23.11896,34.42512,23.02506,51.85094,1.868303,24.16934,1.120159,21.16357,6.46247
"2026-10-07 13:00:00",54,202610071230,202610071300,2094.605,7.146127,404.8702,1.294701,10.90477,0.548744,-4.232932,1,-2.954398,0,2.756796,0,121.3832,0,142.3675,0,3.208476,40.38992,21.7056,14.56535,1,-0.4490061,-0.00936513,2,0.7082949,0.09587068,0.6902632,0.2614053,289.2986,0.9449072,3.043871,-5.403889,87.29333,2485.033,25.1878,29.72271,24.07397,31.6331,24.4356,49.96658,2.060559,25.10026,0.9287236,"NAN","NAN"
"2026-10-07 13:30:00",55,202610071300,202610071330,2077.904,7.074934,402.1285,1.546811,10.62678,0.5614386,7.793367,1,-2.29522,0,2.822186,0,124.1212,0,149.1883,0,5.603562,70.54047,37.90854,25.43819,1,-0.4411547,-0.009505876,1,0.6095092,0.09679186,0.4371426,0.2568337,312.2694,0.8320798,3.957507,-5.500064,87.2607,2485.295,26.57361,26.67909,25.24748,28.72905,25.62025,48.45315,2.304231,26.25142,0.9561176,22.905,6.626392
"2026-10-07 14:00:00",56,202610071330,202610071400,2070.333,12.3429,399.4117,2.476176,10.94217,0.8148718,-0.2654371,2,-2.977463,0,2.939138,0,129.1531,0,133.9795,0,8.774385,110.4564,59.35942,39.83261,1,-0.1733969,-0.004757411,2,0.5976233,0.06859667,0.8948566,0.2491584,293.3334,1.207361,3.17445,-13.99321,87.22041,2494.22,27.2693,26.33765,26.13981,28.02889,26.51384,48.18926,2.452012,27.17679,0.8962284,23.79605,6.673002
"2026-10-07 14:30:00",57,202610071400,202610071430,2050.438,6.177234,400.1299,0.7717083,9.912166,0.5551124,1.811928,1,-0.8411562,0,2.805226,0,123.1898,0,104.2391,0,6.058754,76.27067,40.98796,27.50461,1,-0.9865487,-0.01291657,1,0.6581923,0.1131583,0.7329975,0.2520824,235.914,1.186414,3.159097,-2.459462,87.17992,2467.115,28.04836,22.80114,26.7996,24.40869,27.22538,46.30714,2.675763,27.74059,0.6987203,24.67339,6.752411
"2026-10-07 15:00:00",58,202610071430,202610071500,2043.855,7.238745,398.1888,2.920641,9.582018,0.7943379,-1.571035,2,-2.615275,1,2.171039,0,95.22472,0,96.18288,0,4.097867,51.58603,27.7224,18.60287,1,-1.627892,-0.01690148,0,0.5885698,0.1297238,0.7111452,0.2032517,354.8794,0.9821634,2.878325,-1.490503,87.15042,2445.737,29.35494,20.43731,28.04412,21.94096,28.11632,45.34409,2.973634,28.95745,0.8537189,25.14177,6.830941
"2026-10-07 15:30:00",59,202610071500,202610071530,2033.627,9.786743,398.5134,1.617733,8.690661,0.9520013,0.6555836,2,-4.264271,0,2.718837,0,119.2319,0,47.4482,0,6.349845,79.93507,42.95721,28.82606,1,-3.960374,-0.02022906,1,0.8769094,0.1419521,0.8655981,0.221562,16.35992,1.528358,4.660091,-0.6126641,87.13255,2367.988,29.23264,18.63588,28.21669,19.68601,28.41603,43.87995,3.087348,29.04523,0.5148636,25.30129,6.823026
"2026-10-07 16:00:00",60,202610071530,202610071600,2034.252,10.76009,398.9687,1.836133,9.128287,1.127933,5.796498,1,-2.667436,1,2.001332,1,87.75224,1,32.26391,1,5.688452,71.60911,38.48283,25.82356,1,-7.213631,-0.02348511,0,0.5251327,0.153033,0.5026535,0.1684702,342.9608,1.184229,2.971001,-0.3363603,87.10085,2259.546,29.4062,19.38237,28.38286,20.49865,28.32665,44.53991,3.087117,29.25367,0.5323865,24.84829,6.819776
"2026-10-07 16:30:00",61,202610071600,202610071630,2047.6,15.12242,400.1088,1.982574,9.710816,1.302513,8.972569,2,-1.922159,2,1.632604,2,71.60748,2,13.03238,2,8.294068,104.4099,56.11003,37.65214,1,-3.975577,-0.009474926,0,0.4014582,0.09716924,0.2635384,0.1201258,325.7052,1.020533,3.900757,-0.6103212,87.08475,2367.481,29.31986,20.7452,28.05525,22.25183,28.17795,45.34376,2.963074,28.98081,0.4632376,24.438,6.823922
"2026-10-07 17:00:00",62,202610071630,202610071700,2051.79,26.16016,400.4965,1.665145,9.572559,1.098458,3.429417,2,-0.8590145,2,0.6221669,2,27.29651,2,8.073761,2,7.50559,94.48416,50.77591,34.07273,1,-4.898681,-0.007386195,0,0.2762645,0.08575574,0.2597332,0.0920652,297.2507,0.8234298,1.897223,-0.4953128,87.07155,2336.711,29.24588,20.5331,27.76422,22.30433,28.29041,45.07479,2.910435,28.67566,0.2834877,23.75285,6.751198
"2026-10-07 17:30:00",63,202610071700,202610071730,2526.569,1125.304,409.3473,16.94089,11.06981,1.236495,-273.6478,2,-3.86945,2,-0.2518053,2,-11.06529,2,6.952939,2,21.7646,273.9838,147.2392,98.80359,1,-1.211188,-0.002165857,1,0.2761983,0.04632872,0.2044406,0.02403617,251.4359,1.248628,1.724249,-2.003305,87.04816,2459.627,27.20815,26.82321,26.10914,28.5752,27.066,47.882,2.437156,27.15779,0.8201201,22.99644,6.690247
"2026-10-07 18:00:00",64,202610071730,202610071800,3610.771,553.9601,432.2644,13.96319,14.03104,0.3836534,85.38821,2,2.549777,2,0.04245528,2,1.872832,2,-6.312075,2,32.91209,528.1947,249.9341,157.977,1,0.6473483,-0.00143324,2,0.3428375,0.03746427,0.4773429,0.04165764,222.7095,1.424729,2.451334,3.748182,87.01336,109.3993,22.86197,44.0734,22.13671,45.94296,23.30295,55.77327,1.470146,23.4502,1.878446,22.20926,6.63092
"2026-10-07 18:30:00",65,202610071800,202610071830,2499.635,261.3894,421.0481,9.020335,13.15242,0.8977029,99.55264,2,3.564002,2,-0.2940107,2,-13.0087,2,-7.016482,2,19.1989,308.1165,145.7963,92.15416,1,7.37083,-0.008559719,1,0.2772726,0.09107533,0.4718321,0.04844799,161.4554,1.943698,3.048903,0.3291867,86.98173,116.7074,19.05685,51.67547,19.02423,51.83017,19.30426,59.48792,1.066026,20.24206,0.5916281,21.3082,6.597708
"2026-10-07 19:00:00",66,202610071830,202610071900,2335.191,182.5285,421.2491,7.051771,11.41227,0.5083137,97.16326,2,-4.369293,2,-0.03972892,2,-1.7576,2,5.389271,2,1.983592,24.97045,13.41916,9.004805,1,-100.3172,-0.03761906,1,0.3403491,0.1909016,0.865084,0.05053446,99.62161,0.9374483,2.073896,-0.02418707,86.9904,1465.976,18.86627,45.45052,19.16136,44.80383,18.99097,56.25353,1.23964,20.21762,1.066465,20.35074,6.486789
"2026-10-07 19:30:00",67,202610071900,202610071930,2481.503,288.162,438.175,15.11845,11.48692,0.4438105,54.008,2,3.222161,2,0.06102788,2,2.70364,2,-10.54536,2,7.281735,116.8621,55.29745,34.95211,1,7.42126,-0.01045427,2,0.7238135,0.1003743,0.3991836,0.03503345,34.5871,1.003048,2.246122,0.3269497,87.01077,116.7622,18.03754,48.53713,17.70839,49.5577,18.36487,57.25615,1.042903,18.76626,1.518926,19.4336,6.40837
"2026-10-07 20:00:00",68,202610071930,202610072000,3040.269,577.144,487.4612,30.83755,11.93513,0.2676297,2.111807,2,-1.453333,2,-0.1200967,2,-5.338659,2,-5.954113,2,3.319373,53.27147,25.20729,15.93289,1,17.47669,-0.01338663,2,0.8137003,0.1128883,0.7453734,0.07392362,218.9871,1.072359,4.629355,0.1388351,87.0239,127.6921,14.49389,62.98412,14.15827,64.51557,14.9309,63.69876,0.5892477,15.24427,1.515788,18.60244,6.398197
"2026-10-07 20:30:00",69,202610072000,202610072030,2679.79,235.6732,445.7597,15.88411,11.8245,0.2539731,133.3428,2,9.160424,2,0.06876512,2,3.055059,2,-24.28612,2,5.224381,83.84428,39.67391,25.07688,1,14.55819,-0.02901864,1,0.6478938,0.1663401,0.9321866,0.06199418,294.9282,1.375112,3.191425,0.1666677,87.06338,124.5198,14.68925,61.47829,14.75779,61.4979,14.83239,63.88211,0.662709,15.83595,1.514276,17.86404,6.28969
"2026-10-07 21:00:00",70,202610072030,202610072100,2685.5,102.7479,436.3237,6.359525,11.82349,0.1704987,18.52955,2,-0.6993096,2,-0.008674038,2,-0.3852086,2,0.71333,2,8.944847,112.6023,60.5126,40.60645,1,-137.5456,-0.01212155,2,0.7067184,0.1075759,0.4857698,0.03953614,131.1301,1.315278,2.567689,-0.01764055,87.08186,1447.962,14.86919,60.71261,15.18187,59.59335,14.86664,63.82706,0.7042788,16.26156,0.836449,17.22177,6.241289
"2026-10-07 21:30:00",71,202610072100,202610072130,2734.007,330.5253,463.7031,23.25547,11.60622,0.359717,13.52381,2,-12.24497,2,0.3142098,2,13.98356,2,42.52225,2,1.250569,15.74279,8.460197,5.677141,1,-7.366549,-0.02743174,1,1.0128,0.1611881,0.6082427,0.05561567,292.6873,1.122445,2.488573,-0.329378,87.09102,2254.448,13.10832,67.25951,12.96339,68.08884,13.59058,65.40627,0.502836,14.01514,2.269647,16.64278,6.171959
"2026-10-07 22:00:00",72,202610072130,202610072200,3387.79,504.8341,477.3649,14.53608,12.16455,0.3928898,-52.15676,2,-1.803634,2,-0.2997732,2,-13.35918,2,9.553394,2,1.464316,18.43355,9.906214,6.647477,1,-28.36724,-0.02331887,2,1.044119,0.1482657,0.3514476,0.04620587,227.8231,0.9474418,3.033155,-0.08553454,87.09045,1554.425,11.30878,78.84941,11.54606,77.67867,11.56005,71.79752,0.3085363,12.64308,0.8468614,16.1226,6.203894
"2026-10-07 22:30:00",73,202610072200,202610072230,2943.052,307.9539,448.4974,13.38709,11.54639,0.7346265,14.34713,2,2.239733,2,0.2060584,2,9.161781,2,-10.25035,2,15.69038,251.8095,119.1527,75.31338,1,4.287893,-0.007025892,2,0.4614527,0.08171038,0.4423651,0.05131143,156.2423,1.455102,2.897681,0.5658675,87.10229,113.3564,13.45556,65.29638,13.94532,63.47449,13.20748,66.81741,0.5980518,14.99485,1.252172,15.62178,6.145526
"2026-10-07 23:00:00",74,202610072230,202610072300,2907.701,320.6425,453.0794,13.55435,10.77864,0.481507,446.6879,2,19.37139,2,0.8314803,2,36.99406,2,-83.83266,2,0.8204584,13.16725,6.230554,3.938176,1,11.28843,-0.05557717,1,0.5820347,0.229486,1.202473,0.08970618,96.46024,1.130913,3.016179,0.2149439,87.11138,120.9657,13.40853,61.34422,13.24712,62.18314,13.79296,62.77594,0.5975573,14.22419,1.729941,15.15512,6.059719
"2026-10-07 23:30:00",75,202610072300,202610072330,3035.012,202.7339,466.3926,15.73644,11.31549,0.2324499,56.20832,2,6.704827,2,0.09431021,2,4.203278,2,-21.54405,2,25.95126,416.4827,197.0737,124.5653,1,0.1188428,-0.001096436,2,0.394118,0.03213637,0.5907072,0.0474708,10.90741,1.076751,1.931072,20.41671,87.1028,108.8248,11.53188,72.36882,11.44365,72.95684,11.80534,68.49615,0.3757625,12.46335,1.325073,14.75003,6.019983
"2026-10-08 00:00:00",76,202610072330,202610080000,2949.418,214.1337,480.5049,17.81337,11.18953,0.4565623,45.8018,2,6.431494,2,-0.3327569,2,-14.85624,2,-15.55655,2,6.888629,110.5532,52.3122,33.06521,1,8.245554,-0.01567284,1,0.4167266,0.121107,0.5507097,0.05584108,316.0677,1.063718,2.502321,0.2942652,87.10802,117.6582,9.696212,80.74818,9.630116,81.15708,10.09633,72.26605,0.2302814,10.63209,1.097977,14.36336,5.990643
"2026-10-08 00:30:00",77,202610080000,202610080030,2782.944,343.2425,487.5431,14.00123,10.8201,0.1960462,198.684,2,7.096682,2,0.05326099,2,2.379443,2,-12.19316,2,11.28242,181.0677,85.67865,54.1553,1,6.236886,-0.01061377,0,0.5477341,0.09953271,0.5864208,0.04706101,40.02353,1.335395,2.950839,0.389037,87.11105,115.4749,8.760778,83.15643,8.943886,82.25288,9.021544,73.32122,0.2068822,9.9102,0.8075482,13.98273,5.965821
"2026-10-08 01:00:00",78,202610080030,202610080100,2585.396,62.55705,461.7235,5.936568,10.68217,0.08518717,-11.32635,2,0.1254762,2,0.000967469,2,0.04315048,2,0.4146975,2,22.50641,283.3221,152.2577,102.1712,1,-30.42304,-0.003222802,2,0.4958054,0.05501454,0.2497279,0.02819055,68.20264,1.529987,2.595815,-0.07975467,87.10622,1499.795,10.56133,72.70712,10.67467,72.23087,10.6165,69.21844,0.359717,11.63445,0.612212,13.60018,6.016914
"2026-10-08 01:30:00",79,202610080100,202610080130,2579.019,293.2281,463.0041,20.19083,10.71528,0.1909595,-149.6577,2,-12.42931,2,-0.06001774,2,-2.677858,2,20.12285,2,4.055377,51.05114,27.43495,18.40998,1,-5.062677,-0.0128693,1,0.3176952,0.1098516,0.6485383,0.03732984,89.89664,0.8215752,2.341497,-0.479268,87.12164,2331.244,10.07053,75.36842,10.29041,74.52097,10.36796,69.74078,0.3256446,11.25184,1.022696,13.25356,5.947786
"2026-10-08 02:00:00",80,202610080130,202610080200,3115.807,806.8643,491.3214,49.31833,10.71126,0.1931674,-839.2915,2,-54.68803,2,-0.07749228,2,-3.457998,2,66.29332,2,1.800664,22.66767,12.18163,8.174377,1,-6.843386,-0.03496446,1,0.4494268,0.1810087,0.954326,0.05461447,146.2944,1.060619,2.642782,-0.3545583,87.13222,2271.887,9.884806,76.73106,10.14989,75.7336,9.975285,70.82054,0.3216847,11.11053,2.049423,12.91792,5.916629
"2026-10-08 02:30:00",81,202610080200,202610080230,3345.379,297.7997,527.8868,18.63949,10.24904,0.284,-203.0454,2,-6.928645,2,-0.159722,2,-7.153091,2,-7.424288,2,12.59398,202.1165,95.63863,60.45076,1,8.178713,-0.009635223,2,0.4759269,0.09438504,0.3985174,0.05593698,323.6134,1.34946,2.356398,0.29667,87.12106,117.5856,6.410711,92.47878,6.374644,92.73182,6.85468,76.51405,0.07156044,7.281484,0.8004977,12.60656,5.866239
"2026-10-08 03:00:00",82,202610080230,202610080300,2933.177,349.8579,506.0434,26.01449,10.08037,0.1549433,291.1494,2,19.09628,2,-0.04927628,2,-2.205869,2,-19.44104,2,12.63459,202.7682,95.94702,60.64568,1,3.460867,-0.009980087,2,0.3922369,0.09613638,0.5727134,0.04289071,46.36432,1.430004,2.373261,0.70109,87.1162,112.4575,6.434297,90.81433,6.827165,88.5384,6.454431,77.62564,0.1177015,7.720475,1.027755,12.32558,5.797904
"2026-10-08 03:30:00",83,202610080300,202610080330,2603.554,119.398,472.5006,16.60897,10.19785,0.1694246,-20.54077,2,-3.607975,2,-0.009923732,2,-0.4436198,2,6.242751,2,14.40424,181.3279,97.44582,65.39016,1,-2.388138,-0.003609331,2,0.5704335,0.05796612,0.2746191,0.03566232,81.93649,1.127071,1.995461,-1.016013,87.11666,2420.396,8.192994,81.53126,8.292048,81.14471,8.200604,73.34468,0.2133237,9.20048,1.255682,12.03925,5.799192
"2026-10-08 04:00:00",84,202610080330,202610080400,3068.385,1059.757,485.5954,31.68267,10.33648,0.2851803,-60.88175,2,-6.581598,2,0.1098765,2,4.915312,2,1.479683,2,6.804578,85.65947,46.03351,30.89038,1,-30.13958,-0.008473036,2,1.088809,0.0886965,0.2640561,0.02830552,24.83212,1.168912,2.333599,-0.08050474,87.11931,1499.932,7.559556,86.2541,7.542155,86.47315,7.915262,74.20564,0.1458672,8.460617,1.159752,11.765,5.799488
"2026-10-08 04:30:00",85,202610080400,202610080430,3019.409,217.2951,502.5232,20.03678,9.799614,0.1716833,-114.1537,2,-15.5069,2,-0.09091317,2,-4.07268,2,8.119911,2,4.891446,61.57599,33.09102,22.20543,1,-24.27767,-0.02001113,1,0.2952376,0.1359241,0.5756658,0.05606256,321.371,0.9775774,1.656276,-0.09994285,87.13737,1690.744,5.785597,92.26354,6.072916,90.56895,6.029991,77.31348,0.0902741,6.93884,0.6482825,11.51,5.740045
"2026-10-08 05:00:00",86,202610080430,202610080500,3714.93,801.6503,522.3364,27.90287,9.70577,0.2964727,-156.1811,2,-3.639393,2,0.007402544,2,0.3318442,2,0.2364808,2,8.029487,101.0792,54.32012,36.45103,1,-47.31808,-0.003182705,2,0.5375514,0.05412787,0.4727978,0.03782125,235.9867,0.7972041,2.442756,-0.05127805,87.16329,1491.62,5.00874,96.42964,5.347095,94.31545,5.251831,79.05937,0.05209333,6.202513,0.7555491,11.25644,5.798637
"2026-10-08 05:30:00",87,202610080500,202610080530,3579.789,959.5211,523.4639,23.00791,9.843542,0.1072735,439.0353,2,8.825644,2,-0.05678705,2,-2.546167,2,-5.734654,2,4.243066,68.0955,32.22181,20.36659,1,2.197005,-0.003328647,2,0.368333,0.05533333,0.6378996,0.03315853,56.12683,0.6778085,1.950259,1.104403,87.17231,111.0837,4.705658,98.69364,5.14263,97.06822,5.051138,80.34414,0.02676857,6.009531,0.5019067,10.99192,5.801648
"2026-10-08 06:00:00",88,202610080530,202610080600,3266.926,200.5249,501.1979,12.95007,10.5254,0.2603132,-5.044633,2,0.6244543,2,-0.07494462,2,-3.355329,2,-1.582537,2,10.63556,170.6865,80.7664,51.05039,1,3.356075,-0.001975885,2,0.2259717,0.04275179,0.4431472,0.02538416,197.8254,0.6591197,1.576201,0.7229812,87.19122,112.3436,5.832627,98.54576,6.699359,93.21882,5.758076,82.61289,0.06776243,7.63175,0.4639616,10.73133,5.761049
"2026-10-08 06:30:00",89,202610080600,202610080630,3456.372,230.4089,513.9792,25.6577,10.51594,0.2999806,-24.56922,2,-0.3446711,2,-0.07513114,2,-3.364524,2,-0.5386092,2,12.71255,204.0193,96.53899,61.01985,1,36.80637,-0.005410581,1,0.253823,0.07070552,0.2546571,0.0375718,176.0492,1.015923,1.854542,0.0659228,87.20534,148.7026,6.067486,96.07639,6.435565,94.9174,6.13016,80.77221,0.05170047,7.366304,0.8600394,10.48643,5.72701
"2026-10-08 07:00:00",90,202610080630,202610080700,3995.699,707.4371,536.086,29.16016,10.25955,0.3047298,28.42606,2,6.67531,2,-0.03396787,2,-1.521584,2,-9.610233,2,5.033228,80.77653,38.22229,24.15934,1,12.08898,-0.01442813,1,0.4728567,0.1153839,0.6078646,0.04679972,201.2679,0.9346918,1.9623,0.20071,87.21999,121.8358,5.81549,96.48086,6.135415,94.50169,5.947538,80.23843,0.05432969,7.042404,0.9480361,10.26214,5.723302
"2026-10-08 07:30:00",91,202610080700,202610080730,4438.438,1397.203,516.8561,48.41199,10.27664,1.00236,570.8965,2,27.55357,2,0.6007029,2,26.87815,2,-18.16133,2,5.395398,86.58887,40.97261,25.89775,1,3.696099,-0.00933197,2,0.3570968,0.09298246,0.3863687,0.06335481,189.5942,0.6765714,1.932841,0.6564703,87.23641,112.7132,7.65802,85.35567,7.316418,87.96395,6.737195,77.87097,0.1351874,8.228524,1.334207,10.09316,5.654898
"2026-10-08 08:00:00",92,202610080730,202610080800,7915.837,831.7703,514.0986,10.82617,11.92821,0.3110551,314.4038,2,5.619772,2,0.7927387,2,35.42388,2,9.844646,2,8.238215,103.7068,55.73218,37.39859,1,-8.706584,-0.01316153,0,0.3223289,0.1107166,0.3254854,0.1246384,201.2067,1.161596,2.267269,-0.2786832,87.26278,2209.781,9.599226,87.1233,8.702368,92.20226,8.475271,79.58512,0.08908761,9.767279,0.5456604,10.08233,5.654489
"2026-10-08 08:30:00",93,202610080800,202610080830,3114.851,974.0448,471.6273,13.45153,11.53823,0.6158951,1006.546,2,13.31036,2,1.541769,2,68.71947,2,-5.455406,2,14.47106,232.2411,109.8931,69.46067,1,23.69058,-0.006090677,2,0.4006267,0.07566094,0.4244024,0.159478,168.1206,1.27017,2.452576,0.1024196,87.27563,134.4463,12.41725,70.26627,11.36882,74.86631,11.39666,70.93771,0.3450087,12.40839,0.8199165,10.3913,5.689438
"2026-10-08 09:00:00",94,202610080830,202610080900,2560.837,118.3761,446.2174,9.232526,10.94534,0.5557975,26.76293,2,2.965507,2,2.309676,2,102.7084,2,56.39495,2,6.717392,84.56193,45.4437,30.49459,1,-3.871444,-0.02276508,0,0.4800967,0.1468762,0.4811805,0.2130809,201.1895,1.298772,3.107499,-0.6267375,87.28046,2370.952,14.97934,56.19641,13.78824,60.47517,13.80051,63.81367,0.6292518,14.78263,0.8457044,11.04725,5.749406
"2026-10-08 09:30:00",95,202610080900,202610080930,2481.498,127.7439,425.388,4.096795,10.41771,0.5170949,52.87671,1,-1.260271,0,2.203839,0,97.80177,0,78.30284,0,7.71795,97.15746,52.21254,35.03677,1,-2.935479,-0.02292171,1,0.5384539,0.147908,0.8234235,0.2373609,221.8624,1.626505,4.001325,-0.8265702,87.28564,2402.151,16.65385,47.96439,15.92033,50.08582,15.85789,58.71096,0.9083814,16.87367,0.8308204,12.0266,5.794756
"2026-10-08 10:00:00",96,202610080930,202610081000,2211.687,28.04046,415.9349,2.110601,10.06936,0.4073128,-13.01015,2,-4.309133,0,1.712053,0,75.86057,0,94.38819,0,2.794163,35.17434,18.90273,12.68451,1,-2.843657,-0.02486705,1,0.4795445,0.1544723,0.6991686,0.2404471,113.0339,0.9008878,3.287472,-0.8532601,87.28569,2405.211,18.97867,40.1765,17.521,43.77365,17.83599,55.04259,1.133329,18.4473,0.8165123,13.27107,5.826381
"2026-10-08 10:30:00",97,202610081000,202610081030,2229.466,21.70379,413.4816,2.754534,10.37607,0.6477727,4.064538,2,-5.164346,0,2.30218,0,101.8244,0,104.9237,0,13.28156,167.195,89.85082,60.29361,1,-0.2981433,-0.005933486,2,0.729172,0.075705,0.6800864,0.229687,33.52502,1.421182,3.698134,-8.1383,87.28345,2490.062,20.3714,37.83691,19.40194,40.00517,19.34364,53.64498,1.358493,20.36291,0.8976368,14.75065,5.966382
"2026-10-08 11:00:00",98,202610081030,202610081100,2253.959,23.32882,411.9021,1.57655,10.94777,0.6166945,17.81487,2,-3.780488,0,2.375624,0,104.9971,0,120.0713,0,5.505251,69.30288,37.24346,24.99189,1,-2.552474,-0.02698866,0,0.6753004,0.1616936,0.8360726,0.2385261,7.78772,1.37316,4.030704,-0.9505991,87.27096,2414.917,20.88944,38.62881,20.15009,40.31292,20.10176,53.93786,1.416435,21.16685,0.9141092,16.33573,6.022099
"2026-10-08 11:30:00",99,202610081100,202610081130,2250.999,29.26047,409.7906,3.148436,11.21487,0.7148952,-24.29033,1,-4.921097,0,2.25265,0,99.46478,0,130.216,0,4.598594,57.88942,31.10985,20.87599,1,-9.070024,-0.0658165,1,0.636856,0.2529849,0.7845106,0.2586073,342.7406,1.63327,4.306893,-0.2675163,87.24892,2197.666,21.66981,37.69352,21.16274,38.79866,21.07242,53.39637,1.546578,22.20804,0.9858814,17.9318,6.14804
"2026-10-08 12:00:00",100,202610081130,202610081200,2201.125,11.14089,410.8681,2.214683,10.87583,0.6935295,7.444776,0,-2.981551,0,2.734717,0,120.6231,0,157.1375,0,5.095855,64.1492,34.47387,23.13338,1,-3.306153,-0.03794391,0,0.7084786,0.1924534,0.6724157,0.2722318,314.3791,1.394809,3.698967,-0.733898,87.22814,2389.795,22.79649,34.13588,22.25396,35.19728,22.19799,51.89816,1.750645,23.27122,1.00114,19.49063,6.244735
"2026-10-08 12:30:00",101,202610081200,202610081230,2160.606,22.16059,410.2669,2.318304,10.59009,0.6124403,7.601615,0,-2.398975,0,2.740428,0,120.7389,0,132.4361,0,3.045749,38.34143,20.60473,13.82662,1,-1.828376,-0.0228541,1,0.8007327,0.1496819,0.7450814,0.253529,337.4849,1.104123,3.64225,-1.327068,87.18777,2439.054,24.35046,30.30215,23.41968,31.90598,23.55572,50.23481,1.972629,24.41406,0.9044405,20.95163,6.329573
"2026-10-08 13:00:00",102,202610081230,202610081300,2101.081,18.18168,404.7279,2.09571,10.61823,0.5720331,22.38283,2,0.6693359,1,2.516358,1,110.7166,1,105.6112,0,2.264759,28.50994,15.32128,10.28121,1,-5.750258,-0.04221679,1,0.7500014,0.2039683,0.8087488,0.2582168,54.4613,1.137939,2.846252,-0.42196,87.1446,2308.325,25.73029,27.94958,24.81999,29.40618,25.11667,48.86616,2.22446,25.82166,0.9036376,22.026,6.446951
"2026-10-08 13:30:00",103,202610081300,202610081330,2063.205,7.403476,399.3055,2.672471,10.71745,0.8315539,-3.680405,1,-2.440555,0,2.951349,0,129.7032,0,152.106,0,2.67381,33.65927,18.08853,12.13815,1,-6.470599,-0.05756439,0,0.707616,0.2387153,1.055807,0.2640541,5.109772,1.348192,3.496835,-0.3749852,87.10692,2284.313,26.89161,26.31202,26.03218,27.57489,26.16418,48.08627,2.452199,27.04748,1.012048,22.71485,6.458549
"2026-10-08 14:00:00",104,202610081330,202610081400,2065.007,6.917003,399.1505,1.445499,11.14568,0.7293018,-5.052357,1,-2.22775,0,2.493614,0,109.5182,0,136.1894,0,3.260818,41.04883,22.05969,14.80296,1,-4.457201,-0.0415232,0,0.836734,0.2030284,1.033601,0.2349462,355.9421,1.409049,3.955571,-0.5443728,87.06573,2351.427,27.39767,26.55057,26.68032,27.61344,26.69395,48.20436,2.546952,27.73858,0.9615792,23.65532,6.541414
"2026-10-08 14:30:00",105,202610081400,202610081430,2058.742,7.053663,399.1299,1.479959,11.07343,0.7716843,4.43522,0,-2.852417,0,2.35331,0,103.3027,0,113.3496,0,3.576989,45.02895,24.19861,16.23827,1,-4.877244,-0.03911176,1,0.6549799,0.197255,0.8513128,0.2295235,341.0861,1.220074,3.669161,-0.4974898,87.03248,2337.425,28.28564,25.06859,27.21313,26.57233,27.3806,47.75442,2.664349,28.26635,0.8545347,"NAN","NAN"
"2026-10-08 15:00:00",106,202610081430,202610081500,2051.899,7.75797,398.8636,1.638894,11.0218,0.9038562,6.417325,0,-2.585206,0,2.463482,0,108.1161,0,68.34001,0,4.562283,57.43232,30.8642,20.71115,1,-18.67703,-0.07008705,0,0.9994087,0.2641914,0.7002929,0.2249773,322.1528,1.714033,4.236335,-0.1299125,87.00357,1877.432,28.19261,25.05476,27.43002,26.1119,27.55112,47.51239,2.71384,28.47903,0.6276265,25.03827,6.674934
"2026-10-08 15:30:00",107,202610081500,202610081530,2050.865,8.065642,399.8777,2.238193,10.61235,0.7758051,5.771329,0,-1.955388,0,1.790711,0,78.5685,0,45.64182,0,4.907611,61.77949,33.20038,22.27882,1,-13.15007,-0.04257894,0,0.6671343,0.2060336,0.8638877,0.2131214,344.6267,1.480055,4.361497,-0.1845145,86.97473,2061.664,28.67378,23.46142,27.71023,24.72408,27.72429,46.91556,2.810005,28.72104,0.5588006,25.21382,6.67419
"2026-10-08 16:00:00",108,202610081530,202610081600,2046.125,8.594752,398.6302,2.023748,10.73644,0.9282373,6.328294,1,-3.687526,0,2.406292,0,105.5778,0,34.09886,0,5.607734,70.59299,37.93676,25.45713,1,-7.038342,-0.0243028,1,0.8741693,0.1556764,0.8352285,0.2058336,312.5233,1.44331,4.049726,-0.3447373,86.95641,2265.389,28.75095,23.64717,27.70722,25.03456,27.95944,46.84911,2.798499,28.72983,0.4842948,24.79755,6.668878
"2026-10-08 16:30:00",109,202610081600,202610081630,2039.849,8.480112,399.0838,1.787106,10.34938,1.056294,1.016732,2,-1.680434,2,1.07939,2,47.36173,2,7.932565,2,6.34582,79.8844,42.92998,28.80778,1,-18.7769,-0.01944169,0,0.4644677,0.1392397,0.6365646,0.1520474,330.2861,1.249878,3.179983,-0.1292215,86.9261,1874.104,28.58538,22.98861,27.64815,24.22622,27.67747,46.54791,2.819122,28.63352,0.3443415,24.40551,6.666284
"2026-10-08 17:00:00",110,202610081630,202610081700,2053.491,16.47481,399.2916,1.38027,10.6627,1.020456,15.44639,2,-0.8718099,2,0.94235,2,41.38141,2,-5.352771,2,13.08134,209.938,99.33964,62.79006,1,18.97914,-0.007796762,1,0.4125169,0.08807545,0.4004725,0.1209688,317.1364,1.306708,3.711326,0.1278446,86.89973,129.3251,28.00804,24.52052,26.83227,26.20461,27.24273,47.01707,2.619005,27.84465,0.4162411,23.68951,6.629462
"2026-10-08 17:30:00",111,202610081700,202610081730,2584.896,591.06,411.9057,10.9908,14.49902,1.264049,-86.71615,2,-0.9936416,2,-0.2820563,2,-12.41301,2,3.918453,2,14.24054,179.2671,96.33837,64.64701,1,-8.922822,-0.005191142,1,0.2642217,0.07165711,0.5234068,0.05279557,222.7784,1.336223,2.987328,-0.2719296,86.87874,2202.573,25.66762,38.39694,24.57928,40.89886,25.4573,54.2238,1.846563,25.94774,0.9234333,22.89047,6.547251
"2026-10-08 18:00:00",112,202610081730,202610081800,3098.374,918.6419,426.2305,14.23413,14.80701,0.2687514,-377.0789,2,-3.783185,2,0.005097149,2,0.2250413,2,-12.44054,2,13.81938,221.7824,104.9443,66.33261,1,4.405101,-0.008199811,2,0.345097,0.08957609,0.4937919,0.04842127,187.9624,1.423111,2.277818,0.5508113,86.84863,113.4838,21.96151,48.96008,21.25964,50.99796,22.22645,58.42969,1.260266,22.64204,1.540908,22.09151,6.490965
"2026-10-08 18:30:00",113,202610081800,202610081830,3071.44,617.8732,412.0813,6.282738,13.06608,0.8673591,-238.6032,2,-1.992135,2,0.3192613,2,14.1136,2,4.936206,2,26.14544,329.1319,176.8759,118.691,1,-2.351187,-0.003265638,1,0.247297,0.05639022,0.2119604,0.04290326,169.9531,1.808415,2.663301,-1.031981,86.82816,2421.627,19.90982,48.65623,19.93092,48.61662,20.04129,58.22897,1.2047,21.14447,0.7797353,21.16994,6.420798
"2026-10-08 19:00:00",114,202610081830,202610081900,2572.035,479.8716,427.8465,12.56044,13.3339,0.3003254,-155.9616,2,-4.454677,2,-0.08028634,2,-3.552325,2,-1.426783,2,6.382181,102.4254,48.46624,30.63428,1,214.4547,-0.02862716,1,0.6108606,0.1667136,0.7521014,0.06354451,160.4824,1.488362,2.168735,0.01131418,86.82236,299.1016,18.97583,52.60695,19.02359,52.56239,19.13018,59.93209,1.054927,20.25824,1.018927,20.19081,6.38706
"2026-10-08 19:30:00",115,202610081900,202610081930,2121.367,51.70597,412.2953,3.778188,13.06643,0.5629203,-25.79596,2,1.83133,2,-0.2595932,2,-11.47948,2,-5.215628,2,5.004353,80.31313,38.00302,24.02075,1,1.651567,-0.002617997,2,0.3262058,0.05046092,0.2872499,0.03660594,66.97256,0.4502127,1.142095,1.469137,86.83061,110.4908,19.16723,50.84537,19.60218,49.55754,19.31847,59.29345,1.156441,20.81442,0.6078262,19.27107,6.283257
"2026-10-08 20:00:00",116,202610081930,202610082000,2121.253,122.9839,420.8047,5.915921,12.02652,0.3085128,-8.083899,2,0.4387721,2,0.009234848,2,0.4092032,2,-3.137898,2,4.36373,70.03199,33.13813,20.94577,1,2.993098,-0.002555843,2,0.417092,0.04966893,0.3076971,0.03393483,40.74725,0.5293905,0.9163631,0.8106581,86.82921,111.949,17.57252,51.94164,17.49621,52.29004,17.95906,58.7013,0.9675815,18.60333,1.193297,18.44436,6.201126
"2026-10-08 20:30:00",117,202610082000,202610082030,2570.762,502.2013,448.7904,34.76294,12.68421,0.395528,276.5502,2,19.68514,2,0.01611909,2,0.7162648,2,-18.95545,2,6.892873,110.6213,52.34443,33.08559,1,2.538709,-0.007699003,2,0.743949,0.08578289,0.2794916,0.05575188,291.0152,0.7896355,2.845819,0.9557531,86.82266,111.4551,14.48922,66.5817,14.56147,66.49069,14.97088,65.56307,0.5680637,15.71778,1.36947,17.69937,6.210172
"2026-10-08 21:00:00",118,202610082030,202610082100,3707.23,233.9737,467.333,17.36167,12.40789,0.1722267,-193.0631,2,-16.58525,2,0.19371,2,8.626302,2,5.80866,2,1.011212,12.72964,6.840926,4.590543,1,-60.98899,-0.03111828,2,0.5515964,0.1717796,0.6334182,0.07208831,333.7991,0.8011076,2.382368,-0.03978389,86.81853,1485.005,11.94222,76.72906,12.30306,75.03999,12.26891,70.67374,0.3595526,13.42517,0.5489202,17.02576,6.17059
"2026-10-08 21:30:00",119,202610082100,202610082130,3093.502,269.6703,445.3805,10.85792,12.02926,0.3560641,-146.1692,2,6.671296,2,-0.01609358,2,-0.7158636,2,-22.10586,2,5.839301,93.71291,44.34361,28.02847,1,12.2482,-0.02452752,1,0.7180231,0.1527899,0.841401,0.09081022,62.77222,1.289081,4.407219,0.1981009,86.84481,122.0089,13.16847,68.73689,13.4937,67.59332,13.12651,67.69516,0.5118322,14.58583,1.175981,16.40995,6.0792
"2026-10-08 22:00:00",120,202610082130,202610082200,2555.479,115.6274,446.6457,7.491527,11.70253,0.1199968,72.55702,2,5.76023,2,-0.05734113,2,-2.552455,2,-19.59155,2,5.024369,80.63436,38.15503,24.11682,1,23.36429,-0.0350447,2,0.6279345,0.1823677,0.9824426,0.05296258,54.59647,1.457523,2.692415,0.1038499,86.85763,134.0916,12.70396,68.99085,12.73779,68.93667,12.84145,67.146,0.4636025,13.79731,0.9465492,15.85584,6.028742
"2026-10-08 22:30:00",121,202610082200,202610082230,2331.234,126.2536,427.5556,9.116905,11.52169,0.2077402,-35.06769,2,-2.073549,2,-0.06196638,2,-2.751085,2,5.850183,2,24.31574,306.0988,164.4979,110.3849,1,-1.432732,-0.002353937,2,0.3042905,0.04748874,0.3271816,0.02951016,89.30597,1.4438,2.170469,-1.693533,86.85989,2452.242,15.17735,57.91623,15.48606,56.89079,14.94268,62.81219,0.7686108,16.53912,1.048418,15.37867,5.999117
"2026-10-08 23:00:00",122,202610082230,202610082300,3967.001,1298.423,505.0703,52.87161,11.84674,0.2377593,145.9865,2,2.972886,2,0.02273442,2,1.01403,2,0.1702771,2,16.64642,209.5536,112.6144,75.56887,1,-37.52233,-0.002487667,2,0.6004146,0.04840877,0.5313874,0.06276243,204.4298,1.176984,2.322816,-0.06466494,86.8582,1496.36,11.18659,78.56844,10.63039,81.12021,12.02394,69.20271,0.2710532,11.69514,2.382819,14.94855,5.974838
"2026-10-08 23:30:00",123,202610082300,202610082330,4740.93,1329.712,469.5096,14.26477,11.32273,0.1116393,-294.2068,2,1.536614,2,-0.006248604,2,-0.2788153,2,-5.682686,2,18.82005,302.0364,142.9193,90.33566,1,4.021544,-0.004779196,2,0.7768942,0.06705193,0.6769422,0.1057364,209.056,1.582578,3.444478,0.6033453,86.84065,113.0669,9.994035,79.83605,10.22862,78.71429,10.04719,72.33722,0.2701239,11.24468,0.8983056,14.55264,6.012571
"2026-10-09 00:00:00",124,202610082330,202610090000,5221.775,731.8622,476.9953,13.60898,11.04628,0.1151084,-579.4673,2,-1.263222,2,-0.06702941,2,-2.993395,2,-29.24015,2,1.59724,25.63355,12.12943,7.666703,1,22.93759,-0.0457151,2,1.027818,0.2070551,0.9728899,0.07793237,177.2623,1.386578,3.080185,0.1057818,86.83216,133.6278,9.305992,81.58313,9.34803,81.47095,9.571538,72.31225,0.2226827,10.33609,0.9820738,14.21091,5.955093
"2026-10-09 00:30:00",125,202610090000,202610090030,2893.942,372.1402,455.6479,4.61395,11.27733,0.08747654,47.16219,2,0.3475802,2,-0.01734747,2,-0.7734159,2,-1.529201,2,34.16774,548.3462,259.4695,164.0041,1,3.736582,-0.001924672,2,0.3462293,0.04262057,0.3525502,0.02894972,72.63467,1.611981,2.915176,0.649358,86.81974,112.7572,10.72423,75.66401,11.0881,73.94319,10.6293,70.92619,0.3472273,12.10312,0.6686441,13.88789,5.948924
"2026-10-09 01:00:00",126,202610090030,202610090100,3172.298,719.0333,470.7595,19.30826,11.24708,0.101278,2162.073,1,60.94645,1,-0.02191689,2,-0.9782435,2,-116.634,1,0.2281576,3.661623,1.732627,1.09515,1,29.85095,-0.1362534,1,0.8412692,0.3578864,0.5179765,0.1457431,263.5587,0.9121457,1.96794,0.08128314,86.80279,141.1423,10.0254,79.34925,9.904174,79.99156,10.31777,71.2877,0.2520073,10.91216,1.247839,13.56484,5.877043
"2026-10-09 01:30:00",127,202610090100,202610090130,3015.326,219.2109,473.6743,14.11788,10.7217,0.2930714,142.1124,2,12.37791,2,-0.529121,2,-23.65109,2,-69.98274,2,5.380163,86.34436,40.85691,25.82462,1,11.94059,-0.05359627,1,0.4318098,0.2238586,0.8897996,0.08284304,334.1955,1.575319,2.665264,0.2032043,86.78393,121.6746,8.527242,83.72092,8.388313,84.48691,8.897756,73.02148,0.1808645,9.344009,1.628469,13.2386,5.814196
"2026-10-09 02:00:00",128,202610090130,202610090200,3190.802,111.9399,479.8244,6.424732,10.85202,0.2245186,-24.74136,2,2.004663,2,-0.06640029,2,-2.969892,2,-7.478128,2,10.99278,176.4193,83.47908,52.76501,1,9.375709,-0.01031766,0,0.4856208,0.09811175,0.4850741,0.05645747,41.8056,1.272935,2.643097,0.2587942,86.77583,118.8866,7.434451,90.81231,7.724736,89.16629,7.629911,76.97331,0.1162945,8.689674,0.7858348,12.92133,5.80535
"2026-10-09 02:30:00",129,202610090200,202610090230,2754.201,223.3447,460.6378,8.441827,10.74505,0.1192364,-44.52463,2,-0.6509333,2,-0.02844176,2,-1.271081,2,1.245861,2,20.92429,263.4055,141.5545,94.98888,1,-16.97715,-0.004374555,1,0.3990346,0.06398529,0.420395,0.05188058,57.53659,1.67619,2.922732,-0.1429203,86.76351,1934.095,8.362988,84.46803,8.579965,83.33473,8.426409,74.44396,0.1887047,9.538363,0.6643414,12.60694,5.798247
"2026-10-09 03:00:00",130,202610090230,202610090300,2544.857,86.71879,448.998,6.70188,10.71223,0.08462477,-24.46411,2,-1.696649,2,-0.03225258,2,-1.440431,2,5.070223,2,19.92459,250.8208,134.7914,90.4506,1,-1.543166,-0.002316451,1,0.3746086,0.04662264,0.2920449,0.02696894,39.56213,1.180894,1.683554,-1.572338,86.74795,2448.561,9.221951,79.49803,9.276567,79.28445,9.381347,71.82809,0.2460719,10.23435,0.7668258,12.3111,5.76439
"2026-10-09 03:30:00",131,202610090300,202610090330,3020.406,208.9613,476.6453,14.2794,10.5318,0.2734208,114.4703,2,7.200548,2,-0.1047517,2,-4.687195,2,-12.41257,2,12.89167,206.8939,97.89923,61.87962,1,0.6609684,-0.002470527,2,0.3246855,0.04797944,0.2733901,0.04071113,12.35583,0.7386035,1.516963,3.670946,86.73728,109.4141,7.1467,89.9464,7.286031,89.16818,7.547138,75.61446,0.1137961,8.221012,0.9453979,12.0314,5.808274
"2026-10-09 04:00:00",132,202610090330,202610090400,3147.134,258.6075,493.7884,18.87603,10.41263,0.1620173,184.6233,2,11.41678,2,-0.09177136,2,-4.108487,2,-21.11888,2,11.00422,176.6029,83.56594,52.81991,1,1.838332,-0.006928522,2,0.2808994,0.08027665,0.4345989,0.04956073,4.559265,1.038559,1.93113,1.319881,86.72274,110.6938,6.468965,93.1427,6.747636,91.55315,6.912845,77.19469,0.08768231,7.670184,1.087397,11.76254,5.808694
"2026-10-09 04:30:00",133,202610090400,202610090430,3198.953,231.6643,506.5328,26.58804,10.18437,0.3381728,56.45971,2,5.598804,2,-0.04432356,2,-1.985802,2,-5.312154,2,14.78478,237.2758,112.2755,70.96651,1,1.487539,-0.002420775,2,0.2830408,0.04738377,0.3974698,0.05057318,351.2934,0.844752,2.211056,1.631136,86.71614,110.3125,5.856141,94.98875,5.957273,94.43094,6.277667,78.04594,0.05498922,6.857084,1.112302,11.49866,5.739933
"2026-10-09 05:00:00",134,202610090430,202610090500,3278.157,195.5564,533.2335,22.8441,9.58932,0.255569,-61.65122,2,3.859663,2,-0.09697732,2,-4.351108,2,-4.658059,2,1.620819,26.01196,12.30849,7.779884,1,32.45065,-0.01777782,1,0.4957732,0.1280412,0.6854643,0.05616252,86.008,0.7756616,2.409859,0.07477137,86.71886,143.9681,4.022662,99.93091,4.434581,98.81565,4.281502,80.99409,0.01113164,5.276912,0.7748513,11.24806,5.733252
"2026-10-09 05:30:00",135,202610090500,202610090530,2952.078,277.852,493.976,21.14566,10.03455,0.247259,-233.0556,2,-13.20167,2,0.115363,2,5.167544,2,18.15515,2,1.948569,24.52958,13.18223,8.845817,1,-22.40955,-0.03337057,1,1.032973,0.1759833,0.4612203,0.04828144,80.49106,1.071566,2.283258,-0.1082743,86.71929,1753.015,5.689675,94.59554,6.159503,91.81606,5.753053,79.42367,0.08112681,7.046613,1.099527,11.00069,5.726037
"2026-10-09 06:00:00",136,202610090530,202610090600,3626.31,565.7212,518.6703,20.24794,9.842148,0.2848585,154.6681,2,7.190835,2,-0.08795829,2,-3.945174,2,-8.126117,2,10.7665,172.7878,81.7607,51.67887,1,4.270051,-0.006547424,2,0.2512282,0.07775436,0.4658487,0.02862675,206.5207,1.013721,1.714175,0.5682319,86.72184,113.337,4.434385,99.49583,4.774814,99.03935,4.607818,81.57797,0.009639204,5.64054,0.8299904,10.76226,5.659844
"2026-10-09 06:30:00",137,202610090600,202610090630,3158.128,225.1949,478.0661,15.94981,10.38525,0.2296233,13.31514,2,9.29127,2,-0.1474322,2,-6.60172,2,-12.87395,2,5.46791,87.75259,41.52327,26.2458,1,7.816376,-0.01324137,1,0.3599509,0.1109401,0.6308807,0.07265869,187.4858,0.9024604,2.435159,0.3104225,86.71343,117.1917,5.887732,95.9442,6.529877,92.57224,5.782013,81.1262,0.07439083,7.449289,0.8315675,10.53955,5.635241
"2026-10-09 07:00:00",138,202610090630,202610090700,5587.025,2116.438,487.2672,12.20023,10.66253,0.1850041,-618.5503,2,-0.3567118,2,0.008246774,2,0.3692927,2,-3.868104,2,8.483214,136.1442,64.42146,40.71917,1,20.13889,-0.01090766,1,0.5309409,0.1006941,0.5173389,0.03566947,267.0239,1.084522,2.425729,0.1204823,86.69984,130.5858,6.172354,97.15698,6.476665,95.3511,6.24568,80.89266,0.04657531,7.420558,0.7128838,10.3244,5.611053
"2026-10-09 07:30:00",139,202610090700,202610090730,7245.734,1354.352,511.8716,22.40301,10.9272,0.5192762,-713.0665,2,-0.7324345,2,0.3533152,2,15.82099,2,3.74894,2,2.296725,28.91233,15.53753,10.42632,1,-34.32705,-0.01768827,1,0.6672837,0.1282519,0.4498939,0.05348546,51.02417,0.814088,1.608107,-0.07068418,86.68703,1497.906,7.19857,93.18183,6.51404,97.38392,6.404827,81.04467,0.02645254,7.481652,0.7952318,10.1553,5.584613
"2026-10-09 08:00:00",140,202610090730,202610090800,4079.48,1186.322,474.9859,11.14538,11.98411,0.274871,-315.0102,2,-3.861234,2,0.4772603,2,21.32356,2,13.30274,2,12.70273,159.9084,85.93497,57.6659,1,-3.059216,-0.007467532,1,0.5765775,0.08369038,0.2595707,0.1212664,28.07455,1.323259,3.000592,-0.7931374,86.69859,2398.026,9.587453,86.94976,8.851315,91.16135,8.346496,79.8981,0.1026709,9.921753,0.6438753,10.14326,5.58606
"2026-10-09 08:30:00",141,202610090800,202610090830,2406.831,174.9214,439.8077,9.795,11.40103,0.3776506,-21.66843,2,-2.701187,2,0.8708269,2,38.8134,2,24.42505,2,10.15165,127.7942,68.67676,46.08493,1,-8.616708,-0.02214514,0,0.525928,0.144749,0.2978257,0.1716293,18.40375,1.815859,4.047819,-0.28159,86.70304,2212.776,11.93023,70.86694,11.39435,73.24436,10.90488,70.99374,0.3657373,12.42164,0.8379186,10.4405,5.588001
"2026-10-09 09:00:00",142,202610090830,202610090900,2269.113,68.94101,422.8069,1.596604,11.4385,0.4737975,-27.88328,2,-2.809182,2,0.8340435,2,37.10081,2,26.38021,2,8.947002,112.6294,60.52717,40.61623,1,-8.042499,-0.02196781,0,0.4361514,0.1446963,0.610072,0.1784106,354.109,1.677199,3.370983,-0.3016947,86.69557,2231.917,13.98674,61.99733,13.45242,64.05373,12.96921,66.32504,0.5576184,14.49062,0.6280345,11.0955,5.671416
"2026-10-09 09:30:00",143,202610090900,202610090930,2226.949,27.02249,415.6844,2.656369,11.14595,0.4555513,-12.22029,1,-4.980245,1,1.326419,1,58.89783,1,78.69946,1,6.86904,86.47096,46.4696,31.18302,1,-2.705863,-0.02135689,0,0.4821593,0.1431377,0.4292725,0.1894235,16.31949,1.281711,3.061927,-0.8967117,86.68013,2409.805,16.29158,52.1652,15.31639,55.32273,14.86682,61.84785,0.7832715,16.33452,0.9627944,12.09076,5.769793
"2026-10-09 10:00:00",144,202610090930,202610091000,2194.254,15.73223,410.2284,1.822303,11.37383,0.502037,12.65285,1,-3.075388,1,1.715647,1,76.05577,1,73.77588,1,4.994754,62.87649,33.78991,22.67442,1,-7.254874,-0.03967456,1,0.4456826,0.1956969,0.6196434,0.2106113,344.4946,1.347437,2.752211,-0.3344481,86.66483,2258.171,17.68958,48.65642,17.02893,50.60976,16.64412,59.27439,0.9650227,18.07414,0.8682001,13.38951,5.809842
"2026-10-09 10:30:00",145,202610091000,202610091030,2177.104,11.40916,407.4053,1.371182,11.49215,0.5499348,3.98743,0,-3.992608,0,1.873306,0,82.91454,0,104.1526,0,5.62516,70.81236,38.05466,25.53624,1,-3.233593,-0.02871145,0,0.5793942,0.1669793,0.5713922,0.2246853,12.94421,1.305673,3.323277,-0.7503663,86.63326,2392.214,19.46504,43.96338,18.66229,46.09529,18.35214,57.09894,1.16709,19.72445,0.9877646,14.89444,5.878486
"2026-10-09 11:00:00",146,202610091030,202610091100,2184.4,9.050069,407.3234,1.470933,11.95628,0.5376024,-4.890246,2,-4.353125,0,1.918883,0,84.82627,0,142.8572,0,4.812228,60.57876,32.5551,21.84581,1,-3.394552,-0.03615165,1,0.6135568,0.1878343,0.5729471,0.2330762,333.7113,1.273922,3.744043,-0.7147863,86.60161,2386.848,20.64526,42.51907,19.95342,44.27185,19.77228,56.15546,1.309022,21.06352,1.081099,16.45895,6.014156
"2026-10-09 11:30:00",147,202610091100,202610091130,2172.235,8.661238,405.1475,1.95233,11.9978,0.6160882,3.427593,0,-4.603659,0,2.8473,0,125.6716,0,157.2241,0,3.362462,42.32838,22.74732,15.26439,1,-3.066145,-0.0361027,0,0.6565017,0.1882688,0.8187956,0.2541655,21.58768,1.157894,3.560008,-0.7913453,86.56255,2397.795,22.47294,38.15545,21.57246,40.16869,21.52992,54.17428,1.551309,22.69265,1.067932,18.03987,6.074334
"2026-10-09 12:00:00",148,202610091130,202610091200,2157,10.34463,405.1482,1.593162,11.86295,0.6171086,2.531938,0,-2.068031,0,3.195523,0,140.8183,0,156.527,0,5.792624,72.92049,39.18756,26.29647,1,-0.6286283,-0.01249754,2,0.6641876,0.1111045,0.6568481,0.2618989,97.99576,1.072767,3.309422,-3.859799,86.51471,2479.046,24.28397,33.83469,23.2087,35.94693,23.54242,52.10229,1.834635,24.3219,1.094021,19.61947,6.223169
"2026-10-09 12:30:00",149,202610091200,202610091230,2165.018,60.7318,403.9851,3.162272,11.92476,0.7024167,34.7442,1,1.914324,0,3.894607,0,171.3727,0,136.2232,0,5.104164,64.2538,34.53008,23.1711,1,-3.788075,-0.03806051,0,0.8904279,0.1944488,0.9109873,0.2758642,166.8568,1.604059,4.386546,-0.6405309,86.4627,2373.731,25.51332,31.5379,24.73,32.92073,25.0525,50.71764,2.101585,25.85524,0.8976852,21.11361,6.277281
"2026-10-09 13:00:00",150,202610091230,202610091300,2154.17,32.97587,400.451,1.292762,11.81663,0.6480516,32.31114,1,-1.208666,0,2.731786,0,120.1728,0,77.26437,0,7.809515,98.31013,52.83199,35.45244,1,-4.500292,-0.02956043,2,0.6715874,0.1714859,1.248385,0.2413089,202.3774,2.048626,4.414696,-0.5391604,86.41977,2349.99,25.7114,30.86261,25.01164,32.06495,25.51804,50.16584,2.16294,26.12764,0.6760938,22.11595,6.38344
"2026-10-09 13:30:00",151,202610091300,202610091330,2123.213,17.02032,396.6334,2.620682,11.83391,0.5825323,1.560663,2,-0.3985082,1,1.400322,1,61.59807,1,18.8805,1,6.772871,85.26033,45.81902,30.74644,1,-5.308246,-0.01371873,1,0.5841988,0.116877,0.7798655,0.1701163,271.209,1.278611,3.007815,-0.4570962,86.35557,2323.059,25.42785,31.36877,25.06034,32.025,25.24312,50.40889,2.170045,26.17809,0.3426344,22.47454,6.455713
"2026-10-09 14:00:00",152,202610091330,202610091400,2088.813,57.58754,392.9929,1.997741,11.6677,1.018324,21.88541,2,-2.10731,2,3.833408,2,168.3598,2,105.4145,2,5.07339,63.86639,34.32188,23.03139,1,-33.01937,-0.1367692,2,2.612582,0.3701179,1.539608,0.3607616,235.5874,3.116249,12.55936,-0.0734835,86.31261,1498.539,27.02754,28.18113,26.68939,28.69334,26.59446,49.08665,2.515703,27.79749,1.267979,22.34911,6.431869
"2026-10-09 14:30:00",153,202610091400,202610091430,2049.467,9.131048,394.7044,0.9023082,10.97216,0.5726888,9.368483,0,0.3274216,0,4.138232,0,181.6464,0,145.4369,0,9.702655,122.1419,65.63923,44.04662,1,-53.28079,-0.229739,0,1.298494,0.4801885,1.314521,0.5022404,227.2321,5.824064,12.01124,-0.04553948,86.27697,1488.735,27.59009,25.58257,27.26201,26.02802,27.50403,47.28926,2.69254,28.30573,0.9355729,22.59757,6.449874
"2026-10-09 15:00:00",154,202610091430,202610091500,2052.658,14.10429,392.387,1.31522,10.89357,0.4925164,18.31419,0,0.5988747,0,3.179494,0,139.6273,0,85.70613,0,10.35389,130.34,70.04488,47.003,1,-92.36883,-0.23679,0,1.449521,0.4872928,1.414833,0.5090578,222.3143,6.306319,12.33088,-0.02626838,86.21188,1469.822,27.01766,26.25636,26.78626,26.57952,26.88467,47.5663,2.598107,27.82075,0.7067985,23.10174,6.479168
"2026-10-09 15:30:00",155,202610091500,202610091530,2053.511,9.135565,393.7999,0.818496,10.98459,0.5420916,-0.2715193,2,1.180339,0,3.139707,0,137.8539,0,74.61436,0,11.28575,142.0707,76.34897,51.2333,1,-95.10778,-0.2218072,0,1.351418,0.4718458,1.383783,0.5021762,235.0225,6.633209,11.79553,-0.02551189,86.19057,1468.496,27.30451,26.01092,26.9823,26.46608,27.16519,47.51499,2.629731,28.02617,0.4271951,23.08702,6.52388
"2026-10-09 16:00:00",156,202610091530,202610091600,2053.609,24.18021,393.2769,0.6977493,10.74587,0.4734462,17.54756,0,0.7209746,0,2.779924,0,122.0633,0,45.45793,0,10.1425,127.679,68.61485,46.04338,1,-90.19238,-0.1587273,0,1.022218,0.399151,1.127042,0.4179088,223.9307,5.055833,9.261814,-0.02690226,86.1681,1470.875,27.3458,25.38384,26.92984,25.9647,27.14981,47.16668,2.639138,27.95071,0.3161373,22.89676,6.520714
"2026-10-09 16:30:00",157,202610091600,202610091630,2117.988,71.21353,394.3257,0.7990475,11.19041,0.4554234,37.37083,2,0.9727141,2,1.85733,2,81.64655,2,-0.9548078,2,10.86499,136.774,73.50253,49.32322,1,-400.7134,-0.07900795,0,0.9357834,0.2811271,0.9409843,0.331212,221.6051,3.837497,7.874881,-0.006055148,86.13844,1320.623,26.27218,28.17255,25.75016,29.00797,26.11954,48.50014,2.361865,26.80924,0.3942107,22.71302,6.494059
"2026-10-09 17:00:00",158,202610091630,202610091700,2155.915,66.33682,392.9273,0.6400937,11.60774,0.6132991,52.35516,1,1.170792,1,1.46534,1,64.46222,1,-15.34275,1,11.93104,191.4771,90.60421,57.26862,1,110.8577,-0.065225,0,0.7635005,0.2551916,0.6293373,0.2880522,201.6331,3.381387,7.079914,0.02188732,86.09584,229.1932,25.6985,30.22183,24.99427,31.46566,25.44346,49.56661,2.180405,26.09025,0.4180411,22.22376,6.437346
"2026-10-09 17:30:00",159,202610091700,202610091730,2223.935,107.7223,394.2483,1.9729,11.07108,0.3459561,62.22589,2,2.505593,2,0.6958228,2,30.66346,2,-25.44733,2,13.95561,223.9687,105.9788,66.98649,1,11.11001,-0.02309641,0,0.6645623,0.1514268,0.6029212,0.2135656,212.4028,2.369475,6.602265,0.2183958,86.04382,120.7718,23.64067,32.61199,23.19616,33.48695,23.79312,50.02749,1.906024,24.23489,1.038514,21.62541,6.434859
"2026-10-09 18:00:00",160,202610091730,202610091800,2425.927,312.2304,398.5063,3.143081,11.35815,0.2868719,-67.37062,2,2.023616,2,0.2062554,2,9.106388,2,-16.71497,2,14.96166,240.1145,113.6188,71.81553,1,6.221681,-0.01228469,2,0.3638787,0.1101019,0.4983072,0.1131861,191.093,1.844178,4.084221,0.3899877,86.00784,115.4584,21.38382,38.26899,21.24566,38.62421,21.56107,52.51832,1.559094,22.30445,0.6470103,20.92824,6.402675
"2026-10-09 18:30:00",161,202610091800,202610091830,2696.659,306.2069,402.8154,3.470809,11.65878,0.205742,217.9097,2,5.680606,2,0.2841192,2,12.55295,2,-26.61383,2,15.69013,251.8055,119.1507,75.31216,1,5.762997,-0.01600164,2,0.4298187,0.1255341,0.4267104,0.1391974,184.3062,2.171469,4.157198,0.4210274,85.9767,114.9598,20.51027,41.39349,20.51886,41.41515,20.60803,54.06157,1.422206,21.60315,0.5485815,20.17371,6.295361
"2026-10-09 19:00:00",162,202610091830,202610091900,2167.732,38.38187,404.1322,2.56532,12.21565,0.1948064,8.812549,2,2.920595,2,0.297421,2,13.13914,2,-23.16016,2,17.07717,274.0656,129.6839,81.96992,1,5.416828,-0.01392712,2,0.4797845,0.117156,0.4079548,0.1544835,167.4489,2.20091,4.101984,0.4479336,85.96867,114.5835,20.67178,42.9413,20.63766,43.05908,20.70378,55.04315,1.391923,21.77448,0.4733922,19.49764,6.248367
"2026-10-09 19:30:00",163,202610091900,202610091930,2058.758,15.86118,401.8152,1.992513,11.91722,0.2663994,7.098878,0,3.181692,0,0.4598987,0,20.31004,0,-35.44537,0,15.79121,253.4277,119.9184,75.79736,1,10.18512,-0.02813905,0,0.6328152,0.1666358,0.3524915,0.2203115,165.7859,2.867516,4.98625,0.2382278,85.95067,119.7664,21.05211,40.923,20.98808,41.10108,21.06608,54.11715,1.470804,22.09831,0.4099543,18.96143,6.196912
"2026-10-09 20:00:00",164,202610091930,202610092000,2051.015,10.80453,398.8793,2.043059,11.13413,0.3849813,9.582281,0,3.420534,0,0.6396478,0,28.24004,0,-54.54685,0,14.4221,231.4553,109.5213,69.22564,1,20.11335,-0.05914436,0,0.6329128,0.241691,0.5007513,0.3086491,168.5566,3.80959,7.09331,0.1206353,85.93636,130.558,21.30859,37.6447,21.28466,37.72975,21.3104,52.47361,1.584601,22.32257,0.5188055,18.5751,6.23862
"2026-10-09 20:30:00",165,202610092000,202610092030,2038.138,20.52493,393.8828,0.813607,9.991262,0.2061734,3.253476,0,4.063804,0,0.777152,0,34.28242,0,-75.08897,0,12.65689,203.126,96.11633,60.75269,1,41.73396,-0.119111,0,1.062894,0.3434342,0.7305932,0.3958788,171.4747,4.779232,9.661885,0.0581392,85.92535,154.0587,22.2119,31.94792,22.14049,32.10828,22.22811,49.46713,1.819292,23.07416,0.518016,18.261,6.197088
"2026-10-09 21:00:00",166,202610092030,202610092100,2038.252,22.71902,393.9943,1.218221,9.802233,0.1878597,-8.793695,2,2.770797,0,0.5082384,0,22.43178,0,-49.96016,0,14.732,236.4288,111.8747,70.71318,1,23.10147,-0.061343,1,0.8300438,0.2462335,0.678867,0.3347716,179.1309,3.989379,7.378428,0.1050314,85.91841,133.8059,21.65314,32.4369,21.59054,32.58677,21.73184,49.48145,1.747594,22.50481,0.5961946,17.9886,6.187725
"2026-10-09 21:30:00",167,202610092100,202610092130,2033.187,24.61915,393.2097,1.383143,9.680246,0.2338984,-9.270254,1,3.559565,0,0.5279257,0,23.30013,0,-51.2597,0,12.78098,205.1174,97.05863,61.3483,1,25.26486,-0.06622555,0,0.7666188,0.2558407,0.6111472,0.3147475,181.462,3.597998,7.065415,0.09603772,85.92492,136.1575,21.70623,31.93585,21.61588,32.13695,21.74333,49.24207,1.762001,22.51878,0.5882409,17.72228,6.120532
"2026-10-09 22:00:00",168,202610092130,202610092200,2176.312,169.0147,394.1619,1.492785,9.556024,0.1543427,101.0506,1,2.866497,0,0.3423751,0,15.12283,0,-41.94872,0,14.83866,238.1404,112.6847,71.22511,1,9.006809,-0.02933268,0,0.6566055,0.1700301,0.4745204,0.2161883,200.5008,2.766927,6.115678,0.2693939,85.92052,118.4857,20.81627,33.27188,20.79189,33.35269,20.93455,49.65783,1.644583,21.68065,0.5366198,17.47801,6.074404
"2026-10-09 22:30:00",169,202610092200,202610092230,2320.363,383.8834,396.5889,3.458827,9.669063,0.3239775,-264.4817,2,1.854271,2,0.2743813,2,12.12469,2,-29.17751,2,13.52283,217.0232,102.6923,64.90917,1,12.75031,-0.02900294,2,0.6323919,0.1689823,0.7721835,0.2081509,184.6658,2.588492,5.427132,0.1902996,85.88541,122.5547,20.38318,34.62427,20.34971,34.74036,20.45677,50.37552,1.570539,21.24764,0.8159654,17.19341,6.042026
"2026-10-09 23:00:00",170,202610092230,202610092300,2266.513,305.8342,397.1289,4.24483,9.671433,0.6756961,16.03211,2,2.472048,2,0.2646762,2,11.69129,2,-22.80659,2,18.58675,298.2924,141.1477,89.21587,1,10.05771,-0.02089591,2,1.632327,0.1435242,1.718891,0.2879595,216.2596,3.271443,11.44983,0.2412458,85.89272,119.6279,20.73037,34.13082,20.75211,34.20608,20.66784,50.33675,1.639466,21.65125,1.611309,16.9229,6.043534
"2026-10-09 23:30:00",171,202610092300,202610092330,2112.757,164.3477,392.6878,2.072124,9.350222,0.3490382,12.22662,2,3.678677,0,0.799481,0,35.28167,0,-68.80706,0,11.9479,191.7478,90.73229,57.34958,1,26.30242,-0.08254669,2,1.269328,0.2857472,1.006753,0.3259876,173.0732,3.822157,11.80877,0.09224929,85.87521,137.2852,21.88454,30.56826,21.72211,30.89771,22.03216,48.36747,1.810165,22.59434,0.9364241,16.74777,6.009791
"2026-10-10 00:00:00",172,202610092330,202610100000,2042.882,41.5426,392.6907,3.542392,9.743169,0.2090337,11.57623,1,2.050448,1,0.6860465,1,30.291,1,-53.22199,1,13.06579,209.6884,99.22153,62.71542,1,43.34,-0.09695192,1,1.132256,0.3094355,0.8164874,0.3832648,175.5291,4.465274,8.356117,0.05598475,85.87041,155.8044,21.19082,33.17641,21.19971,33.19051,21.21218,49.8821,1.693432,22.10721,0.8577484,16.64286,5.990455
"2026-10-10 00:30:00",173,202610100000,202610100030,2006.176,12.75348,389.6283,1.12933,9.809437,0.150569,8.222659,1,2.734614,0,0.5130493,0,22.6513,0,-52.75677,0,15.27385,245.1247,115.9895,73.31402,1,18.0084,-0.0539634,1,0.9577867,0.2309635,0.5822666,0.3225805,165.9804,3.862006,7.796719,0.134736,85.81116,128.27,21.37255,32.9931,21.26169,33.23794,21.47572,49.66694,1.696883,22.17557,0.6926194,16.54628,5.968074
"2026-10-10 01:00:00",174,202610100030,202610100100,2124.908,147.8127,394.1144,2.03775,10.0643,0.2395942,-42.5276,2,1.52882,2,0.2198488,2,9.724478,2,-28.5905,2,13.31951,213.7601,101.1482,63.93323,1,23.42015,-0.04317431,1,0.4780812,0.2059504,0.6494111,0.2203812,183.6671,3.043867,5.087384,0.1036022,85.78584,134.1523,19.46635,38.12152,19.33166,38.45296,19.66119,51.83737,1.390924,20.26324,0.8488658,16.44268,5.976346
"2026-10-10 01:30:00",175,202610100100,202610100130,2347.518,243.5914,394.8986,1.224165,10.79609,0.2074087,25.98514,2,3.497642,0,0.4293935,0,19.00322,0,-38.27766,0,12.46655,200.0713,94.67087,59.83906,1,24.36887,-0.05357586,0,0.5226493,0.2292461,0.4993828,0.2578836,183.1095,3.138619,5.927515,0.09956878,85.78039,135.1836,18.73068,42.71373,18.78262,42.61124,18.73016,54.4142,1.250502,19.78036,0.4977275,16.24409,6.047343
"2026-10-10 02:00:00",176,202610100130,202610100200,2215.527,217.8938,396.7944,3.583374,10.47252,0.2065786,-111.3302,2,-0.7387503,2,0.2259693,2,9.998505,2,-16.43337,2,13.12882,210.6998,99.70013,63.01793,1,18.71104,-0.02543198,2,0.5302777,0.1580023,0.7802885,0.1893239,197.8734,2.366956,4.837014,0.1296763,85.76862,129.0338,18.97929,40.80585,18.9887,40.817,19.00737,53.43916,1.306975,19.95708,0.5895918,16.09538,6.047471
"2026-10-10 02:30:00",177,202610100200,202610100230,2278.174,214.325,392.2039,1.726769,9.96426,0.1900274,46.91636,0,3.957337,0,0.8080636,0,35.69564,0,-58.33782,0,11.71389,187.9922,88.9552,56.22633,1,43.54581,-0.1033451,0,1.005901,0.3193437,0.7649279,0.3502628,194.2541,4.134844,7.830893,0.05572015,85.80276,156.0281,20.65594,34.99355,20.69954,34.93111,20.58838,50.87742,1.596587,21.62614,0.5091085,15.97808,5.998203
"2026-10-10 03:00:00",178,202610100230,202610100300,2196.231,148.4909,390.3475,3.303133,9.83062,0.4623143,123.1592,1,7.117382,1,0.9062101,1,39.99564,1,-75.98447,1,10.26248,164.699,77.93319,49.25959,1,86.21206,-0.1944245,1,1.729589,0.4387272,1.604773,0.4612594,187.8718,5.177759,12.01246,0.02814431,85.78692,202.4044,21.66605,32.5279,21.62004,32.69118,21.65986,49.63884,1.754826,22.53695,1.081501,"NAN","NAN"
"2026-10-10 03:30:00",179,202610100300,202610100330,2010.684,50.55331,390.3048,1.086214,9.616854,0.3285677,-14.69966,0,3.630174,0,0.8725808,0,38.52774,0,-64.83335,0,13.66477,219.3011,103.7701,65.59047,1,22.40335,-0.07112063,0,0.8684516,0.2652414,0.7394077,0.3541331,162.9806,3.990786,8.337492,0.1083043,85.7223,133.0471,21.26255,32.50932,21.18086,32.70256,21.36164,49.42603,1.701265,22.0765,0.6156178,15.95927,5.971764
"2026-10-10 04:00:00",180,202610100330,202610100400,2038.752,82.00269,387.8086,6.264647,9.80466,0.3670388,-261.8837,2,23.95162,2,-0.6134207,2,-27.09091,2,-34.9903,2,11.62588,186.5797,88.28682,55.80386,1,92.78757,-0.1286514,2,1.154117,0.356667,1.215961,0.4075208,180.0946,4.697059,9.852226,0.02614983,85.6952,209.5517,21.04266,33.61707,20.94869,33.85116,21.11359,49.90501,1.650483,21.86113,0.7432373,15.94576,5.973257
"2026-10-10 04:30:00",181,202610100400,202610100430,2018.02,40.3148,390.5193,1.400931,9.771439,0.2065257,-1.070869,2,2.425823,0,0.4166389,0,18.40425,0,-62.3007,0,13.57924,217.9285,103.1206,65.17993,1,24.51874,-0.07458281,0,0.7467195,0.2714783,0.6232059,0.3295731,177.6148,4.044653,7.231049,0.09896018,85.68468,135.3465,20.75373,34.08024,20.72621,34.16911,20.79787,50.26262,1.618943,21.63489,0.6406751,15.8687,5.972989
"2026-10-10 05:00:00",182,202610100430,202610100500,2006.378,33.16323,392.0033,2.107824,9.772347,0.2461874,-9.981221,2,1.934208,2,0.2671552,2,11.81115,2,-41.49032,2,15.64089,251.0153,118.7768,75.07581,1,21.7774,-0.05273677,1,1.073486,0.2279564,0.705743,0.3107182,182.5103,3.92047,9.51611,0.1114173,85.67082,132.3667,19.88565,36.02385,19.84231,36.16648,19.95889,51.06834,1.491192,20.74827,1.038605,15.78015,5.973107
"2026-10-10 05:30:00",183,202610100500,202610100530,2001.816,65.68866,390.465,1.174554,9.954912,0.2071899,-15.07799,0,2.96618,0,0.4958988,0,21.90804,0,-58.15998,0,13.12675,210.6666,99.68443,63.008,1,30.54868,-0.08223332,0,0.7729915,0.2850063,0.7376476,0.3488496,183.0765,4.129913,7.299861,0.07942665,85.68797,141.9007,20.5978,35.03592,20.60191,35.06579,20.6223,50.73369,1.584555,21.52737,0.66974,15.63616,5.926231
"2026-10-10 06:00:00",184,202610100530,202610100600,2025.505,65.60187,388.6443,1.077663,10.13452,0.2264922,-88.82539,2,3.948734,0,0.8550845,0,37.73975,0,-75.63085,0,10.03613,161.0663,76.21426,48.1731,1,78.39652,-0.182051,2,1.160149,0.4247398,1.826719,0.420371,193.358,4.993465,9.522236,0.03095009,85.7115,193.9093,21.65959,33.44394,21.60511,33.57941,21.66292,50.13701,1.723253,22.5505,0.5565218,15.54665,5.90491
"2026-10-10 06:30:00",185,202610100600,202610100630,2077.516,45.31968,389.515,1.98322,10.50105,0.3949831,64.39888,0,4.53146,0,0.7799545,0,34.43174,0,-65.37677,0,11.02371,176.9157,83.71397,52.91348,1,74.21698,-0.1592048,0,1.134633,0.396965,1.575297,0.423537,204.3247,5.000678,10.89656,0.03269305,85.75385,189.3663,21.44406,35.16437,21.36751,35.34598,21.52668,50.91552,1.654233,22.34645,0.5961221,15.57037,5.897176
"2026-10-10 07:00:00",186,202610100630,202610100700,2058.885,70.67863,388.0941,5.299958,11.17002,0.3816438,-65.44727,1,4.924176,0,0.8411206,0,37.15403,0,-63.73985,0,12.26309,196.8061,93.12582,58.86247,1,47.45829,-0.1161032,1,1.068964,0.3386894,1.027095,0.3767124,176.7451,4.623889,9.793469,0.05112657,85.75198,160.2807,20.8655,38.74697,20.75181,39.04349,20.94804,52.63349,1.502156,21.79123,0.6123932,15.65837,5.897901
"2026-10-10 07:30:00",187,202610100700,202610100730,2027.013,29.06627,388.9718,0.7204435,11.83531,0.3186767,24.12458,0,2.112594,0,0.8198878,0,36.22519,0,-32.17304,0,12.47827,200.2594,94.75988,59.89531,1,68.89786,-0.0922199,0,0.7450895,0.3017454,0.7375045,0.3463556,179.305,4.165119,7.599165,0.03521705,85.75793,183.5846,20.74069,41.34773,20.49242,41.96981,20.61858,54.38023,1.404731,21.59313,0.287719,15.74184,5.899057
"2026-10-10 08:00:00",188,202610100730,202610100800,2051.866,30.34629,386.0379,8.252758,12.58247,0.4254713,54.17965,0,23.00529,0,0.8864387,0,39.16251,0,-23.60371,1,10.65189,170.9485,80.89037,51.12875,1,127.3511,-0.1102282,0,0.9208074,0.3299583,0.7309213,0.3574982,175.9591,3.906841,6.978378,0.01905268,85.77295,247.1207,20.89468,43.57368,20.57481,44.39627,20.80766,55.43591,1.353003,21.74578,0.3784531,15.89334,5.953002
"2026-10-10 08:30:00",189,202610100800,202610100830,2053.979,37.21593,389.0287,1.714383,12.57964,0.3628712,54.43924,0,3.273498,0,1.434689,0,63.41915,0,-40.55043,0,11.73979,188.4078,89.15189,56.35065,1,201.4369,-0.2160617,1,2.128439,0.4614428,1.107567,0.5358436,175.1371,6.028571,13.42291,0.01204536,85.79567,291.5331,20.08334,45.80991,19.99948,46.04674,20.1506,56.42246,1.26827,21.16779,0.4240745,16.17909,5.977331
"2026-10-10 09:00:00",190,202610100830,202610100900,2036.188,32.88346,387.9921,1.314725,12.93602,0.2892014,108.2155,0,4.816009,0,1.507767,0,66.68832,0,-46.86072,0,12.13565,194.7609,92.15807,58.25077,1,152.1742,-0.1990364,0,1.141683,0.4423654,0.8436965,0.5092005,178.5499,5.932093,9.997267,0.01594475,85.83356,262.892,19.40458,49.1022,19.39542,49.14803,19.41162,58.24053,1.150389,20.59457,0.2846365,16.39264,5.976961
"2026-10-10 09:30:00",191,202610100900,202610100930,2055.377,63.25776,384.9225,4.850571,13.80593,0.8922389,94.84459,2,5.84901,2,1.360455,2,60.23675,2,-36.74823,2,12.60167,202.2399,95.69701,60.48766,1,196.0745,-0.1991897,0,1.402608,0.4417361,0.8836182,0.5051308,179.0895,6.155019,12.07774,0.01237478,85.8472,288.4154,18.3006,56.40515,18.29084,56.4412,18.403,61.4599,0.9269216,19.56609,0.754128,16.48232,5.977357
"2026-10-10 10:00:00",192,202610100930,202610101000,2023.52,49.8899,382.957,1.177769,14.1136,0.5083037,96.59941,2,1.859853,2,2.535052,2,112.1505,2,-20.85544,2,12.14193,194.8617,92.20574,58.28091,1,232.6202,-0.1254064,0,0.9340886,0.3510856,0.6530101,0.3905788,174.7879,4.714372,8.607107,0.01043065,85.82674,309.6629,19.14194,54.52641,19.15902,54.474,18.97188,61.35447,1.017373,20.46688,0.5724081,16.48058,5.977194
"2026-10-10 10:30:00",193,202610101000,202610101030,2071.907,60.61765,385.0847,1.284198,14.01164,0.4205474,33.25409,1,1.311293,1,1.752214,0,77.48606,0,-17.57714,1,11.77038,188.8988,89.38419,56.49748,1,185.0989,-0.1014814,0,0.8428727,0.316006,0.7345282,0.346974,184.7381,4.135755,7.649631,0.01310855,85.8501,282.0343,19.73506,52.14005,19.58454,52.6204,19.73902,59.88663,1.084569,20.88484,0.2859605,16.54546,5.978762
"2026-10-10 11:00:00",194,202610101030,202610101100,2051.63,85.28609,384.8412,1.509477,14.59494,0.4208207,-54.50883,2,1.224301,2,2.823829,2,124.8854,2,8.767844,2,11.4216,143.7809,77.26802,51.85002,1,-409.3741,-0.203028,2,1.82516,0.4469264,1.443468,0.5583696,172.4508,6.374744,13.49006,-0.005927046,85.86027,1316.432,19.59291,54.84444,19.49624,55.15715,19.58941,61.20341,1.02337,20.85061,0.7018515,16.68787,6.041033
"2026-10-10 11:30:00",195,202610101100,202610101130,2022.175,30.33789,383.287,1.053362,14.4456,0.5297598,116.2314,1,-0.3003507,1,4.104715,1,181.4175,1,118.8738,1,9.901438,124.6443,66.98401,44.94903,1,-79.49055,-0.2698842,0,1.345323,0.5159278,1.197047,0.5599821,167.061,6.336851,11.20833,-0.03052412,85.83435,1476.053,20.2392,52.21239,20.15852,52.42998,20.01793,60.39544,1.13511,21.50204,1.143539,16.96032,6.055024
"2026-10-10 12:00:00",196,202610101130,202610101200,2044.535,43.05692,386.1084,0.9951533,13.78716,0.460659,63.64877,0,-0.5530635,0,2.774871,0,122.5761,0,112.1986,0,10.66797,134.2938,72.16965,48.42881,1,-44.86463,-0.174223,0,1.372349,0.4148857,0.9685421,0.4904242,170.3615,5.473496,10.91829,-0.05408223,85.82783,1492.807,20.95317,47.59483,20.71533,48.24773,20.94035,57.73903,1.27217,21.9997,0.8419836,17.72473,6.008515
"2026-10-10 12:30:00",197,202610101200,202610101230,2058.039,34.10426,384.8875,0.9533711,13.73755,0.4605903,75.39933,0,-0.2945947,0,2.260477,0,99.85026,0,61.39557,0,10.01679,126.0964,67.76438,45.47269,1,-45.6907,-0.1203694,0,0.9319534,0.3449364,0.6414867,0.3876966,176.3779,4.259706,8.332829,-0.05310444,85.79474,1492.408,20.93347,47.44252,20.74859,47.94317,20.79353,57.87301,1.280373,22.02844,0.5572066,18.68148,6.06064
"2026-10-10 13:00:00",198,202610101230,202610101300,2040.531,34.07364,387.221,0.8935866,13.66646,0.6518443,42.5233,0,-0.6363308,0,2.532666,0,111.7667,0,122.2611,0,9.335618,117.5215,63.1562,42.38041,1,-23.59148,-0.118943,0,1.13914,0.3435543,0.8914306,0.3599598,174.7037,4.00829,7.759463,-0.1028498,85.74651,1713.617,22.06218,44.06055,21.73781,44.87821,21.89712,56.40887,1.442169,23.01532,0.7848854,19.14631,6.104844
"2026-10-10 13:30:00",199,202610101300,202610101330,2026.873,44.55831,387.4212,1.140774,12.49287,0.6796153,70.30071,0,-1.301119,0,3.09894,0,136.689,0,114.5088,0,8.493603,106.9218,57.4599,38.55795,1,-7.92296,-0.05555805,1,1.136032,0.2349989,1.053876,0.3003946,153.8912,2.663098,8.193474,-0.3062465,85.7119,2235.901,22.74641,38.61872,22.24813,39.71241,22.5327,53.56203,1.625851,23.41742,0.8046768,19.79641,6.184464
"2026-10-10 14:00:00",200,202610101330,202610101400,2041.887,48.56782,389.0268,1.359967,12.62965,0.5744584,51.35037,1,-0.5264063,0,2.141741,0,94.47521,0,68.27679,0,7.617593,95.89411,51.53362,34.58118,1,-5.171969,-0.0298324,1,0.9569924,0.1722299,0.8505285,0.2494403,148.9373,1.835415,4.593134,-0.4691403,85.66698,2327.601,22.71421,39.10754,22.17554,40.32197,22.40827,53.94166,1.602065,23.35736,0.6670955,20.87486,6.236039
"2026-10-10 14:30:00",201,202610101400,202610101430,2020.601,18.33708,388.5058,1.164456,12.79837,0.6615103,21.31339,0,-2.295966,0,3.12202,0,137.6114,0,110.9179,0,5.174814,65.14318,35.00803,23.49183,1,-13.98685,-0.07936893,2,1.311554,0.2813593,1.066275,0.2872708,186.3986,2.11676,7.879551,-0.1734758,85.63675,2033.772,23.92631,36.87392,22.96727,38.90696,23.41583,53.06957,1.720739,24.16824,0.7826256,21.62247,6.269745
"2026-10-10 15:00:00",202,202610101430,202610101500,2045.784,51.64997,388.1684,1.066189,12.8916,0.6410882,33.67394,0,-1.307394,0,3.110271,0,137.0523,0,108.2001,0,7.280424,91.64967,49.25265,33.05056,1,-25.25209,-0.1157074,2,1.456517,0.3400621,1.300568,0.3565244,163.4077,3.367755,7.435431,-0.09608629,85.55566,1658.264,23.88334,37.15502,23.27816,38.43225,23.56346,53.08727,1.766731,24.48913,0.6986683,22.36824,6.316074
