"TOA5","Eage_TGA310_methane","GRANITE9","1218","GRANITE9.4.0.0","CPU:TraceFlux_GR_OPEC_Eagle_0917_2026.CRB","11671","CSFlux"
"TIMESTAMP","RECORD","FCH4_mass","FCH4_QC","nmbr_smp_FCH4","FC_mass","FC_QC","nmbr_smp_FC","LE","LE_QC","nmbr_smp_LE","ET","ET_QC","nmbr_smp_ET","H","H_QC","nmbr_smp_H","Bowen_ratio","TAU","TAU_QC","USTAR","TSTAR","TKE","TA_1_1_1","RH_1_1_1","T_DP_1_1_1","e_amb","e_sat_amb","TA_1_1_2","RH_1_1_2","RH_SIGMA_1_1_2","e_fast","e_sat_fast","TA_1_1_3","RH_1_1_3","T_DP_1_1_3","e_probe","e_sat_probe","H2O_density_probe","PA","VPD","U","U_SIGMA","V","V_SIGMA","W","W_SIGMA","T_SONIC","T_SONIC_SIGMA","sonic_azimuth","WS","WS_RSLT","WS_MAX","WD_SONIC","WD_SIGMA","WD","CH4_density","CH4_density_SIGMA","CH4_mixratio","CH4_mixratio_SIGMA","CO2_density","CO2_density_SIGMA","H2O_density","H2O_density_SIGMA","CO2_sig_strgth_Min","H2O_sig_strgth_Min","sun_azimuth","sun_elevation","hour_angle","sun_declination","air_mass_coeff","daytime","TS_1_1_1","SWC_1_1_1","cs65x_ec_1_1_1","FETCH_MAX","FETCH_90","FETCH_80","FETCH_70","FETCH_FILTER","FETCH_INTRST","FP_FETCH_INTRST","FP_EQUATION"
"TS","RN","ugCH4 m-2 s-1","grade","count","mgCO2 m-2 s-1","grade","count","W m-2","grade","count","mm hour-1","grade","count","W m-2","grade","count","fraction","kg m-1 s-2","grade","m s-1","deg C","m2 s-2","deg C","%","deg C","kPa","kPa","deg C","%","%","kPa","kPa","deg C","%","deg C","kPa","kPa","gH2O m-3","kPa","hPa","m s-1","m s-1","m s-1","m s-1","m s-1","m s-1","deg C","deg C","decimal degrees","m s-1","m s-1","m s-1","decimal degrees","decimal degrees","decimal degrees","ugCH4 m-3","ugCH4 m-3","nmolCH4 mol-1","nmolCH4 mol-1","mgCO2 m-3","mgCO2 m-3","gH2O m-3","gH2O m-3","fraction","fraction","decimal degrees","decimal degrees","decimal degrees","decimal degrees","adimensional","fraction","deg C","%","dS m-1","m","m","m","m","adimensional","m","%","authors"
"","","Smp","Smp","Smp","Smp","Smp","Smp","Smp","Smp","Smp","Smp","Smp","Smp","Smp","Smp","Tot","Smp","Smp","Smp","Smp","Smp","Smp","Smp","Smp","Smp","Smp","Smp","Smp","Smp","Smp","Smp","Smp","Smp","Smp","Smp","Smp","Smp","Smp","Smp","Smp","Smp","Smp","Smp","Smp","Smp","Smp","Smp","Smp","Smp","Smp","Smp","Smp","Smp","Smp","Smp","Smp","Smp","Smp","Smp","Smp","Smp","Smp","Smp","Min","Min","Avg","Avg","Avg","Avg","Avg","Tot","Avg","Avg","Avg","Smp","Smp","Smp","Smp","Smp","Smp","Smp","Smp"
"2026-09-22 10:00:00",0,-0.3105652,7,31042,0.0616741,7,31090,41.57174,5,31090,0.06066822,5,31090,6.64528,5,31090,0.1598509,-0.005654749,4,0.07352624,-0.08508847,0.1588173,14.48858,98.73091,14.69443,1.678524,1.656182,14.44753,101.6158,2.268484,1.678311,1.651632,14.21962,82.47877,11.28011,1.342278,1.627461,10.1206,86.98772,-0.02667832,0.6665345,0.3751025,0,0.4045247,-7.450581E-09,0.1152931,16.21055,0.1694267,0,0.7914716,0.6652737,1.752344,305.6226,32.34398,54.37744,1915.166,75.08691,1978.129,94.3073,606.9288,15.79312,12.64422,0.3025231,0.8348104,0.8354654,130.1305,35.95804,-38.25423,0.1215448,1.460367,0.8533334,14.87542,6.890176,0.02453047,6.571357,82.72357,44.45575,29.83164,1,214.413,96.78056,"Kljun_et_al"
"2026-09-22 10:30:00",1,0.77002,6,36000,0.0737134,8,36000,86.55573,3,36000,0.1263829,3,36000,37.42801,3,36000,0.4324151,-0.01166863,4,0.105716,-0.3340642,0.2180665,15.25005,92.61176,14.04917,1.610813,1.73983,14.99865,94.12105,5.337383,1.609452,1.712188,14.85627,81.60445,11.73992,1.383856,1.696081,10.41092,86.96971,0.1027358,0.8958322,0.4146616,0,0.4840397,0,0.1729001,16.69236,0.5138323,0,1.020375,0.8945118,2.577076,302.194,28.44813,57.806,1910.987,66.32037,2066.053,64.49485,634.4857,23.0664,12.10247,0.5272924,0.8780288,0.878351,137.585,39.68787,-31.28957,0.113988,1.342961,1,15.21307,6.985997,0.024818,6.142631,77.32655,41.55539,27.88537,1,214.413,97.03485,"Kljun_et_al"
"2026-09-22 11:00:00",2,-1.19593,7,36000,-0.2055778,7,36000,214.9717,7,36000,0.3144869,7,36000,141.0757,7,36000,0.6562521,-0.03610634,7,0.1865735,-0.7187536,0.4337706,17.98286,71.84338,12.79296,1.484534,2.071504,16.98607,76.1301,3.248498,1.47961,1.945641,16.75816,75.83313,12.46771,1.452044,1.916533,10.85202,86.94585,0.466031,0.3653246,0.5512204,0,0.7124933,-2.328306E-10,0.2367501,18.55354,0.9331312,0,0.8838391,0.3653027,2.690632,199.856,62.04232,160.144,1739.095,58.081,2014.857,44.58805,658.8571,5.691984,11.04864,0.5532535,0.9593243,0.9574316,146.4841,43.12048,-23.78733,0.1060485,1.254284,1,15.81753,7.021892,0.02514433,1.419394,17.86805,9.602315,6.443548,1,214.413,99.49439,"Kljun_et_al"
"2026-09-22 11:30:00",3,-0.364974,9,36000,-0.2578776,9,36000,157.3477,9,36000,0.230426,9,36000,99.48487,9,36000,0.6322613,-0.02180102,9,0.1452537,-0.6536366,0.6064317,18.65417,67.50675,12.50592,1.456994,2.158385,18.06345,69.86458,2.211062,1.454195,2.081848,17.9287,71.73904,12.75414,1.479475,2.062356,11.01289,86.92622,0.627653,1.524746,0.7511349,0,0.7666665,-3.72529E-09,0.2467429,19.60985,0.8286474,0,1.705142,1.524358,4.734976,186.2304,26.37452,173.7696,1651.705,34.37704,1938.575,21.96338,647.1637,5.50468,10.81861,0.5609014,0.9884542,0.990186,156.3093,45.79005,-16.28582,0.09785649,1.195764,1,17.21754,7.134176,0.02589767,7.609194,95.78841,51.47681,34.54306,1,214.413,96.15176,"Kljun_et_al"
"2026-09-22 12:00:00",4,0.03097201,9,36000,-0.1312832,9,36000,165.8151,9,36000,0.2429338,9,36000,107.0731,9,36000,0.6457379,-0.05979045,9,0.2407825,-0.4251325,0.818294,18.78834,68.20078,12.78736,1.483978,2.176766,18.52462,69.21758,2.219218,1.48281,2.143384,18.28304,71.7387,13.09392,1.51268,2.108849,11.2464,86.90649,0.6605741,2.280638,0.8824197,0,0.8814029,-7.450581E-09,0.284697,20.10456,0.9007114,0,2.434288,2.278363,6.132129,174.4449,20.50011,185.5551,1674.322,28.24055,1956.148,12.20656,656.3099,6.928654,11.01401,0.5456219,0.9935932,0.995824,166.9382,47.54548,-8.784225,0.08963012,1.161373,1,18.92446,7.27408,0.02690367,6.866576,86.43995,46.45294,31.17183,1,214.413,96.60356,"Kljun_et_al"
"2026-09-22 12:30:00",5,-0.06314886,9,36000,-0.2266186,9,36000,165.1865,9,36000,0.2421644,9,36000,121.9658,9,36000,0.7383522,-0.07240036,9,0.2652885,-0.4408184,0.875872,19.39048,62.47675,12.02355,1.411194,2.260493,19.17499,63.21648,1.918909,1.410322,2.232546,18.97214,68.6884,13.08959,1.512204,2.202092,11.21624,86.85695,0.822224,2.367589,0.7785835,0,1.03224,7.450581E-09,0.2829016,20.68138,0.9415301,0,2.565075,2.365131,5.848092,177.501,22.61464,182.499,1646.194,25.4882,1962.946,9.019481,663.5175,5.570465,10.45223,0.4946637,0.9963747,0.9980941,178.0765,48.26725,-1.281617,0.08176125,1.147558,1,20.55304,7.413488,0.02785933,6.470052,81.4483,43.77041,29.37175,1,214.413,96.84099,"Kljun_et_al"
"2026-09-22 13:00:00",6,-0.03478843,7,36000,-0.1636493,7,36000,98.23399,7,36000,0.1440281,7,36000,50.4122,7,36000,0.5131849,-0.03978597,7,0.1967254,-0.2458996,0.6642844,19.50562,61.20564,11.8306,1.392961,2.276243,19.29393,61.93957,1.373222,1.392035,2.247415,19.22263,67.5968,13.0846,1.511696,2.236388,11.20294,86.82703,0.8553793,2.208625,0.7527384,0,0.8387704,1.490116E-08,0.241698,20.78168,0.6161555,0,2.356992,2.206779,5.998022,166.0306,20.44842,193.9694,1634.802,21.44969,1958.415,7.166022,652.9834,3.691082,10.31304,0.4122115,0.9925508,0.9971255,189.2896,47.89967,6.219901,0.07357121,1.153796,1,22.09954,7.546983,0.028878,8.139131,102.4595,55.06187,36.94878,1,214.413,95.82437,"Kljun_et_al"
"2026-09-22 13:30:00",7,0.02976453,7,36000,-0.1681182,7,36000,174.8154,7,36000,0.2565406,7,36000,125.5737,7,36000,0.7183215,-0.05879294,7,0.2395775,-0.5048187,1.366065,20.56435,56.94972,11.72598,1.383865,2.430489,20.22763,58.0378,1.641783,1.382434,2.382994,20.10698,65.68417,13.48508,1.551755,2.362785,11.46511,86.78495,1.000559,1.936223,0.8910917,0,1.363939,-7.450581E-09,0.2788447,21.71058,0.9079024,0,2.360873,1.934495,5.623171,165.2688,34.42281,194.7312,1610.921,25.87942,1941.19,9.235955,645.2824,4.856841,10.20877,0.5031609,0.9230851,0.9469857,200.1252,46.47134,13.72144,0.06533155,1.180228,1,22.99844,7.633161,0.02960233,5.858808,73.75365,39.6353,26.59692,1,214.413,97.20132,"Kljun_et_al"
"2026-09-22 14:00:00",8,0.05225873,7,36000,-0.1451499,7,36000,116.1231,7,36000,0.1704439,7,36000,62.4178,7,36000,0.537514,-0.04053001,7,0.1989999,-0.3024315,0.6024533,20.8816,53.94899,11.20453,1.336911,2.478437,20.43422,55.34218,1.930424,1.334952,2.411916,20.48643,63.91381,13.4262,1.545844,2.41861,11.40671,86.75623,1.076965,1.356416,0.6787069,0,0.8355377,7.450581E-09,0.2148027,21.86729,0.5967329,0,1.583877,1.355512,3.97954,193.7398,30.75669,166.2602,1583.761,25.57428,1932.661,7.032992,644.4226,3.707971,9.851713,0.486792,0.9960179,0.997929,210.2356,44.08405,21.22372,0.05741411,1.229619,1,23.82273,7.72385,0.03031033,4.941351,62.20424,33.42864,22.43199,1,214.413,97.72745,"Kljun_et_al"
"2026-09-22 14:30:00",9,0.1056983,7,36000,-0.1773965,7,36000,106.0581,7,36000,0.1557046,7,36000,44.06321,7,36000,0.4154631,-0.01854708,7,0.1347109,-0.3158456,0.4688275,20.98322,53.12443,11.06454,1.324598,2.493818,20.66115,54.10407,2.262896,1.323206,2.445526,20.57897,63.58092,13.43357,1.546534,2.432411,11.40824,86.69926,1.12232,1.091961,0.4454167,0,0.8385677,0,0.1899029,22.08355,0.4952758,0,1.354296,1.091319,3.438462,196.814,35.69334,163.186,1576.862,28.09927,1932.625,9.072878,642.5488,4.140429,9.7577,0.4923718,0.9547874,0.9848524,219.4399,40.88261,28.72539,0.04928529,1.306231,1,24.36872,7.790005,0.030882,5.875991,73.96996,39.75154,26.67492,1,214.413,97.19138,"Kljun_et_al"
"2026-09-22 15:00:00",10,0.0263505,7,36000,-0.1632217,7,36000,118.5556,7,36000,0.1741666,7,36000,68.48051,7,36000,0.5776233,-0.01183269,7,0.1077227,-0.6153156,0.7628993,22.05685,49.31371,10.93624,1.313105,2.663453,21.34052,51.37,1.693933,1.310004,2.550675,21.27144,62.11191,13.72858,1.576514,2.538229,11.60204,86.69444,1.240671,1.029309,0.8235091,0,0.8969023,7.450581E-09,0.2078405,22.75199,0.695254,0,1.393334,1.028758,4.943904,169.1159,41.43346,190.8841,1562.728,23.29712,1926.056,7.621235,641.234,3.757724,9.637796,0.4447358,0.966225,0.9589635,227.7162,37.02224,36.22691,0.04104449,1.419842,1,24.39194,7.836561,0.031202,6.926317,87.19199,46.85709,31.44303,1,214.413,96.56741,"Kljun_et_al"
"2026-09-22 15:30:00",11,0.1325074,5,36000,-0.05738988,5,36000,80.9819,5,36000,0.118955,5,36000,24.79699,5,36000,0.3062041,-0.01438613,2,0.1187533,-0.2020592,0.3295036,21.93764,48.70988,10.62869,1.286643,2.645706,21.22665,50.71761,2.627468,1.28356,2.532058,21.39438,61.49717,13.69079,1.572698,2.557577,11.56909,86.68777,1.248498,0.5282095,0.4000145,0,0.6897022,9.313226E-10,0.1526642,22.60896,0.4723789,0,0.8956524,0.5281898,2.22656,214.4739,51.88261,145.5261,1552.953,27.62694,1925.778,9.735464,644.2604,2.739034,9.447438,0.4643825,0.9818305,0.9862911,235.1441,32.64614,43.72887,0.03298104,1.584679,1,24.55807,7.832283,0.03155733,3.224338,40.5896,21.8129,14.63736,1,214.413,98.65162,"Kljun_et_al"
"2026-09-22 16:00:00",12,0.0111637,9,36000,-0.04080047,9,36000,58.94282,9,36000,0.08658949,9,36000,37.66507,9,36000,0.6390103,-0.009528966,9,0.09668355,-0.3771288,0.4173358,22.12786,50.12357,11.19233,1.336458,2.677716,21.32087,52.41476,4.021681,1.33291,2.547613,21.31203,62.70398,13.90734,1.594922,2.545103,11.73597,86.67189,1.214702,0.7053908,0.520295,0,0.7349182,1.862645E-09,0.154467,22.75737,0.6442047,0,0.9710129,0.7050837,3.550139,185.918,42.38924,174.082,1579.113,45.79501,1935.561,21.89599,640.995,3.633987,9.807835,0.600782,0.9915679,0.9950041,241.8499,27.8763,51.23087,0.02499549,1.827817,1,24.36607,7.827455,0.03171333,5.288629,66.57594,35.778,24.00851,1,214.413,97.53053,"Kljun_et_al"
"2026-09-22 16:30:00",13,-0.02680487,7,36000,-0.07350137,7,36000,72.87341,7,36000,0.1070921,7,36000,37.84449,7,36000,0.5193182,-0.01790641,7,0.1325928,-0.2766706,0.4729819,22.5794,45.93121,10.32875,1.260877,2.752481,21.6883,48.30468,2.52525,1.257113,2.606113,21.76755,60.07723,13.68335,1.571962,2.616846,11.54895,86.6767,1.349,1.113569,0.623201,0,0.7238946,0,0.1831962,23.04426,0.7640414,0,1.348351,1.113078,3.841434,164.9016,33.83525,195.0984,1528.818,22.19073,1911.394,8.21977,641.7197,3.14519,9.238127,0.4008031,0.9963313,0.9984651,247.9725,22.81248,58.7326,0.01675531,2.20367,1,24.04178,7.824269,0.03166933,6.08803,76.63921,41.186,27.63751,1,214.413,97.06703,"Kljun_et_al"
"2026-09-22 17:00:00",14,0.06916225,8,36000,0.005413394,8,36000,45.04703,8,36000,0.0660978,8,36000,-8.944663,8,36000,-0.1985628,-0.02813576,1,0.1658083,0.05203076,0.2266115,20.41271,53.93126,10.73102,1.295046,2.410733,20.0951,54.93694,4.348761,1.29364,2.363601,20.40027,63.00317,13.11882,1.515172,2.407634,11.18333,86.63566,1.069961,2.070263,0.4851397,0,0.428135,-1.862645E-09,0.1859112,21.48374,0.8312779,0,2.115092,2.070178,4.155702,220.4843,11.80341,139.5157,1583.312,44.09361,1951.033,31.70848,647.476,4.251978,9.559086,0.3990329,0.8656239,0.8556792,253.6467,17.53624,66.23441,0.008619536,2.831695,1,23.91746,7.824436,0.03160533,10.12163,162.4385,76.86356,48.58351,1,214.413,92.28146,"Kljun_et_al"
"2026-09-22 17:30:00",15,0.4078107,3,36000,0.03444792,4,36000,51.55454,3,36000,0.0756378,3,36000,-17.39682,3,36000,-0.337445,-0.03471568,1,0.1841402,0.09109782,0.3975163,20.02022,54.08384,10.41847,1.269017,2.350478,19.97848,54.22638,4.244995,1.268826,2.34453,19.96398,63.26474,12.76848,1.480652,2.342256,10.94532,86.62873,1.075704,2.294809,0.7054055,0,0.4900661,0,0.2393134,21.33985,0.3908859,0,2.347303,2.29479,5.301264,241.6502,12.11526,118.3498,1572.544,48.85376,1946.598,28.87024,641.7965,2.899287,9.379531,0.5147867,0.9921115,0.9940937,258.9953,12.11755,73.73657,0.0007092247,4.051453,1,23.38892,7.777561,0.03139267,10.12461,162.4863,76.88619,48.59781,1,214.413,92.27928,"Kljun_et_al"
"2026-09-22 18:00:00",16,-0.4704288,8,36000,0.04970356,8,36000,9.642077,8,36000,0.01413336,8,36000,-4.864189,8,36000,-0.5044752,-0.01064539,4,0.1017928,0.04590968,0.2795448,19.09838,58.54236,10.77501,1.298154,2.219641,19.02916,58.7961,2.745994,1.297832,2.210186,19.2589,64.97796,12.5142,1.456132,2.241989,10.78977,86.65758,0.9123535,1.332565,0.3691131,0,0.6375654,-3.72529E-09,0.1278886,20.41694,0.4224992,0,1.482743,1.331741,2.99739,287.5553,25.84896,72.4447,1607.409,44.75481,1968.765,44.15195,654.7517,6.880023,9.624752,0.2106398,0.9920761,0.9941061,264.1282,6.632092,81.2381,-0.007532998,7.243345,1,22.66671,7.71646,0.031055,10.65498,170.9981,80.91387,51.1436,1,214.413,91.89751,"Kljun_et_al"
"2026-09-22 18:30:00",17,1.110023,7,36000,0.5825212,5,36000,91.38975,5,36000,0.1337781,5,36000,-49.77094,5,36000,-0.544601,-0.3104969,5,0.5480919,0.08676539,4.022029,17.60815,59.97985,9.679328,1.211203,2.02363,17.62352,59.94803,6.240448,1.21125,2.025859,17.76567,65.52324,11.21073,1.338071,2.043466,9.964978,86.72906,0.8146093,5.631288,2.55908,0,1.089419,0,0.5552757,18.91104,0.938834,0,5.721687,5.623765,15.24699,337.2589,10.59651,22.74115,1641.84,172.5424,2040.384,187.5289,658.075,11.49391,9.025561,0.86847,0.9893422,0.9918825,269.148,1.210862,88.73962,-0.01577984,25.33997,0.75,21.95271,7.65402,0.03064333,8.275926,132.8175,62.84732,39.7242,1,214.413,93.62016,"Kljun_et_al"
"2026-09-22 19:00:00",18,0.3679416,4,36000,0.3294935,1,36000,27.27577,1,36000,0.0398716,1,36000,-31.29697,1,36000,-1.147428,-0.1080906,4,0.3225289,0.09222095,1.353621,16.08582,66.6049,9.861659,1.22155,1.835079,16.1842,66.23621,3.325873,1.22195,1.846863,16.12614,69.19759,10.48125,1.272791,1.839749,9.533497,86.76279,0.624913,2.874302,1.14468,0,1.135052,-7.450581E-09,0.3295523,17.476,0.3301759,0,3.071576,2.871676,7.618091,3.195773,20.66384,356.8042,1535.71,59.44048,1894.147,59.83947,656.1232,3.736389,9.151127,0.2821401,0.9880289,0.9887217,274.1525,-4.596075,96.24197,-0.02361655,"NAN",0,21.21172,7.582359,0.03019367,7.209404,115.7012,54.74817,34.60493,1,214.413,94.40106,"Kljun_et_al"
"2026-09-22 19:30:00",19,2.441678,7,36000,0.7325909,6,36000,51.18365,6,36000,0.07475317,6,36000,-38.03012,6,36000,-0.743013,-0.05457187,3,0.2288094,0.157462,0.5707433,15.27171,70.42154,9.873394,1.223207,1.742867,15.25276,70.51169,6.224002,1.223123,1.740863,15.49582,70.49471,10.14385,1.244405,1.767899,9.34135,86.75697,0.5177402,0.7079355,0.6948204,0,0.8034101,0,0.1150794,16.54165,0.5951454,0,1.155141,0.7078565,2.882815,226.4642,50.40336,133.5358,1606.7,99.70579,1974.37,94.76593,676.6166,15.22425,9.190151,0.4530126,0.9903253,0.9921705,279.2364,-10.19706,103.7436,-0.03182418,"NAN",0,20.47755,7.523896,0.029726,2.515799,40.37518,19.10496,12.07576,1,214.413,97.90469,"Kljun_et_al"
"2026-09-22 20:00:00",20,0.02204646,8,36000,0.05879299,7,36000,-3.82269,7,36000,-0.005576417,7,36000,-9.334214,7,36000,2.441792,-0.01861396,7,0.1333469,0.06599788,0.2975269,13.90511,82.1973,10.9181,1.310459,1.594668,14.02289,81.64155,2.928118,1.310983,1.607285,14.11191,76.6862,10.08222,1.239298,1.61616,9.347651,86.78956,0.2963026,0.9845396,0.3128087,0,0.6968778,3.72529E-09,0.1075442,15.39865,0.4168648,0,1.204318,0.9836121,3.074064,190.9178,34.67537,169.0822,1673.179,64.57578,2002.321,69.70624,678.5184,8.885983,9.891582,0.1535134,0.9868248,0.9892212,284.5002,-15.68535,111.2453,-0.04006965,"NAN",0,19.80484,7.462888,0.02924433,6.009302,96.44121,45.63459,28.84447,1,214.413,95.2864,"Kljun_et_al"
"2026-09-22 20:30:00",21,-0.07400674,9,36000,0.1135505,9,36000,-0.7241096,9,36000,-0.001055213,9,36000,-5.218963,9,36000,7.20742,-0.002634714,9,0.05006672,0.09788754,0.08702885,12.78167,87.9669,10.83817,1.303405,1.482059,12.94015,87.11644,1.709491,1.304131,1.497723,12.95246,79.56463,9.505686,1.192274,1.498661,9.029393,86.8112,0.1935923,0.8434279,0.3213427,0,0.2591316,1.862645E-09,0.06039364,14.30321,0.3987466,0,0.888493,0.8429703,1.951133,137.3117,18.33463,222.6883,1876.734,151.0095,2239.625,177.4985,701.6478,7.395959,9.876936,0.06847682,0.9866158,0.9890488,290.0523,-21.03569,118.7474,-0.04798126,"NAN",0,19.14156,7.401337,0.02878767,13.74998,220.6687,104.4173,65.99951,1,214.413,89.69582,"Kljun_et_al"
"2026-09-22 21:00:00",22,0.223054,8,36000,0.01396911,8,35985,-0.2235667,8,35985,-0.0003257567,8,35985,1.166437,8,35985,-5.217401,-0.004297557,4,0.06396025,-0.01709792,0.08057016,13.06443,87.94602,14.28351,1.652982,1.509596,12.82083,111.5453,19.94773,1.651387,1.486111,13.15735,80.15339,9.815151,1.217273,1.51876,9.212174,86.86009,-0.1652757,0.7272963,0.232559,0,0.3246872,0,0.0404329,14.54789,0.2748279,0,0.8011631,0.7272887,1.445836,229.7264,24.59641,130.2736,1904.1,175.9717,2009.204,67.52015,602.949,105.1344,12.51433,2.007775,0.8027662,0.8234262,296.0101,-26.19075,126.2492,-0.05611366,"NAN",0,18.5374,7.351882,0.02833867,8.244619,103.7874,55.77551,37.42766,1,214.413,95.7587,"Kljun_et_al"
"2026-09-22 21:30:00",23,0.4887581,4,36000,-0.007458411,9,36000,15.27738,4,36000,0.02226557,4,36000,-6.228515,3,36000,-0.4076951,-0.006050011,5,0.07592447,0.07691778,0.142217,13.3325,"NAN",15.72413,1.794096,1.536342,13.05805,118.8842,6.595887,1.792372,1.509147,13.37613,80.65292,10.12101,1.242512,1.540705,9.395946,86.90377,-0.2832252,1.072439,0.4598686,0,0.2627708,2.328306E-10,0.06250159,14.93464,0.2461148,0,1.110865,1.072437,2.409343,230.7957,15.06547,129.2043,1943.487,111.161,1994.48,62.43745,537.7725,27.93728,13.56962,0.5322613,0.8415666,0.8582829,302.5044,-31.07755,133.7507,-0.06435997,"NAN",0,18.09657,7.301643,0.02797133,11.51949,184.8723,87.47892,55.29321,1,214.413,91.27824,"Kljun_et_al"
"2026-09-22 22:00:00",24,0.2235096,7,36000,0.2743642,7,36000,0.2440387,7,36000,0.0003557457,7,36000,-3.249716,7,36000,-13.31639,-0.004608633,7,0.06626195,0.04602521,0.250356,13.33415,98.95982,14.22969,1.62903,1.536373,13.28889,106.3703,4.14222,1.628749,1.53203,13.4396,80.93295,10.23503,1.251987,1.54696,9.465555,86.92164,-0.09671855,0.3302636,0.6479325,0,0.27882,-4.656613E-10,0.0561692,14.99384,0.2548158,0,0.6775758,0.3301913,1.871489,32.78496,57.99777,327.215,1847.037,50.34499,2010.112,57.67786,607.8407,26.83026,12.32068,0.3516449,0.9248192,0.9385191,309.6751,-35.60465,141.2526,-0.07241575,"NAN",0,17.74654,7.278114,0.02765467,4.064381,65.22784,30.86488,19.50891,1,214.413,96.73632,"Kljun_et_al"
"2026-09-22 22:30:00",25,0.1806707,9,36000,-0.0006498015,9,35985,13.02624,9,35985,0.01898733,9,35985,-3.874082,9,35985,-0.297406,-0.00144506,9,0.03709088,0.09799073,0.228394,13.20869,99.79722,13.58752,1.563409,1.524028,13.20218,102.7297,6.587548,1.563317,1.523697,13.28377,81.388,10.16596,1.246216,1.531414,9.427046,86.93182,-0.03961992,0.7549801,0.4673403,0,0.4851148,-3.72529E-09,0.05517756,14.83747,0.4097652,0,0.8944013,0.7535894,2.238517,330.6897,32.13945,29.3103,1926.177,142.3554,2105.572,101.2502,665.2324,43.78635,11.82947,0.5673401,0.7664995,0.7692174,317.6567,-39.6585,148.7547,-0.08040373,"NAN",0,17.42208,7.239559,0.02738133,16.61572,266.6599,126.1796,79.75496,1,214.413,87.69532,"Kljun_et_al"
"2026-09-22 23:00:00",26,0.13764,8,36000,0.2133296,8,36000,-1.196306,8,36000,-0.001742941,8,36000,-5.039139,8,36000,4.212249,-0.008263228,7,0.08867947,0.05319245,0.2557643,13.00068,"NAN",16.35715,1.867746,1.503342,12.71066,126.5474,5.141033,1.865829,1.475381,13.09065,81.24249,9.951784,1.228516,1.512171,9.299394,86.92818,-0.3904485,0.7581907,0.4227347,0,0.5732998,3.72529E-09,0.06443101,14.66198,0.3916233,0,0.9237948,0.7565256,2.46111,320.0922,34.46713,39.90784,2339.8,84.01115,2191.969,61.90316,530.7047,35.46767,14.14248,0.4465623,0.7245693,0.753564,326.5487,-43.10262,156.2565,-0.08865275,"NAN",0,17.13839,7.20275,0.027162,6.967701,111.8222,52.91267,33.44476,1,214.413,94.57879,"Kljun_et_al"
"2026-09-22 23:30:00",27,0.919816,7,36000,0.1545641,4,36000,7.383825,6,36000,0.01075151,6,36000,-8.27944,3,36000,-1.121294,-0.009298373,3,0.09392923,0.08235695,0.2231497,12.25708,"NAN",14.76696,1.686684,1.431713,12.10299,119.0039,5.034322,1.685748,1.417401,12.3606,83.8159,9.702793,1.208123,1.441497,9.168448,86.93522,-0.2683469,1.515962,0.44715,0,0.480711,-7.450581E-09,0.1235853,13.86047,0.2267553,0,1.595897,1.513748,2.752098,324.2521,18.37737,35.74789,2245.334,256.6549,2264.091,210.7079,626.1901,14.0604,12.80493,0.39223,0.7914797,0.7974313,336.37,-45.78392,163.7581,-0.09678382,"NAN",0,16.87042,7.203876,0.02696333,13.15814,211.1704,99.92281,63.15867,1,214.413,90.11328,"Kljun_et_al"
"2026-09-23 00:00:00",28,-3.531288,8,36000,0.03146392,8,36000,7.94832,8,36000,0.01157422,8,36000,-0.950601,8,36000,-0.1195977,-0.01824132,6,0.1315443,0.006755436,0.25158,12.25682,"NAN",13.58835,1.562149,1.431693,12.17141,109.7035,1.832494,1.561681,1.423771,12.34039,83.17297,9.568746,1.197302,1.439561,9.086964,86.93025,-0.13791,1.094948,0.310898,0,0.6340547,-3.72529E-09,0.06691023,13.79911,0.2421278,0,1.273505,1.094035,2.197769,24.3036,30.40744,335.6964,2300.46,410.3431,2471.32,461.2863,645.9988,10.31889,11.85941,0.163867,0.8600187,0.8656094,346.9998,-47.55064,171.2604,-0.104697,"NAN",0,16.59509,7.144632,0.02674767,6.699643,107.5202,50.87704,32.15809,1,214.413,94.77625,"Kljun_et_al"
"2026-09-23 00:30:00",29,0.450849,9,36000,0.1458079,9,36000,-2.992197,9,36000,-0.004358412,9,36000,-3.984293,9,36000,1.331561,-0.003540869,9,0.05797281,0.064321,0.1159807,12.37683,99.73859,12.64901,1.469225,1.443407,12.4645,101.3163,3.48331,1.469683,1.452196,12.47528,81.97524,9.483766,1.190519,1.452585,9.031157,86.93393,-0.01748645,1.083854,0.2842326,0,0.3872001,0,0.03534424,13.99713,0.5746064,0,1.158433,1.081479,1.953175,327.0898,20.87679,32.91022,2044.158,175.6207,2278.141,193.4281,641.3558,22.40901,11.14926,0.1979068,0.8984193,0.9046648,238.1409,-48.28272,58.76191,-0.112946,"NAN",0,16.28014,7.127347,0.02653367,15.25472,244.8177,115.8442,73.2222,1,214.413,88.64091,"Kljun_et_al"
"2026-09-23 01:00:00",30,-0.1990867,9,36000,0.2485079,9,36000,-1.83056,9,36000,-0.002663519,9,36000,-4.541892,9,36000,2.481148,-0.002514077,9,0.04873787,0.08689065,0.126849,11.36528,98.87686,11.19858,1.335634,1.350719,11.34168,99.1107,3.197417,1.33555,1.349509,11.5824,81.85366,8.590315,1.12122,1.37007,8.531776,86.93723,0.01395869,1.379432,0.3030441,0,0.3989913,-7.450581E-09,0.05165447,12.72811,0.8767761,0,1.434886,1.376949,2.347762,343.1903,16.27616,16.80966,2466.828,409.6892,2863.682,497.304,703.9713,37.79353,10.17103,0.3259408,0.9341801,0.9403397,9.362805,-47.9246,-173.7366,-0.1211348,"NAN",0,15.86086,7.1089,0.02625633,23.10097,370.7395,175.4286,110.884,1,214.413,83.30115,"Kljun_et_al"
"2026-09-23 01:30:00",31,0.00547648,9,36000,-0.03958303,8,36000,-1.924851,8,36000,-0.002799411,8,36000,4.574232,8,36000,-2.376408,-0.006926955,7,0.08081135,-0.05269092,0.5054331,10.59175,93.6983,10.14193,1.245416,1.283206,10.85429,95.65766,6.260492,1.246609,1.30628,10.73166,83.31725,8.01817,1.078455,1.294756,8.231053,86.94504,0.0596714,1.101114,0.7814894,0,0.6308337,-1.490116E-08,0.04678838,12.14539,0.7828233,0,1.378008,1.098454,2.382976,334.3473,36.48311,25.65271,2583.283,320.9213,3064.568,354.8165,724.6854,30.93128,9.510624,0.4409601,0.9497215,0.9541618,20.21137,-46.50356,-166.2342,-0.1290015,"NAN",0,15.39501,7.051651,0.025956,9.877987,124.3491,66.82537,44.84258,1,214.413,94.72514,"Kljun_et_al"
"2026-09-23 02:00:00",32,-0.2352409,8,36000,-0.1622086,8,36000,-1.060952,8,36000,-0.00154216,8,36000,-8.637374,8,36000,8.141151,-0.009830124,7,0.09613945,0.08346172,0.5823441,10.10475,92.21115,8.88154,1.143661,1.241682,10.28555,91.18997,4.747831,1.144427,1.257751,10.40415,82.85374,7.617466,1.049335,1.26663,8.018095,86.96362,0.1133232,0.7935797,0.9471223,0,0.5120739,3.72529E-09,0.07367479,11.46761,0.8056622,0,1.215875,0.7930456,2.430316,169.674,47.76647,190.326,2155.797,273.3911,2640.853,325.2126,764.4235,36.12476,8.74845,0.2945752,0.9714534,0.9675469,30.33378,-44.12215,-158.7326,-0.1372379,"NAN",0,14.93516,7.010395,0.02560933,6.730038,108.008,51.10786,32.30398,1,214.413,94.75384,"Kljun_et_al"
"2026-09-23 02:30:00",33,-1.302721,8,36000,-0.462455,8,36000,0.1626114,8,36000,0.0002361899,8,36000,1.076116,8,36000,6.617718,-0.02103783,7,0.1404279,-0.007097429,0.3336189,9.227316,96.88584,8.759197,1.133744,1.17011,9.50599,95.19022,1.166424,1.134876,1.192526,9.46383,84.86552,7.048092,1.008969,1.188905,7.735527,86.98898,0.05765045,1.158489,0.4723954,0,0.6642516,3.72529E-09,0.05338718,10.67459,0.3568206,0,1.35953,1.157838,2.314224,131.7251,31.19859,228.2749,2183.896,186.6415,2675.481,229.3824,772.8265,20.22183,8.699442,0.1033841,0.9808037,0.9833824,39.55099,-40.92488,-151.2311,-0.1454317,"NAN",0,14.50654,6.978316,0.025241,5.983834,75.32755,40.48112,27.1645,1,214.413,97.1282,"Kljun_et_al"
"2026-09-23 03:00:00",34,1.215154,8,36000,-0.05814452,8,36000,2.904154,8,36000,0.004217937,8,36000,4.938285,8,36000,1.700421,-0.01450372,4,0.1165736,-0.03921766,0.3270244,9.177027,97.37212,8.783607,1.13574,1.166244,9.433759,95.80825,1.312288,1.136802,1.187053,9.283517,85.72327,7.017633,1.006964,1.174591,7.725033,87.00429,0.05025101,1.003566,0.3577294,0,0.7235398,-1.862645E-09,0.0506811,10.60385,0.5251389,0,1.259914,1.003166,1.85286,42.55938,36.56522,317.4406,2014.397,106.4255,2465.277,132.5708,798.5076,17.18835,8.716256,0.16666,0.9803111,0.982719,47.84024,-37.06657,-143.7289,-0.1534409,"NAN",0,"NAN","NAN","NAN",6.242733,78.5867,42.23259,28.33981,1,214.413,96.97588,"Kljun_et_al"
"2026-09-23 03:30:00",35,0.1964484,8,36000,-0.05508114,8,36000,0.9123278,8,36000,0.001326073,8,36000,7.465528,8,36000,8.182944,-0.02223289,6,0.144545,-0.04793996,0.263367,9.922916,97.33455,9.517534,1.193264,1.226393,10.24452,95.37517,1.985967,1.194628,1.253278,9.963807,86.19221,7.765401,1.059821,1.229638,8.11095,87.01719,0.05865073,0.8368459,0.3342257,0,0.6431541,0,0.03714629,11.47777,0.4656333,0,1.0809,0.8358377,1.689381,16.09182,38.56829,343.9082,1918.697,73.29385,2320.12,87.2711,758.351,14.02914,9.13359,0.1127278,0.9799719,0.9823605,55.27914,-32.69138,-136.2269,-0.1615327,"NAN",0,"NAN","NAN","NAN",4.199027,52.85948,28.40675,19.0621,1,214.413,98.13795,"Kljun_et_al"
"2026-09-23 04:00:00",36,0.8205789,9,36000,0.3456512,9,36000,-9.451161,9,36000,-0.0137101,9,36000,-7.687437,9,36000,0.8133854,-0.006053071,9,0.07511611,0.0942869,0.1860719,8.157474,99.23376,8.157735,1.089886,1.090499,8.166235,99.96079,1.315953,1.089926,1.091067,8.538676,85.7662,6.293423,0.9597598,1.118997,7.380834,87.04118,0.001141667,1.224617,0.2634639,0,0.5483666,0,0.0449962,9.282524,1.029204,0,1.340609,1.223378,2.545162,280.6713,23.95274,79.32867,2269.637,190.7822,2797.065,241.8832,850.0799,44.51147,8.393256,0.4494471,0.977547,0.9801192,61.99488,-27.92103,-128.7254,-0.1697245,"NAN",0,13.33041,6.860196,0.02406633,13.30138,213.4692,101.0106,63.84621,1,214.413,90.01212,"Kljun_et_al"
"2026-09-23 04:30:00",37,0.2190971,8,36000,0.1519458,8,36000,-5.620113,8,36000,-0.008151921,8,36000,-6.234592,8,36000,1.109336,-0.01907808,4,0.1333135,0.0430631,0.3034488,7.78391,100.0218,7.930691,1.072023,1.061319,8.068164,99.17421,0.7790145,1.073131,1.082301,7.881407,87.33619,5.91013,0.933058,1.068264,7.193666,87.06065,0.009170651,0.9163476,0.5673907,0,0.5310482,0,0.05434356,9.166322,0.5351189,0,1.136884,0.915813,2.345828,30.91746,35.71849,329.0826,2307.729,142.1826,2851.567,176.4324,849.4164,22.50514,8.267916,0.215629,0.974416,0.9767335,68.12774,-22.85383,-121.2235,-0.1778094,"NAN",0,"NAN","NAN","NAN",5.58808,89.68117,42.43584,26.82262,1,214.413,95.59888,"Kljun_et_al"
"2026-09-23 05:00:00",38,-0.5962053,9,36000,-0.1160753,9,36000,0.2408795,9,36000,0.0003496776,9,36000,-0.3103536,9,36000,-1.288418,-0.002740152,7,0.05060006,0.005664322,0.3882574,8.459366,97.81171,8.142103,1.087459,1.111475,8.920694,95.04448,2.047014,1.089268,1.147109,9.008813,87.58204,7.058977,1.337611,1.527773,9.672197,87.0667,0.05784047,1.337769,0.4283079,0,0.7680698,-7.450581E-09,0.05599972,10.03878,0.6828765,0,1.530222,1.334177,2.890873,329.4491,28.9925,30.5509,2317.406,181.1922,2862.985,228.5015,792.2237,34.96219,8.366858,0.1848306,0.9789144,0.9811749,73.81208,-17.56902,-113.7215,-0.1858254,"NAN",0,12.6488,6.825003,0.02366833,21.47876,344.7051,163.1095,103.0974,1,214.413,84.38342,"Kljun_et_al"
"2026-09-23 05:30:00",39,7.805677,9,36000,1.098946,9,36000,-20.28148,9,36000,-0.02941624,9,36000,-34.13337,9,36000,1.682982,-0.0429672,9,0.2000095,0.1570893,0.4832498,7.833256,97.32656,7.443293,1.036909,1.065654,8.001815,96.36468,2.544805,1.037547,1.078181,8.04015,85.28862,5.722861,0.9213715,1.080321,7.099261,87.07612,0.04063344,0.3987773,0.8142748,0,0.5466198,2.328306E-10,0.06828576,9.062943,0.7975996,0,0.9817155,0.3987695,1.813623,172.9636,62.4175,187.0364,2248.28,286.8208,2806.508,365.379,796.0626,30.45989,7.995517,0.1888796,0.9795789,0.9821085,79.17043,-12.13,-106.22,-0.1940191,"NAN",0,12.35171,6.810699,0.023485,1.62313,26.04906,12.32604,7.790978,1,214.413,98.58349,"Kljun_et_al"
"2026-09-23 06:00:00",40,0.1969388,9,36000,0.101745,9,36000,-2.831491,9,36000,-0.004103698,9,36000,-2.529521,9,36000,0.893353,-0.003068931,9,0.05336718,0.04349611,0.1052866,6.986621,99.79224,7.064569,1.010516,1.005018,7.210602,99.08686,0.5735894,1.011349,1.020855,7.1354,86.89511,5.103122,0.8822593,1.0152,6.820083,87.1023,0.009505868,1.323903,0.3393427,0,0.3061811,0,0.04090089,8.241616,0.58026,0,1.364837,1.323401,2.063332,131.2912,14.11355,228.7088,2649.949,260.4958,3317.047,344.5628,860.0585,27.20517,7.815653,0.2389795,0.9598574,0.9655813,84.31441,-6.579581,-98.71824,-0.2022495,"NAN",0,12.07832,6.810027,0.023312,20.23862,324.8025,153.6919,97.14474,1,214.413,85.21825,"Kljun_et_al"
"2026-09-23 06:30:00",41,4.363472,8,36000,0.09978987,8,36000,-2.920451,8,36000,-0.004233846,8,36000,-1.723408,8,36000,0.5901172,-0.01336721,7,0.1114206,0.01420413,0.2659523,7.181902,99.70478,7.18916,1.018924,1.018378,7.512814,97.93462,1.143856,1.020148,1.041994,7.320323,87.47436,5.380664,0.8992647,1.027998,6.947095,87.13357,0.02184641,0.6579011,0.3835312,0,0.6179256,0,0.05455588,8.553546,0.4803098,0,0.9462663,0.6575184,1.815227,61.52822,44.7443,298.4718,2354.219,316.714,2943.472,404.791,855.8593,24.40899,7.875378,0.1573963,0.9788005,0.9810975,89.3462,-0.8009424,-91.21584,-0.2101199,33.81113,0.4,11.79873,6.785326,0.02312133,4.786714,76.8203,36.35027,22.97609,1,214.413,96.19551,"Kljun_et_al"
"2026-09-23 07:00:00",42,1.021819,9,36000,0.3180104,9,36000,-6.697163,9,36000,-0.00970466,9,36000,-7.360872,9,36000,1.099103,-0.006470812,9,0.07743881,0.08711115,0.08054597,6.902208,99.61875,6.967574,1.00425,0.9995236,7.039471,99.57176,1.248017,1.004796,1.009798,7.036223,87.36207,5.082662,0.8813183,1.008655,6.814953,87.16676,0.00500226,0.7569969,0.2310192,0,0.3269531,0,0.02870173,8.062454,0.8828108,0,0.834784,0.7556488,1.286367,299.8798,24.93921,60.12024,2436.668,253.8274,3054.472,339.9227,879.7463,48.16933,7.769219,0.3358108,0.977065,0.9790521,94.36237,4.695125,-83.71433,-0.2183158,10.02299,1,11.52213,6.763695,0.02295733,7.974667,127.9827,60.55957,38.27816,1,214.413,93.84026,"Kljun_et_al"
"2026-09-23 07:30:00",43,1.12898,9,36000,0.5545081,9,36000,4.283247,9,36000,0.006214809,9,36000,3.451381,9,36000,0.805786,-0.006626367,4,0.07855305,-0.04043233,0.09877075,9.065462,96.55921,8.540911,1.118684,1.161304,8.405631,100.6884,0.6178446,1.115982,1.10849,7.896927,88.09536,6.050691,0.943197,1.070478,7.270583,87.21284,-0.007492423,0.5545197,0.2647178,0,0.3443697,0,0.09420969,9.547412,0.9230421,0,0.6361597,0.5534426,1.825992,301.4705,29.20784,58.52951,2417.316,154.4096,2960.304,223.3297,861.6443,53.28514,8.586775,0.4555542,0.9829081,0.9854559,99.45959,10.15911,-76.21281,-0.2265587,4.839572,1,11.29199,6.764192,0.022755,5.117628,64.42329,34.62116,23.23223,1,214.413,97.62789,"Kljun_et_al"
"2026-09-23 08:00:00",44,0.3789943,7,36000,-0.06883565,7,36000,55.35495,7,36000,0.08049472,7,36000,28.45469,7,36000,0.5140405,-0.01326554,2,0.1116164,-0.2363919,0.1343179,11.76108,90.94109,10.32585,1.259895,1.385871,10.71312,97.13925,2.904921,1.255285,1.293304,10.12479,88.54555,8.320111,1.100744,1.243147,8.419214,87.23891,0.03801942,0.7744086,0.3240422,0,0.3739953,0,0.1541428,12.00821,0.5530088,0,0.8557142,0.7736868,2.138224,306.5635,25.07841,53.43652,2004.9,102.2608,2388.638,119.0348,763.7958,15.30854,9.58145,0.2148394,0.9831271,0.9860432,104.7378,15.59455,-68.71053,-0.2344768,3.19348,1,11.23623,6.757061,0.02264933,5.02941,63.31277,34.02436,22.83175,1,214.413,97.67783,"Kljun_et_al"
"2026-09-23 08:30:00",45,-0.8151231,7,36000,-0.3025879,7,36000,65.83784,7,36000,0.09590464,7,36000,26.3912,7,36000,0.4008515,-0.02803377,7,0.1627439,-0.1513129,0.567657,13.24036,79.57813,9.772258,1.214524,1.527625,12.52693,83.17223,3.948347,1.21151,1.458062,12.2383,79.81445,8.838504,1.139945,1.43161,8.654645,87.25618,0.246552,1.544802,0.8044969,0,0.6636425,-7.450581E-09,0.2183516,13.7843,0.5350131,0,1.713532,1.543385,3.665869,18.52308,25.52414,341.4769,1716.995,89.51861,2081.966,92.74162,713.9595,13.3394,9.188724,0.3441244,0.9838769,0.9867827,110.3036,20.90795,-61.20886,-0.2426107,2.409523,1,11.50965,6.770624,0.02269867,6.881588,86.62891,46.55449,31.23998,1,214.413,96.59441,"Kljun_et_al"
"2026-09-23 09:00:00",46,0.4615771,2,36000,-0.3535782,2,36000,117.5054,1,36000,0.1713368,1,36000,59.71073,1,36000,0.508153,-0.04274424,1,0.2012857,-0.2776954,0.4076994,14.43336,73.97485,9.840755,1.220295,1.650586,13.55808,78.00279,2.063539,1.21664,1.559587,13.60759,75.64236,9.388704,1.183035,1.564213,8.938933,87.28712,0.3429466,1.68742,0.6654854,0,0.5600941,-7.450581E-09,0.2425337,14.82502,0.5122642,0,1.783761,1.685474,4.285284,346.5308,19.01364,13.46921,1707.475,46.95466,2077.518,44.71187,703.6624,5.427365,9.194036,0.3820912,0.9897321,0.9920926,116.2749,26.03029,-53.70731,-0.250853,1.961014,1,12.13068,6.789685,0.02285533,6.077443,76.50594,41.11439,27.58945,1,214.413,97.07323,"Kljun_et_al"
"2026-09-23 09:30:00",47,-0.004633844,9,36000,-0.2535553,3,36000,116.8366,3,36000,0.1705191,3,36000,87.15898,3,36000,0.7459902,-0.01721923,7,0.1279567,-0.6396212,0.6101008,15.68309,68.75697,9.951538,1.229223,1.789071,14.52173,73.75225,1.745615,1.224362,1.661179,14.70189,72.78892,9.872571,1.222156,1.679213,9.199382,87.30824,0.4368167,0.4895216,0.8448319,0,0.6769473,2.328306E-10,0.219552,15.80077,0.7806813,0,1.077739,0.4895068,2.909817,73.53983,59.84151,286.4602,1678.451,26.56027,2044.83,22.44952,695.7838,4.640515,9.221145,0.3451048,0.9897217,0.9919477,122.7812,30.88521,-46.205,-0.2588484,1.677169,1,12.99392,6.8295,0.02316133,2.773159,34.90993,18.76064,12.58916,1,214.413,98.87759,"Kljun_et_al"
"2026-09-23 10:00:00",48,0.1242578,9,36000,-0.2031886,9,36000,114.8567,9,36000,0.167806,9,36000,101.8086,9,36000,0.8863966,-0.03250149,9,0.1761433,-0.5445511,0.6792488,16.46175,70.72559,11.1239,1.329342,1.879704,15.61976,74.39774,1.938035,1.325575,1.782949,15.53985,73.51991,10.82924,1.302956,1.772174,9.779055,87.33404,0.4573736,1.000959,0.7015129,0,0.9002811,3.72529E-09,0.2363708,17.01011,0.8258132,0,1.388346,0.9994219,3.643569,173.6437,42.87149,186.3563,1731.899,27.12842,2065.684,18.11526,691.7838,5.719303,9.94537,0.4004433,0.9829561,0.9807606,129.9582,35.37832,-38.70318,-0.2669064,1.487478,1,14.09236,6.8683,0.02338133,4.11934,51.85635,27.86767,18.70035,1,214.413,98.1811,"Kljun_et_al"
"2026-09-23 10:30:00",49,0.4975826,2,36000,-0.2316743,1,36000,145.1586,1,36000,0.2122399,1,36000,137.5475,1,36000,0.9475672,-0.03977481,4,0.1951053,-0.665925,0.5749436,17.45881,66.11333,11.05375,1.322907,2.002954,16.41816,70.35643,2.677599,1.318278,1.877066,16.42916,71.27489,11.21587,1.336674,1.876021,10.00137,87.35066,0.5587888,0.5907737,0.759156,0,0.7133962,4.656613E-10,0.2542344,17.80431,0.9651287,0,1.048844,0.5907487,3.273159,217.0461,53.53128,142.9539,1724.725,86.09402,2066.268,101.1539,685.0331,6.216877,9.863429,0.3443457,0.987806,0.9923923,137.9363,39.39553,-31.20166,-0.2751522,1.357171,1,15.40819,6.970492,0.02361167,2.194977,27.63148,14.84919,9.96442,1,214.413,99.15386,"Kljun_et_al"
"2026-09-23 11:00:00",50,0.3162278,6,36000,-0.03543037,2,35978,141.9753,2,35978,0.2078405,2,35978,124.5092,1,35978,0.8769781,-0.03604328,6,0.1861103,-0.6346682,0.5516353,18.44999,60.51008,10.657,1.288977,2.131164,17.69537,63.29972,3.38493,1.28573,2.03498,17.64626,67.67841,11.59741,1.370896,2.026114,10.21463,87.36337,0.7492502,0.9150305,0.6947401,0,0.7496428,9.313226E-10,0.2421621,19.05324,0.9216476,0,1.252895,0.9148966,3.485298,210.1083,42.0712,149.8917,1679.533,40.83484,2036.747,22.39287,671.3426,5.765709,9.577858,0.4474532,0.8843427,0.8432302,146.8109,42.80158,-23.69988,-0.28329,1.267833,1,16.92031,7.093455,0.02443767,3.564035,44.86587,24.11098,16.17946,1,214.413,98.47627,"Kljun_et_al"
"2026-09-22 10:00:00",0,-0.3105652,7,31042,0.0616741,7,31090,41.57174,5,31090,0.06066822,5,31090,6.64528,5,31090,0.1598509,-0.005654749,4,0.07352624,-0.08508847,0.1588173,14.48858,98.73091,14.69443,1.678524,1.656182,14.44753,101.6158,2.268484,1.678311,1.651632,14.21962,82.47877,11.28011,1.342278,1.627461,10.1206,86.98772,-0.02667832,0.6665345,0.3751025,0,0.4045247,-7.450581E-09,0.1152931,16.21055,0.1694267,0,0.7914716,0.6652737,1.752344,305.6226,32.34398,54.37744,1915.166,75.08691,1978.129,94.3073,606.9288,15.79312,12.64422,0.3025231,0.8348104,0.8354654,130.1305,35.95804,-38.25423,0.1215448,1.460367,0.8533334,14.87542,6.890176,0.02453047,6.571357,82.72357,44.45575,29.83164,1,214.413,96.78056,"Kljun_et_al"
"2026-09-22 10:30:00",1,0.77002,6,36000,0.0737134,8,36000,86.55573,3,36000,0.1263829,3,36000,37.42801,3,36000,0.4324151,-0.01166863,4,0.105716,-0.3340642,0.2180665,15.25005,92.61176,14.04917,1.610813,1.73983,14.99865,94.12105,5.337383,1.609452,1.712188,14.85627,81.60445,11.73992,1.383856,1.696081,10.41092,86.96971,0.1027358,0.8958322,0.4146616,0,0.4840397,0,0.1729001,16.69236,0.5138323,0,1.020375,0.8945118,2.577076,302.194,28.44813,57.806,1910.987,66.32037,2066.053,64.49485,634.4857,23.0664,12.10247,0.5272924,0.8780288,0.878351,137.585,39.68787,-31.28957,0.113988,1.342961,1,15.21307,6.985997,0.024818,6.142631,77.32655,41.55539,27.88537,1,214.413,97.03485,"Kljun_et_al"
"2026-09-22 11:00:00",2,-1.19593,7,36000,-0.2055778,7,36000,214.9717,7,36000,0.3144869,7,36000,141.0757,7,36000,0.6562521,-0.03610634,7,0.1865735,-0.7187536,0.4337706,17.98286,71.84338,12.79296,1.484534,2.071504,16.98607,76.1301,3.248498,1.47961,1.945641,16.75816,75.83313,12.46771,1.452044,1.916533,10.85202,86.94585,0.466031,0.3653246,0.5512204,0,0.7124933,-2.328306E-10,0.2367501,18.55354,0.9331312,0,0.8838391,0.3653027,2.690632,199.856,62.04232,160.144,1739.095,58.081,2014.857,44.58805,658.8571,5.691984,11.04864,0.5532535,0.9593243,0.9574316,146.4841,43.12048,-23.78733,0.1060485,1.254284,1,15.81753,7.021892,0.02514433,1.419394,17.86805,9.602315,6.443548,1,214.413,99.49439,"Kljun_et_al"
"2026-09-22 11:30:00",3,-0.364974,9,36000,-0.2578776,9,36000,157.3477,9,36000,0.230426,9,36000,99.48487,9,36000,0.6322613,-0.02180102,9,0.1452537,-0.6536366,0.6064317,18.65417,67.50675,12.50592,1.456994,2.158385,18.06345,69.86458,2.211062,1.454195,2.081848,17.9287,71.73904,12.75414,1.479475,2.062356,11.01289,86.92622,0.627653,1.524746,0.7511349,0,0.7666665,-3.72529E-09,0.2467429,19.60985,0.8286474,0,1.705142,1.524358,4.734976,186.2304,26.37452,173.7696,1651.705,34.37704,1938.575,21.96338,647.1637,5.50468,10.81861,0.5609014,0.9884542,0.990186,156.3093,45.79005,-16.28582,0.09785649,1.195764,1,17.21754,7.134176,0.02589767,7.609194,95.78841,51.47681,34.54306,1,214.413,96.15176,"Kljun_et_al"
"2026-09-22 12:00:00",4,0.03097201,9,36000,-0.1312832,9,36000,165.8151,9,36000,0.2429338,9,36000,107.0731,9,36000,0.6457379,-0.05979045,9,0.2407825,-0.4251325,0.818294,18.78834,68.20078,12.78736,1.483978,2.176766,18.52462,69.21758,2.219218,1.48281,2.143384,18.28304,71.7387,13.09392,1.51268,2.108849,11.2464,86.90649,0.6605741,2.280638,0.8824197,0,0.8814029,-7.450581E-09,0.284697,20.10456,0.9007114,0,2.434288,2.278363,6.132129,174.4449,20.50011,185.5551,1674.322,28.24055,1956.148,12.20656,656.3099,6.928654,11.01401,0.5456219,0.9935932,0.995824,166.9382,47.54548,-8.784225,0.08963012,1.161373,1,18.92446,7.27408,0.02690367,6.866576,86.43995,46.45294,31.17183,1,214.413,96.60356,"Kljun_et_al"
"2026-09-22 12:30:00",5,-0.06314886,9,36000,-0.2266186,9,36000,165.1865,9,36000,0.2421644,9,36000,121.9658,9,36000,0.7383522,-0.07240036,9,0.2652885,-0.4408184,0.875872,19.39048,62.47675,12.02355,1.411194,2.260493,19.17499,63.21648,1.918909,1.410322,2.232546,18.97214,68.6884,13.08959,1.512204,2.202092,11.21624,86.85695,0.822224,2.367589,0.7785835,0,1.03224,7.450581E-09,0.2829016,20.68138,0.9415301,0,2.565075,2.365131,5.848092,177.501,22.61464,182.499,1646.194,25.4882,1962.946,9.019481,663.5175,5.570465,10.45223,0.4946637,0.9963747,0.9980941,178.0765,48.26725,-1.281617,0.08176125,1.147558,1,20.55304,7.413488,0.02785933,6.470052,81.4483,43.77041,29.37175,1,214.413,96.84099,"Kljun_et_al"
"2026-09-22 13:00:00",6,-0.03478843,7,36000,-0.1636493,7,36000,98.23399,7,36000,0.1440281,7,36000,50.4122,7,36000,0.5131849,-0.03978597,7,0.1967254,-0.2458996,0.6642844,19.50562,61.20564,11.8306,1.392961,2.276243,19.29393,61.93957,1.373222,1.392035,2.247415,19.22263,67.5968,13.0846,1.511696,2.236388,11.20294,86.82703,0.8553793,2.208625,0.7527384,0,0.8387704,1.490116E-08,0.241698,20.78168,0.6161555,0,2.356992,2.206779,5.998022,166.0306,20.44842,193.9694,1634.802,21.44969,1958.415,7.166022,652.9834,3.691082,10.31304,0.4122115,0.9925508,0.9971255,189.2896,47.89967,6.219901,0.07357121,1.153796,1,22.09954,7.546983,0.028878,8.139131,102.4595,55.06187,36.94878,1,214.413,95.82437,"Kljun_et_al"
"2026-09-22 13:30:00",7,0.02976453,7,36000,-0.1681182,7,36000,174.8154,7,36000,0.2565406,7,36000,125.5737,7,36000,0.7183215,-0.05879294,7,0.2395775,-0.5048187,1.366065,20.56435,56.94972,11.72598,1.383865,2.430489,20.22763,58.0378,1.641783,1.382434,2.382994,20.10698,65.68417,13.48508,1.551755,2.362785,11.46511,86.78495,1.000559,1.936223,0.8910917,0,1.363939,-7.450581E-09,0.2788447,21.71058,0.9079024,0,2.360873,1.934495,5.623171,165.2688,34.42281,194.7312,1610.921,25.87942,1941.19,9.235955,645.2824,4.856841,10.20877,0.5031609,0.9230851,0.9469857,200.1252,46.47134,13.72144,0.06533155,1.180228,1,22.99844,7.633161,0.02960233,5.858808,73.75365,39.6353,26.59692,1,214.413,97.20132,"Kljun_et_al"
"2026-09-22 14:00:00",8,0.05225873,7,36000,-0.1451499,7,36000,116.1231,7,36000,0.1704439,7,36000,62.4178,7,36000,0.537514,-0.04053001,7,0.1989999,-0.3024315,0.6024533,20.8816,53.94899,11.20453,1.336911,2.478437,20.43422,55.34218,1.930424,1.334952,2.411916,20.48643,63.91381,13.4262,1.545844,2.41861,11.40671,86.75623,1.076965,1.356416,0.6787069,0,0.8355377,7.450581E-09,0.2148027,21.86729,0.5967329,0,1.583877,1.355512,3.97954,193.7398,30.75669,166.2602,1583.761,25.57428,1932.661,7.032992,644.4226,3.707971,9.851713,0.486792,0.9960179,0.997929,210.2356,44.08405,21.22372,0.05741411,1.229619,1,23.82273,7.72385,0.03031033,4.941351,62.20424,33.42864,22.43199,1,214.413,97.72745,"Kljun_et_al"
"2026-09-22 14:30:00",9,0.1056983,7,36000,-0.1773965,7,36000,106.0581,7,36000,0.1557046,7,36000,44.06321,7,36000,0.4154631,-0.01854708,7,0.1347109,-0.3158456,0.4688275,20.98322,53.12443,11.06454,1.324598,2.493818,20.66115,54.10407,2.262896,1.323206,2.445526,20.57897,63.58092,13.43357,1.546534,2.432411,11.40824,86.69926,1.12232,1.091961,0.4454167,0,0.8385677,0,0.1899029,22.08355,0.4952758,0,1.354296,1.091319,3.438462,196.814,35.69334,163.186,1576.862,28.09927,1932.625,9.072878,642.5488,4.140429,9.7577,0.4923718,0.9547874,0.9848524,219.4399,40.88261,28.72539,0.04928529,1.306231,1,24.36872,7.790005,0.030882,5.875991,73.96996,39.75154,26.67492,1,214.413,97.19138,"Kljun_et_al"
"2026-09-22 15:00:00",10,0.0263505,7,36000,-0.1632217,7,36000,118.5556,7,36000,0.1741666,7,36000,68.48051,7,36000,0.5776233,-0.01183269,7,0.1077227,-0.6153156,0.7628993,22.05685,49.31371,10.93624,1.313105,2.663453,21.34052,51.37,1.693933,1.310004,2.550675,21.27144,62.11191,13.72858,1.576514,2.538229,11.60204,86.69444,1.240671,1.029309,0.8235091,0,0.8969023,7.450581E-09,0.2078405,22.75199,0.695254,0,1.393334,1.028758,4.943904,169.1159,41.43346,190.8841,1562.728,23.29712,1926.056,7.621235,641.234,3.757724,9.637796,0.4447358,0.966225,0.9589635,227.7162,37.02224,36.22691,0.04104449,1.419842,1,24.39194,7.836561,0.031202,6.926317,87.19199,46.85709,31.44303,1,214.413,96.56741,"Kljun_et_al"
"2026-09-22 15:30:00",11,0.1325074,5,36000,-0.05738988,5,36000,80.9819,5,36000,0.118955,5,36000,24.79699,5,36000,0.3062041,-0.01438613,2,0.1187533,-0.2020592,0.3295036,21.93764,48.70988,10.62869,1.286643,2.645706,21.22665,50.71761,2.627468,1.28356,2.532058,21.39438,61.49717,13.69079,1.572698,2.557577,11.56909,86.68777,1.248498,0.5282095,0.4000145,0,0.6897022,9.313226E-10,0.1526642,22.60896,0.4723789,0,0.8956524,0.5281898,2.22656,214.4739,51.88261,145.5261,1552.953,27.62694,1925.778,9.735464,644.2604,2.739034,9.447438,0.4643825,0.9818305,0.9862911,235.1441,32.64614,43.72887,0.03298104,1.584679,1,24.55807,7.832283,0.03155733,3.224338,40.5896,21.8129,14.63736,1,214.413,98.65162,"Kljun_et_al"
"2026-09-22 16:00:00",12,0.0111637,9,36000,-0.04080047,9,36000,58.94282,9,36000,0.08658949,9,36000,37.66507,9,36000,0.6390103,-0.009528966,9,0.09668355,-0.3771288,0.4173358,22.12786,50.12357,11.19233,1.336458,2.677716,21.32087,52.41476,4.021681,1.33291,2.547613,21.31203,62.70398,13.90734,1.594922,2.545103,11.73597,86.67189,1.214702,0.7053908,0.520295,0,0.7349182,1.862645E-09,0.154467,22.75737,0.6442047,0,0.9710129,0.7050837,3.550139,185.918,42.38924,174.082,1579.113,45.79501,1935.561,21.89599,640.995,3.633987,9.807835,0.600782,0.9915679,0.9950041,241.8499,27.8763,51.23087,0.02499549,1.827817,1,24.36607,7.827455,0.03171333,5.288629,66.57594,35.778,24.00851,1,214.413,97.53053,"Kljun_et_al"
"2026-09-22 16:30:00",13,-0.02680487,7,36000,-0.07350137,7,36000,72.87341,7,36000,0.1070921,7,36000,37.84449,7,36000,0.5193182,-0.01790641,7,0.1325928,-0.2766706,0.4729819,22.5794,45.93121,10.32875,1.260877,2.752481,21.6883,48.30468,2.52525,1.257113,2.606113,21.76755,60.07723,13.68335,1.571962,2.616846,11.54895,86.6767,1.349,1.113569,0.623201,0,0.7238946,0,0.1831962,23.04426,0.7640414,0,1.348351,1.113078,3.841434,164.9016,33.83525,195.0984,1528.818,22.19073,1911.394,8.21977,641.7197,3.14519,9.238127,0.4008031,0.9963313,0.9984651,247.9725,22.81248,58.7326,0.01675531,2.20367,1,24.04178,7.824269,0.03166933,6.08803,76.63921,41.186,27.63751,1,214.413,97.06703,"Kljun_et_al"
"2026-09-22 17:00:00",14,0.06916225,8,36000,0.005413394,8,36000,45.04703,8,36000,0.0660978,8,36000,-8.944663,8,36000,-0.1985628,-0.02813576,1,0.1658083,0.05203076,0.2266115,20.41271,53.93126,10.73102,1.295046,2.410733,20.0951,54.93694,4.348761,1.29364,2.363601,20.40027,63.00317,13.11882,1.515172,2.407634,11.18333,86.63566,1.069961,2.070263,0.4851397,0,0.428135,-1.862645E-09,0.1859112,21.48374,0.8312779,0,2.115092,2.070178,4.155702,220.4843,11.80341,139.5157,1583.312,44.09361,1951.033,31.70848,647.476,4.251978,9.559086,0.3990329,0.8656239,0.8556792,253.6467,17.53624,66.23441,0.008619536,2.831695,1,23.91746,7.824436,0.03160533,10.12163,162.4385,76.86356,48.58351,1,214.413,92.28146,"Kljun_et_al"
"2026-09-22 17:30:00",15,0.4078107,3,36000,0.03444792,4,36000,51.55454,3,36000,0.0756378,3,36000,-17.39682,3,36000,-0.337445,-0.03471568,1,0.1841402,0.09109782,0.3975163,20.02022,54.08384,10.41847,1.269017,2.350478,19.97848,54.22638,4.244995,1.268826,2.34453,19.96398,63.26474,12.76848,1.480652,2.342256,10.94532,86.62873,1.075704,2.294809,0.7054055,0,0.4900661,0,0.2393134,21.33985,0.3908859,0,2.347303,2.29479,5.301264,241.6502,12.11526,118.3498,1572.544,48.85376,1946.598,28.87024,641.7965,2.899287,9.379531,0.5147867,0.9921115,0.9940937,258.9953,12.11755,73.73657,0.0007092247,4.051453,1,23.38892,7.777561,0.03139267,10.12461,162.4863,76.88619,48.59781,1,214.413,92.27928,"Kljun_et_al"
"2026-09-22 18:00:00",16,-0.4704288,8,36000,0.04970356,8,36000,9.642077,8,36000,0.01413336,8,36000,-4.864189,8,36000,-0.5044752,-0.01064539,4,0.1017928,0.04590968,0.2795448,19.09838,58.54236,10.77501,1.298154,2.219641,19.02916,58.7961,2.745994,1.297832,2.210186,19.2589,64.97796,12.5142,1.456132,2.241989,10.78977,86.65758,0.9123535,1.332565,0.3691131,0,0.6375654,-3.72529E-09,0.1278886,20.41694,0.4224992,0,1.482743,1.331741,2.99739,287.5553,25.84896,72.4447,1607.409,44.75481,1968.765,44.15195,654.7517,6.880023,9.624752,0.2106398,0.9920761,0.9941061,264.1282,6.632092,81.2381,-0.007532998,7.243345,1,22.66671,7.71646,0.031055,10.65498,170.9981,80.91387,51.1436,1,214.413,91.89751,"Kljun_et_al"
"2026-09-22 18:30:00",17,1.110023,7,36000,0.5825212,5,36000,91.38975,5,36000,0.1337781,5,36000,-49.77094,5,36000,-0.544601,-0.3104969,5,0.5480919,0.08676539,4.022029,17.60815,59.97985,9.679328,1.211203,2.02363,17.62352,59.94803,6.240448,1.21125,2.025859,17.76567,65.52324,11.21073,1.338071,2.043466,9.964978,86.72906,0.8146093,5.631288,2.55908,0,1.089419,0,0.5552757,18.91104,0.938834,0,5.721687,5.623765,15.24699,337.2589,10.59651,22.74115,1641.84,172.5424,2040.384,187.5289,658.075,11.49391,9.025561,0.86847,0.9893422,0.9918825,269.148,1.210862,88.73962,-0.01577984,25.33997,0.75,21.95271,7.65402,0.03064333,8.275926,132.8175,62.84732,39.7242,1,214.413,93.62016,"Kljun_et_al"
"2026-09-22 19:00:00",18,0.3679416,4,36000,0.3294935,1,36000,27.27577,1,36000,0.0398716,1,36000,-31.29697,1,36000,-1.147428,-0.1080906,4,0.3225289,0.09222095,1.353621,16.08582,66.6049,9.861659,1.22155,1.835079,16.1842,66.23621,3.325873,1.22195,1.846863,16.12614,69.19759,10.48125,1.272791,1.839749,9.533497,86.76279,0.624913,2.874302,1.14468,0,1.135052,-7.450581E-09,0.3295523,17.476,0.3301759,0,3.071576,2.871676,7.618091,3.195773,20.66384,356.8042,1535.71,59.44048,1894.147,59.83947,656.1232,3.736389,9.151127,0.2821401,0.9880289,0.9887217,274.1525,-4.596075,96.24197,-0.02361655,"NAN",0,21.21172,7.582359,0.03019367,7.209404,115.7012,54.74817,34.60493,1,214.413,94.40106,"Kljun_et_al"
"2026-09-22 19:30:00",19,2.441678,7,36000,0.7325909,6,36000,51.18365,6,36000,0.07475317,6,36000,-38.03012,6,36000,-0.743013,-0.05457187,3,0.2288094,0.157462,0.5707433,15.27171,70.42154,9.873394,1.223207,1.742867,15.25276,70.51169,6.224002,1.223123,1.740863,15.49582,70.49471,10.14385,1.244405,1.767899,9.34135,86.75697,0.5177402,0.7079355,0.6948204,0,0.8034101,0,0.1150794,16.54165,0.5951454,0,1.155141,0.7078565,2.882815,226.4642,50.40336,133.5358,1606.7,99.70579,1974.37,94.76593,676.6166,15.22425,9.190151,0.4530126,0.9903253,0.9921705,279.2364,-10.19706,103.7436,-0.03182418,"NAN",0,20.47755,7.523896,0.029726,2.515799,40.37518,19.10496,12.07576,1,214.413,97.90469,"Kljun_et_al"
"2026-09-22 20:00:00",20,0.02204646,8,36000,0.05879299,7,36000,-3.82269,7,36000,-0.005576417,7,36000,-9.334214,7,36000,2.441792,-0.01861396,7,0.1333469,0.06599788,0.2975269,13.90511,82.1973,10.9181,1.310459,1.594668,14.02289,81.64155,2.928118,1.310983,1.607285,14.11191,76.6862,10.08222,1.239298,1.61616,9.347651,86.78956,0.2963026,0.9845396,0.3128087,0,0.6968778,3.72529E-09,0.1075442,15.39865,0.4168648,0,1.204318,0.9836121,3.074064,190.9178,34.67537,169.0822,1673.179,64.57578,2002.321,69.70624,678.5184,8.885983,9.891582,0.1535134,0.9868248,0.9892212,284.5002,-15.68535,111.2453,-0.04006965,"NAN",0,19.80484,7.462888,0.02924433,6.009302,96.44121,45.63459,28.84447,1,214.413,95.2864,"Kljun_et_al"
"2026-09-22 20:30:00",21,-0.07400674,9,36000,0.1135505,9,36000,-0.7241096,9,36000,-0.001055213,9,36000,-5.218963,9,36000,7.20742,-0.002634714,9,0.05006672,0.09788754,0.08702885,12.78167,87.9669,10.83817,1.303405,1.482059,12.94015,87.11644,1.709491,1.304131,1.497723,12.95246,79.56463,9.505686,1.192274,1.498661,9.029393,86.8112,0.1935923,0.8434279,0.3213427,0,0.2591316,1.862645E-09,0.06039364,14.30321,0.3987466,0,0.888493,0.8429703,1.951133,137.3117,18.33463,222.6883,1876.734,151.0095,2239.625,177.4985,701.6478,7.395959,9.876936,0.06847682,0.9866158,0.9890488,290.0523,-21.03569,118.7474,-0.04798126,"NAN",0,19.14156,7.401337,0.02878767,13.74998,220.6687,104.4173,65.99951,1,214.413,89.69582,"Kljun_et_al"
"2026-09-22 21:00:00",22,0.223054,8,36000,0.01396911,8,35985,-0.2235667,8,35985,-0.0003257567,8,35985,1.166437,8,35985,-5.217401,-0.004297557,4,0.06396025,-0.01709792,0.08057016,13.06443,87.94602,14.28351,1.652982,1.509596,12.82083,111.5453,19.94773,1.651387,1.486111,13.15735,80.15339,9.815151,1.217273,1.51876,9.212174,86.86009,-0.1652757,0.7272963,0.232559,0,0.3246872,0,0.0404329,14.54789,0.2748279,0,0.8011631,0.7272887,1.445836,229.7264,24.59641,130.2736,1904.1,175.9717,2009.204,67.52015,602.949,105.1344,12.51433,2.007775,0.8027662,0.8234262,296.0101,-26.19075,126.2492,-0.05611366,"NAN",0,18.5374,7.351882,0.02833867,8.244619,103.7874,55.77551,37.42766,1,214.413,95.7587,"Kljun_et_al"
"2026-09-22 21:30:00",23,0.4887581,4,36000,-0.007458411,9,36000,15.27738,4,36000,0.02226557,4,36000,-6.228515,3,36000,-0.4076951,-0.006050011,5,0.07592447,0.07691778,0.142217,13.3325,"NAN",15.72413,1.794096,1.536342,13.05805,118.8842,6.595887,1.792372,1.509147,13.37613,80.65292,10.12101,1.242512,1.540705,9.395946,86.90377,-0.2832252,1.072439,0.4598686,0,0.2627708,2.328306E-10,0.06250159,14.93464,0.2461148,0,1.110865,1.072437,2.409343,230.7957,15.06547,129.2043,1943.487,111.161,1994.48,62.43745,537.7725,27.93728,13.56962,0.5322613,0.8415666,0.8582829,302.5044,-31.07755,133.7507,-0.06435997,"NAN",0,18.09657,7.301643,0.02797133,11.51949,184.8723,87.47892,55.29321,1,214.413,91.27824,"Kljun_et_al"
"2026-09-22 22:00:00",24,0.2235096,7,36000,0.2743642,7,36000,0.2440387,7,36000,0.0003557457,7,36000,-3.249716,7,36000,-13.31639,-0.004608633,7,0.06626195,0.04602521,0.250356,13.33415,98.95982,14.22969,1.62903,1.536373,13.28889,106.3703,4.14222,1.628749,1.53203,13.4396,80.93295,10.23503,1.251987,1.54696,9.465555,86.92164,-0.09671855,0.3302636,0.6479325,0,0.27882,-4.656613E-10,0.0561692,14.99384,0.2548158,0,0.6775758,0.3301913,1.871489,32.78496,57.99777,327.215,1847.037,50.34499,2010.112,57.67786,607.8407,26.83026,12.32068,0.3516449,0.9248192,0.9385191,309.6751,-35.60465,141.2526,-0.07241575,"NAN",0,17.74654,7.278114,0.02765467,4.064381,65.22784,30.86488,19.50891,1,214.413,96.73632,"Kljun_et_al"
"2026-09-22 22:30:00",25,0.1806707,9,36000,-0.0006498015,9,35985,13.02624,9,35985,0.01898733,9,35985,-3.874082,9,35985,-0.297406,-0.00144506,9,0.03709088,0.09799073,0.228394,13.20869,99.79722,13.58752,1.563409,1.524028,13.20218,102.7297,6.587548,1.563317,1.523697,13.28377,81.388,10.16596,1.246216,1.531414,9.427046,86.93182,-0.03961992,0.7549801,0.4673403,0,0.4851148,-3.72529E-09,0.05517756,14.83747,0.4097652,0,0.8944013,0.7535894,2.238517,330.6897,32.13945,29.3103,1926.177,142.3554,2105.572,101.2502,665.2324,43.78635,11.82947,0.5673401,0.7664995,0.7692174,317.6567,-39.6585,148.7547,-0.08040373,"NAN",0,17.42208,7.239559,0.02738133,16.61572,266.6599,126.1796,79.75496,1,214.413,87.69532,"Kljun_et_al"
"2026-09-22 23:00:00",26,0.13764,8,36000,0.2133296,8,36000,-1.196306,8,36000,-0.001742941,8,36000,-5.039139,8,36000,4.212249,-0.008263228,7,0.08867947,0.05319245,0.2557643,13.00068,"NAN",16.35715,1.867746,1.503342,12.71066,126.5474,5.141033,1.865829,1.475381,13.09065,81.24249,9.951784,1.228516,1.512171,9.299394,86.92818,-0.3904485,0.7581907,0.4227347,0,0.5732998,3.72529E-09,0.06443101,14.66198,0.3916233,0,0.9237948,0.7565256,2.46111,320.0922,34.46713,39.90784,2339.8,84.01115,2191.969,61.90316,530.7047,35.46767,14.14248,0.4465623,0.7245693,0.753564,326.5487,-43.10262,156.2565,-0.08865275,"NAN",0,17.13839,7.20275,0.027162,6.967701,111.8222,52.91267,33.44476,1,214.413,94.57879,"Kljun_et_al"
"2026-09-22 23:30:00",27,0.919816,7,36000,0.1545641,4,36000,7.383825,6,36000,0.01075151,6,36000,-8.27944,3,36000,-1.121294,-0.009298373,3,0.09392923,0.08235695,0.2231497,12.25708,"NAN",14.76696,1.686684,1.431713,12.10299,119.0039,5.034322,1.685748,1.417401,12.3606,83.8159,9.702793,1.208123,1.441497,9.168448,86.93522,-0.2683469,1.515962,0.44715,0,0.480711,-7.450581E-09,0.1235853,13.86047,0.2267553,0,1.595897,1.513748,2.752098,324.2521,18.37737,35.74789,2245.334,256.6549,2264.091,210.7079,626.1901,14.0604,12.80493,0.39223,0.7914797,0.7974313,336.37,-45.78392,163.7581,-0.09678382,"NAN",0,16.87042,7.203876,0.02696333,13.15814,211.1704,99.92281,63.15867,1,214.413,90.11328,"Kljun_et_al"
"2026-09-23 00:00:00",28,-3.531288,8,36000,0.03146392,8,36000,7.94832,8,36000,0.01157422,8,36000,-0.950601,8,36000,-0.1195977,-0.01824132,6,0.1315443,0.006755436,0.25158,12.25682,"NAN",13.58835,1.562149,1.431693,12.17141,109.7035,1.832494,1.561681,1.423771,12.34039,83.17297,9.568746,1.197302,1.439561,9.086964,86.93025,-0.13791,1.094948,0.310898,0,0.6340547,-3.72529E-09,0.06691023,13.79911,0.2421278,0,1.273505,1.094035,2.197769,24.3036,30.40744,335.6964,2300.46,410.3431,2471.32,461.2863,645.9988,10.31889,11.85941,0.163867,0.8600187,0.8656094,346.9998,-47.55064,171.2604,-0.104697,"NAN",0,16.59509,7.144632,0.02674767,6.699643,107.5202,50.87704,32.15809,1,214.413,94.77625,"Kljun_et_al"
"2026-09-23 00:30:00",29,0.450849,9,36000,0.1458079,9,36000,-2.992197,9,36000,-0.004358412,9,36000,-3.984293,9,36000,1.331561,-0.003540869,9,0.05797281,0.064321,0.1159807,12.37683,99.73859,12.64901,1.469225,1.443407,12.4645,101.3163,3.48331,1.469683,1.452196,12.47528,81.97524,9.483766,1.190519,1.452585,9.031157,86.93393,-0.01748645,1.083854,0.2842326,0,0.3872001,0,0.03534424,13.99713,0.5746064,0,1.158433,1.081479,1.953175,327.0898,20.87679,32.91022,2044.158,175.6207,2278.141,193.4281,641.3558,22.40901,11.14926,0.1979068,0.8984193,0.9046648,238.1409,-48.28272,58.76191,-0.112946,"NAN",0,16.28014,7.127347,0.02653367,15.25472,244.8177,115.8442,73.2222,1,214.413,88.64091,"Kljun_et_al"
"2026-09-23 01:00:00",30,-0.1990867,9,36000,0.2485079,9,36000,-1.83056,9,36000,-0.002663519,9,36000,-4.541892,9,36000,2.481148,-0.002514077,9,0.04873787,0.08689065,0.126849,11.36528,98.87686,11.19858,1.335634,1.350719,11.34168,99.1107,3.197417,1.33555,1.349509,11.5824,81.85366,8.590315,1.12122,1.37007,8.531776,86.93723,0.01395869,1.379432,0.3030441,0,0.3989913,-7.450581E-09,0.05165447,12.72811,0.8767761,0,1.434886,1.376949,2.347762,343.1903,16.27616,16.80966,2466.828,409.6892,2863.682,497.304,703.9713,37.79353,10.17103,0.3259408,0.9341801,0.9403397,9.362805,-47.9246,-173.7366,-0.1211348,"NAN",0,15.86086,7.1089,0.02625633,23.10097,370.7395,175.4286,110.884,1,214.413,83.30115,"Kljun_et_al"
"2026-09-23 01:30:00",31,0.00547648,9,36000,-0.03958303,8,36000,-1.924851,8,36000,-0.002799411,8,36000,4.574232,8,36000,-2.376408,-0.006926955,7,0.08081135,-0.05269092,0.5054331,10.59175,93.6983,10.14193,1.245416,1.283206,10.85429,95.65766,6.260492,1.246609,1.30628,10.73166,83.31725,8.01817,1.078455,1.294756,8.231053,86.94504,0.0596714,1.101114,0.7814894,0,0.6308337,-1.490116E-08,0.04678838,12.14539,0.7828233,0,1.378008,1.098454,2.382976,334.3473,36.48311,25.65271,2583.283,320.9213,3064.568,354.8165,724.6854,30.93128,9.510624,0.4409601,0.9497215,0.9541618,20.21137,-46.50356,-166.2342,-0.1290015,"NAN",0,15.39501,7.051651,0.025956,9.877987,124.3491,66.82537,44.84258,1,214.413,94.72514,"Kljun_et_al"
"2026-09-23 02:00:00",32,-0.2352409,8,36000,-0.1622086,8,36000,-1.060952,8,36000,-0.00154216,8,36000,-8.637374,8,36000,8.141151,-0.009830124,7,0.09613945,0.08346172,0.5823441,10.10475,92.21115,8.88154,1.143661,1.241682,10.28555,91.18997,4.747831,1.144427,1.257751,10.40415,82.85374,7.617466,1.049335,1.26663,8.018095,86.96362,0.1133232,0.7935797,0.9471223,0,0.5120739,3.72529E-09,0.07367479,11.46761,0.8056622,0,1.215875,0.7930456,2.430316,169.674,47.76647,190.326,2155.797,273.3911,2640.853,325.2126,764.4235,36.12476,8.74845,0.2945752,0.9714534,0.9675469,30.33378,-44.12215,-158.7326,-0.1372379,"NAN",0,14.93516,7.010395,0.02560933,6.730038,108.008,51.10786,32.30398,1,214.413,94.75384,"Kljun_et_al"
"2026-09-23 02:30:00",33,-1.302721,8,36000,-0.462455,8,36000,0.1626114,8,36000,0.0002361899,8,36000,1.076116,8,36000,6.617718,-0.02103783,7,0.1404279,-0.007097429,0.3336189,9.227316,96.88584,8.759197,1.133744,1.17011,9.50599,95.19022,1.166424,1.134876,1.192526,9.46383,84.86552,7.048092,1.008969,1.188905,7.735527,86.98898,0.05765045,1.158489,0.4723954,0,0.6642516,3.72529E-09,0.05338718,10.67459,0.3568206,0,1.35953,1.157838,2.314224,131.7251,31.19859,228.2749,2183.896,186.6415,2675.481,229.3824,772.8265,20.22183,8.699442,0.1033841,0.9808037,0.9833824,39.55099,-40.92488,-151.2311,-0.1454317,"NAN",0,14.50654,6.978316,0.025241,5.983834,75.32755,40.48112,27.1645,1,214.413,97.1282,"Kljun_et_al"
"2026-09-23 03:00:00",34,1.215154,8,36000,-0.05814452,8,36000,2.904154,8,36000,0.004217937,8,36000,4.938285,8,36000,1.700421,-0.01450372,4,0.1165736,-0.03921766,0.3270244,9.177027,97.37212,8.783607,1.13574,1.166244,9.433759,95.80825,1.312288,1.136802,1.187053,9.283517,85.72327,7.017633,1.006964,1.174591,7.725033,87.00429,0.05025101,1.003566,0.3577294,0,0.7235398,-1.862645E-09,0.0506811,10.60385,0.5251389,0,1.259914,1.003166,1.85286,42.55938,36.56522,317.4406,2014.397,106.4255,2465.277,132.5708,798.5076,17.18835,8.716256,0.16666,0.9803111,0.982719,47.84024,-37.06657,-143.7289,-0.1534409,"NAN",0,"NAN","NAN","NAN",6.242733,78.5867,42.23259,28.33981,1,214.413,96.97588,"Kljun_et_al"
"2026-09-23 03:30:00",35,0.1964484,8,36000,-0.05508114,8,36000,0.9123278,8,36000,0.001326073,8,36000,7.465528,8,36000,8.182944,-0.02223289,6,0.144545,-0.04793996,0.263367,9.922916,97.33455,9.517534,1.193264,1.226393,10.24452,95.37517,1.985967,1.194628,1.253278,9.963807,86.19221,7.765401,1.059821,1.229638,8.11095,87.01719,0.05865073,0.8368459,0.3342257,0,0.6431541,0,0.03714629,11.47777,0.4656333,0,1.0809,0.8358377,1.689381,16.09182,38.56829,343.9082,1918.697,73.29385,2320.12,87.2711,758.351,14.02914,9.13359,0.1127278,0.9799719,0.9823605,55.27914,-32.69138,-136.2269,-0.1615327,"NAN",0,"NAN","NAN","NAN",4.199027,52.85948,28.40675,19.0621,1,214.413,98.13795,"Kljun_et_al"
"2026-09-23 04:00:00",36,0.8205789,9,36000,0.3456512,9,36000,-9.451161,9,36000,-0.0137101,9,36000,-7.687437,9,36000,0.8133854,-0.006053071,9,0.07511611,0.0942869,0.1860719,8.157474,99.23376,8.157735,1.089886,1.090499,8.166235,99.96079,1.315953,1.089926,1.091067,8.538676,85.7662,6.293423,0.9597598,1.118997,7.380834,87.04118,0.001141667,1.224617,0.2634639,0,0.5483666,0,0.0449962,9.282524,1.029204,0,1.340609,1.223378,2.545162,280.6713,23.95274,79.32867,2269.637,190.7822,2797.065,241.8832,850.0799,44.51147,8.393256,0.4494471,0.977547,0.9801192,61.99488,-27.92103,-128.7254,-0.1697245,"NAN",0,13.33041,6.860196,0.02406633,13.30138,213.4692,101.0106,63.84621,1,214.413,90.01212,"Kljun_et_al"
"2026-09-23 04:30:00",37,0.2190971,8,36000,0.1519458,8,36000,-5.620113,8,36000,-0.008151921,8,36000,-6.234592,8,36000,1.109336,-0.01907808,4,0.1333135,0.0430631,0.3034488,7.78391,100.0218,7.930691,1.072023,1.061319,8.068164,99.17421,0.7790145,1.073131,1.082301,7.881407,87.33619,5.91013,0.933058,1.068264,7.193666,87.06065,0.009170651,0.9163476,0.5673907,0,0.5310482,0,0.05434356,9.166322,0.5351189,0,1.136884,0.915813,2.345828,30.91746,35.71849,329.0826,2307.729,142.1826,2851.567,176.4324,849.4164,22.50514,8.267916,0.215629,0.974416,0.9767335,68.12774,-22.85383,-121.2235,-0.1778094,"NAN",0,"NAN","NAN","NAN",5.58808,89.68117,42.43584,26.82262,1,214.413,95.59888,"Kljun_et_al"
"2026-09-23 05:00:00",38,-0.5962053,9,36000,-0.1160753,9,36000,0.2408795,9,36000,0.0003496776,9,36000,-0.3103536,9,36000,-1.288418,-0.002740152,7,0.05060006,0.005664322,0.3882574,8.459366,97.81171,8.142103,1.087459,1.111475,8.920694,95.04448,2.047014,1.089268,1.147109,9.008813,87.58204,7.058977,1.337611,1.527773,9.672197,87.0667,0.05784047,1.337769,0.4283079,0,0.7680698,-7.450581E-09,0.05599972,10.03878,0.6828765,0,1.530222,1.334177,2.890873,329.4491,28.9925,30.5509,2317.406,181.1922,2862.985,228.5015,792.2237,34.96219,8.366858,0.1848306,0.9789144,0.9811749,73.81208,-17.56902,-113.7215,-0.1858254,"NAN",0,12.6488,6.825003,0.02366833,21.47876,344.7051,163.1095,103.0974,1,214.413,84.38342,"Kljun_et_al"
"2026-09-23 05:30:00",39,7.805677,9,36000,1.098946,9,36000,-20.28148,9,36000,-0.02941624,9,36000,-34.13337,9,36000,1.682982,-0.0429672,9,0.2000095,0.1570893,0.4832498,7.833256,97.32656,7.443293,1.036909,1.065654,8.001815,96.36468,2.544805,1.037547,1.078181,8.04015,85.28862,5.722861,0.9213715,1.080321,7.099261,87.07612,0.04063344,0.3987773,0.8142748,0,0.5466198,2.328306E-10,0.06828576,9.062943,0.7975996,0,0.9817155,0.3987695,1.813623,172.9636,62.4175,187.0364,2248.28,286.8208,2806.508,365.379,796.0626,30.45989,7.995517,0.1888796,0.9795789,0.9821085,79.17043,-12.13,-106.22,-0.1940191,"NAN",0,12.35171,6.810699,0.023485,1.62313,26.04906,12.32604,7.790978,1,214.413,98.58349,"Kljun_et_al"
"2026-09-23 06:00:00",40,0.1969388,9,36000,0.101745,9,36000,-2.831491,9,36000,-0.004103698,9,36000,-2.529521,9,36000,0.893353,-0.003068931,9,0.05336718,0.04349611,0.1052866,6.986621,99.79224,7.064569,1.010516,1.005018,7.210602,99.08686,0.5735894,1.011349,1.020855,7.1354,86.89511,5.103122,0.8822593,1.0152,6.820083,87.1023,0.009505868,1.323903,0.3393427,0,0.3061811,0,0.04090089,8.241616,0.58026,0,1.364837,1.323401,2.063332,131.2912,14.11355,228.7088,2649.949,260.4958,3317.047,344.5628,860.0585,27.20517,7.815653,0.2389795,0.9598574,0.9655813,84.31441,-6.579581,-98.71824,-0.2022495,"NAN",0,12.07832,6.810027,0.023312,20.23862,324.8025,153.6919,97.14474,1,214.413,85.21825,"Kljun_et_al"
"2026-09-23 06:30:00",41,4.363472,8,36000,0.09978987,8,36000,-2.920451,8,36000,-0.004233846,8,36000,-1.723408,8,36000,0.5901172,-0.01336721,7,0.1114206,0.01420413,0.2659523,7.181902,99.70478,7.18916,1.018924,1.018378,7.512814,97.93462,1.143856,1.020148,1.041994,7.320323,87.47436,5.380664,0.8992647,1.027998,6.947095,87.13357,0.02184641,0.6579011,0.3835312,0,0.6179256,0,0.05455588,8.553546,0.4803098,0,0.9462663,0.6575184,1.815227,61.52822,44.7443,298.4718,2354.219,316.714,2943.472,404.791,855.8593,24.40899,7.875378,0.1573963,0.9788005,0.9810975,89.3462,-0.8009424,-91.21584,-0.2101199,33.81113,0.4,11.79873,6.785326,0.02312133,4.786714,76.8203,36.35027,22.97609,1,214.413,96.19551,"Kljun_et_al"
"2026-09-23 07:00:00",42,1.021819,9,36000,0.3180104,9,36000,-6.697163,9,36000,-0.00970466,9,36000,-7.360872,9,36000,1.099103,-0.006470812,9,0.07743881,0.08711115,0.08054597,6.902208,99.61875,6.967574,1.00425,0.9995236,7.039471,99.57176,1.248017,1.004796,1.009798,7.036223,87.36207,5.082662,0.8813183,1.008655,6.814953,87.16676,0.00500226,0.7569969,0.2310192,0,0.3269531,0,0.02870173,8.062454,0.8828108,0,0.834784,0.7556488,1.286367,299.8798,24.93921,60.12024,2436.668,253.8274,3054.472,339.9227,879.7463,48.16933,7.769219,0.3358108,0.977065,0.9790521,94.36237,4.695125,-83.71433,-0.2183158,10.02299,1,11.52213,6.763695,0.02295733,7.974667,127.9827,60.55957,38.27816,1,214.413,93.84026,"Kljun_et_al"
"2026-09-23 07:30:00",43,1.12898,9,36000,0.5545081,9,36000,4.283247,9,36000,0.006214809,9,36000,3.451381,9,36000,0.805786,-0.006626367,4,0.07855305,-0.04043233,0.09877075,9.065462,96.55921,8.540911,1.118684,1.161304,8.405631,100.6884,0.6178446,1.115982,1.10849,7.896927,88.09536,6.050691,0.943197,1.070478,7.270583,87.21284,-0.007492423,0.5545197,0.2647178,0,0.3443697,0,0.09420969,9.547412,0.9230421,0,0.6361597,0.5534426,1.825992,301.4705,29.20784,58.52951,2417.316,154.4096,2960.304,223.3297,861.6443,53.28514,8.586775,0.4555542,0.9829081,0.9854559,99.45959,10.15911,-76.21281,-0.2265587,4.839572,1,11.29199,6.764192,0.022755,5.117628,64.42329,34.62116,23.23223,1,214.413,97.62789,"Kljun_et_al"
"2026-09-23 08:00:00",44,0.3789943,7,36000,-0.06883565,7,36000,55.35495,7,36000,0.08049472,7,36000,28.45469,7,36000,0.5140405,-0.01326554,2,0.1116164,-0.2363919,0.1343179,11.76108,90.94109,10.32585,1.259895,1.385871,10.71312,97.13925,2.904921,1.255285,1.293304,10.12479,88.54555,8.320111,1.100744,1.243147,8.419214,87.23891,0.03801942,0.7744086,0.3240422,0,0.3739953,0,0.1541428,12.00821,0.5530088,0,0.8557142,0.7736868,2.138224,306.5635,25.07841,53.43652,2004.9,102.2608,2388.638,119.0348,763.7958,15.30854,9.58145,0.2148394,0.9831271,0.9860432,104.7378,15.59455,-68.71053,-0.2344768,3.19348,1,11.23623,6.757061,0.02264933,5.02941,63.31277,34.02436,22.83175,1,214.413,97.67783,"Kljun_et_al"
"2026-09-23 08:30:00",45,-0.8151231,7,36000,-0.3025879,7,36000,65.83784,7,36000,0.09590464,7,36000,26.3912,7,36000,0.4008515,-0.02803377,7,0.1627439,-0.1513129,0.567657,13.24036,79.57813,9.772258,1.214524,1.527625,12.52693,83.17223,3.948347,1.21151,1.458062,12.2383,79.81445,8.838504,1.139945,1.43161,8.654645,87.25618,0.246552,1.544802,0.8044969,0,0.6636425,-7.450581E-09,0.2183516,13.7843,0.5350131,0,1.713532,1.543385,3.665869,18.52308,25.52414,341.4769,1716.995,89.51861,2081.966,92.74162,713.9595,13.3394,9.188724,0.3441244,0.9838769,0.9867827,110.3036,20.90795,-61.20886,-0.2426107,2.409523,1,11.50965,6.770624,0.02269867,6.881588,86.62891,46.55449,31.23998,1,214.413,96.59441,"Kljun_et_al"
"2026-09-23 09:00:00",46,0.4615771,2,36000,-0.3535782,2,36000,117.5054,1,36000,0.1713368,1,36000,59.71073,1,36000,0.508153,-0.04274424,1,0.2012857,-0.2776954,0.4076994,14.43336,73.97485,9.840755,1.220295,1.650586,13.55808,78.00279,2.063539,1.21664,1.559587,13.60759,75.64236,9.388704,1.183035,1.564213,8.938933,87.28712,0.3429466,1.68742,0.6654854,0,0.5600941,-7.450581E-09,0.2425337,14.82502,0.5122642,0,1.783761,1.685474,4.285284,346.5308,19.01364,13.46921,1707.475,46.95466,2077.518,44.71187,703.6624,5.427365,9.194036,0.3820912,0.9897321,0.9920926,116.2749,26.03029,-53.70731,-0.250853,1.961014,1,12.13068,6.789685,0.02285533,6.077443,76.50594,41.11439,27.58945,1,214.413,97.07323,"Kljun_et_al"
"2026-09-23 09:30:00",47,-0.004633844,9,36000,-0.2535553,3,36000,116.8366,3,36000,0.1705191,3,36000,87.15898,3,36000,0.7459902,-0.01721923,7,0.1279567,-0.6396212,0.6101008,15.68309,68.75697,9.951538,1.229223,1.789071,14.52173,73.75225,1.745615,1.224362,1.661179,14.70189,72.78892,9.872571,1.222156,1.679213,9.199382,87.30824,0.4368167,0.4895216,0.8448319,0,0.6769473,2.328306E-10,0.219552,15.80077,0.7806813,0,1.077739,0.4895068,2.909817,73.53983,59.84151,286.4602,1678.451,26.56027,2044.83,22.44952,695.7838,4.640515,9.221145,0.3451048,0.9897217,0.9919477,122.7812,30.88521,-46.205,-0.2588484,1.677169,1,12.99392,6.8295,0.02316133,2.773159,34.90993,18.76064,12.58916,1,214.413,98.87759,"Kljun_et_al"
"2026-09-23 10:00:00",48,0.1242578,9,36000,-0.2031886,9,36000,114.8567,9,36000,0.167806,9,36000,101.8086,9,36000,0.8863966,-0.03250149,9,0.1761433,-0.5445511,0.6792488,16.46175,70.72559,11.1239,1.329342,1.879704,15.61976,74.39774,1.938035,1.325575,1.782949,15.53985,73.51991,10.82924,1.302956,1.772174,9.779055,87.33404,0.4573736,1.000959,0.7015129,0,0.9002811,3.72529E-09,0.2363708,17.01011,0.8258132,0,1.388346,0.9994219,3.643569,173.6437,42.87149,186.3563,1731.899,27.12842,2065.684,18.11526,691.7838,5.719303,9.94537,0.4004433,0.9829561,0.9807606,129.9582,35.37832,-38.70318,-0.2669064,1.487478,1,14.09236,6.8683,0.02338133,4.11934,51.85635,27.86767,18.70035,1,214.413,98.1811,"Kljun_et_al"
"2026-09-23 10:30:00",49,0.4975826,2,36000,-0.2316743,1,36000,145.1586,1,36000,0.2122399,1,36000,137.5475,1,36000,0.9475672,-0.03977481,4,0.1951053,-0.665925,0.5749436,17.45881,66.11333,11.05375,1.322907,2.002954,16.41816,70.35643,2.677599,1.318278,1.877066,16.42916,71.27489,11.21587,1.336674,1.876021,10.00137,87.35066,0.5587888,0.5907737,0.759156,0,0.7133962,4.656613E-10,0.2542344,17.80431,0.9651287,0,1.048844,0.5907487,3.273159,217.0461,53.53128,142.9539,1724.725,86.09402,2066.268,101.1539,685.0331,6.216877,9.863429,0.3443457,0.987806,0.9923923,137.9363,39.39553,-31.20166,-0.2751522,1.357171,1,15.40819,6.970492,0.02361167,2.194977,27.63148,14.84919,9.96442,1,214.413,99.15386,"Kljun_et_al"
"2026-09-23 11:00:00",50,0.3162278,6,36000,-0.03543037,2,35978,141.9753,2,35978,0.2078405,2,35978,124.5092,1,35978,0.8769781,-0.03604328,6,0.1861103,-0.6346682,0.5516353,18.44999,60.51008,10.657,1.288977,2.131164,17.69537,63.29972,3.38493,1.28573,2.03498,17.64626,67.67841,11.59741,1.370896,2.026114,10.21463,87.36337,0.7492502,0.9150305,0.6947401,0,0.7496428,9.313226E-10,0.2421621,19.05324,0.9216476,0,1.252895,0.9148966,3.485298,210.1083,42.0712,149.8917,1679.533,40.83484,2036.747,22.39287,671.3426,5.765709,9.577858,0.4474532,0.8843427,0.8432302,146.8109,42.80158,-23.69988,-0.28329,1.267833,1,16.92031,7.093455,0.02443767,3.564035,44.86587,24.11098,16.17946,1,214.413,98.47627,"Kljun_et_al"
"2026-09-22 10:00:00",0,-0.3105652,7,31042,0.0616741,7,31090,41.57174,5,31090,0.06066822,5,31090,6.64528,5,31090,0.1598509,-0.005654749,4,0.07352624,-0.08508847,0.1588173,14.48858,98.73091,14.69443,1.678524,1.656182,14.44753,101.6158,2.268484,1.678311,1.651632,14.21962,82.47877,11.28011,1.342278,1.627461,10.1206,86.98772,-0.02667832,0.6665345,0.3751025,0,0.4045247,-7.450581E-09,0.1152931,16.21055,0.1694267,0,0.7914716,0.6652737,1.752344,305.6226,32.34398,54.37744,1915.166,75.08691,1978.129,94.3073,606.9288,15.79312,12.64422,0.3025231,0.8348104,0.8354654,130.1305,35.95804,-38.25423,0.1215448,1.460367,0.8533334,14.87542,6.890176,0.02453047,6.571357,82.72357,44.45575,29.83164,1,214.413,96.78056,"Kljun_et_al"
"2026-09-22 10:30:00",1,0.77002,6,36000,0.0737134,8,36000,86.55573,3,36000,0.1263829,3,36000,37.42801,3,36000,0.4324151,-0.01166863,4,0.105716,-0.3340642,0.2180665,15.25005,92.61176,14.04917,1.610813,1.73983,14.99865,94.12105,5.337383,1.609452,1.712188,14.85627,81.60445,11.73992,1.383856,1.696081,10.41092,86.96971,0.1027358,0.8958322,0.4146616,0,0.4840397,0,0.1729001,16.69236,0.5138323,0,1.020375,0.8945118,2.577076,302.194,28.44813,57.806,1910.987,66.32037,2066.053,64.49485,634.4857,23.0664,12.10247,0.5272924,0.8780288,0.878351,137.585,39.68787,-31.28957,0.113988,1.342961,1,15.21307,6.985997,0.024818,6.142631,77.32655,41.55539,27.88537,1,214.413,97.03485,"Kljun_et_al"
"2026-09-22 11:00:00",2,-1.19593,7,36000,-0.2055778,7,36000,214.9717,7,36000,0.3144869,7,36000,141.0757,7,36000,0.6562521,-0.03610634,7,0.1865735,-0.7187536,0.4337706,17.98286,71.84338,12.79296,1.484534,2.071504,16.98607,76.1301,3.248498,1.47961,1.945641,16.75816,75.83313,12.46771,1.452044,1.916533,10.85202,86.94585,0.466031,0.3653246,0.5512204,0,0.7124933,-2.328306E-10,0.2367501,18.55354,0.9331312,0,0.8838391,0.3653027,2.690632,199.856,62.04232,160.144,1739.095,58.081,2014.857,44.58805,658.8571,5.691984,11.04864,0.5532535,0.9593243,0.9574316,146.4841,43.12048,-23.78733,0.1060485,1.254284,1,15.81753,7.021892,0.02514433,1.419394,17.86805,9.602315,6.443548,1,214.413,99.49439,"Kljun_et_al"
"2026-09-22 11:30:00",3,-0.364974,9,36000,-0.2578776,9,36000,157.3477,9,36000,0.230426,9,36000,99.48487,9,36000,0.6322613,-0.02180102,9,0.1452537,-0.6536366,0.6064317,18.65417,67.50675,12.50592,1.456994,2.158385,18.06345,69.86458,2.211062,1.454195,2.081848,17.9287,71.73904,12.75414,1.479475,2.062356,11.01289,86.92622,0.627653,1.524746,0.7511349,0,0.7666665,-3.72529E-09,0.2467429,19.60985,0.8286474,0,1.705142,1.524358,4.734976,186.2304,26.37452,173.7696,1651.705,34.37704,1938.575,21.96338,647.1637,5.50468,10.81861,0.5609014,0.9884542,0.990186,156.3093,45.79005,-16.28582,0.09785649,1.195764,1,17.21754,7.134176,0.02589767,7.609194,95.78841,51.47681,34.54306,1,214.413,96.15176,"Kljun_et_al"
"2026-09-22 12:00:00",4,0.03097201,9,36000,-0.1312832,9,36000,165.8151,9,36000,0.2429338,9,36000,107.0731,9,36000,0.6457379,-0.05979045,9,0.2407825,-0.4251325,0.818294,18.78834,68.20078,12.78736,1.483978,2.176766,18.52462,69.21758,2.219218,1.48281,2.143384,18.28304,71.7387,13.09392,1.51268,2.108849,11.2464,86.90649,0.6605741,2.280638,0.8824197,0,0.8814029,-7.450581E-09,0.284697,20.10456,0.9007114,0,2.434288,2.278363,6.132129,174.4449,20.50011,185.5551,1674.322,28.24055,1956.148,12.20656,656.3099,6.928654,11.01401,0.5456219,0.9935932,0.995824,166.9382,47.54548,-8.784225,0.08963012,1.161373,1,18.92446,7.27408,0.02690367,6.866576,86.43995,46.45294,31.17183,1,214.413,96.60356,"Kljun_et_al"
"2026-09-22 12:30:00",5,-0.06314886,9,36000,-0.2266186,9,36000,165.1865,9,36000,0.2421644,9,36000,121.9658,9,36000,0.7383522,-0.07240036,9,0.2652885,-0.4408184,0.875872,19.39048,62.47675,12.02355,1.411194,2.260493,19.17499,63.21648,1.918909,1.410322,2.232546,18.97214,68.6884,13.08959,1.512204,2.202092,11.21624,86.85695,0.822224,2.367589,0.7785835,0,1.03224,7.450581E-09,0.2829016,20.68138,0.9415301,0,2.565075,2.365131,5.848092,177.501,22.61464,182.499,1646.194,25.4882,1962.946,9.019481,663.5175,5.570465,10.45223,0.4946637,0.9963747,0.9980941,178.0765,48.26725,-1.281617,0.08176125,1.147558,1,20.55304,7.413488,0.02785933,6.470052,81.4483,43.77041,29.37175,1,214.413,96.84099,"Kljun_et_al"
"2026-09-22 13:00:00",6,-0.03478843,7,36000,-0.1636493,7,36000,98.23399,7,36000,0.1440281,7,36000,50.4122,7,36000,0.5131849,-0.03978597,7,0.1967254,-0.2458996,0.6642844,19.50562,61.20564,11.8306,1.392961,2.276243,19.29393,61.93957,1.373222,1.392035,2.247415,19.22263,67.5968,13.0846,1.511696,2.236388,11.20294,86.82703,0.8553793,2.208625,0.7527384,0,0.8387704,1.490116E-08,0.241698,20.78168,0.6161555,0,2.356992,2.206779,5.998022,166.0306,20.44842,193.9694,1634.802,21.44969,1958.415,7.166022,652.9834,3.691082,10.31304,0.4122115,0.9925508,0.9971255,189.2896,47.89967,6.219901,0.07357121,1.153796,1,22.09954,7.546983,0.028878,8.139131,102.4595,55.06187,36.94878,1,214.413,95.82437,"Kljun_et_al"
"2026-09-22 13:30:00",7,0.02976453,7,36000,-0.1681182,7,36000,174.8154,7,36000,0.2565406,7,36000,125.5737,7,36000,0.7183215,-0.05879294,7,0.2395775,-0.5048187,1.366065,20.56435,56.94972,11.72598,1.383865,2.430489,20.22763,58.0378,1.641783,1.382434,2.382994,20.10698,65.68417,13.48508,1.551755,2.362785,11.46511,86.78495,1.000559,1.936223,0.8910917,0,1.363939,-7.450581E-09,0.2788447,21.71058,0.9079024,0,2.360873,1.934495,5.623171,165.2688,34.42281,194.7312,1610.921,25.87942,1941.19,9.235955,645.2824,4.856841,10.20877,0.5031609,0.9230851,0.9469857,200.1252,46.47134,13.72144,0.06533155,1.180228,1,22.99844,7.633161,0.02960233,5.858808,73.75365,39.6353,26.59692,1,214.413,97.20132,"Kljun_et_al"
"2026-09-22 14:00:00",8,0.05225873,7,36000,-0.1451499,7,36000,116.1231,7,36000,0.1704439,7,36000,62.4178,7,36000,0.537514,-0.04053001,7,0.1989999,-0.3024315,0.6024533,20.8816,53.94899,11.20453,1.336911,2.478437,20.43422,55.34218,1.930424,1.334952,2.411916,20.48643,63.91381,13.4262,1.545844,2.41861,11.40671,86.75623,1.076965,1.356416,0.6787069,0,0.8355377,7.450581E-09,0.2148027,21.86729,0.5967329,0,1.583877,1.355512,3.97954,193.7398,30.75669,166.2602,1583.761,25.57428,1932.661,7.032992,644.4226,3.707971,9.851713,0.486792,0.9960179,0.997929,210.2356,44.08405,21.22372,0.05741411,1.229619,1,23.82273,7.72385,0.03031033,4.941351,62.20424,33.42864,22.43199,1,214.413,97.72745,"Kljun_et_al"
"2026-09-22 14:30:00",9,0.1056983,7,36000,-0.1773965,7,36000,106.0581,7,36000,0.1557046,7,36000,44.06321,7,36000,0.4154631,-0.01854708,7,0.1347109,-0.3158456,0.4688275,20.98322,53.12443,11.06454,1.324598,2.493818,20.66115,54.10407,2.262896,1.323206,2.445526,20.57897,63.58092,13.43357,1.546534,2.432411,11.40824,86.69926,1.12232,1.091961,0.4454167,0,0.8385677,0,0.1899029,22.08355,0.4952758,0,1.354296,1.091319,3.438462,196.814,35.69334,163.186,1576.862,28.09927,1932.625,9.072878,642.5488,4.140429,9.7577,0.4923718,0.9547874,0.9848524,219.4399,40.88261,28.72539,0.04928529,1.306231,1,24.36872,7.790005,0.030882,5.875991,73.96996,39.75154,26.67492,1,214.413,97.19138,"Kljun_et_al"
"2026-09-22 15:00:00",10,0.0263505,7,36000,-0.1632217,7,36000,118.5556,7,36000,0.1741666,7,36000,68.48051,7,36000,0.5776233,-0.01183269,7,0.1077227,-0.6153156,0.7628993,22.05685,49.31371,10.93624,1.313105,2.663453,21.34052,51.37,1.693933,1.310004,2.550675,21.27144,62.11191,13.72858,1.576514,2.538229,11.60204,86.69444,1.240671,1.029309,0.8235091,0,0.8969023,7.450581E-09,0.2078405,22.75199,0.695254,0,1.393334,1.028758,4.943904,169.1159,41.43346,190.8841,1562.728,23.29712,1926.056,7.621235,641.234,3.757724,9.637796,0.4447358,0.966225,0.9589635,227.7162,37.02224,36.22691,0.04104449,1.419842,1,24.39194,7.836561,0.031202,6.926317,87.19199,46.85709,31.44303,1,214.413,96.56741,"Kljun_et_al"
"2026-09-22 15:30:00",11,0.1325074,5,36000,-0.05738988,5,36000,80.9819,5,36000,0.118955,5,36000,24.79699,5,36000,0.3062041,-0.01438613,2,0.1187533,-0.2020592,0.3295036,21.93764,48.70988,10.62869,1.286643,2.645706,21.22665,50.71761,2.627468,1.28356,2.532058,21.39438,61.49717,13.69079,1.572698,2.557577,11.56909,86.68777,1.248498,0.5282095,0.4000145,0,0.6897022,9.313226E-10,0.1526642,22.60896,0.4723789,0,0.8956524,0.5281898,2.22656,214.4739,51.88261,145.5261,1552.953,27.62694,1925.778,9.735464,644.2604,2.739034,9.447438,0.4643825,0.9818305,0.9862911,235.1441,32.64614,43.72887,0.03298104,1.584679,1,24.55807,7.832283,0.03155733,3.224338,40.5896,21.8129,14.63736,1,214.413,98.65162,"Kljun_et_al"
"2026-09-22 16:00:00",12,0.0111637,9,36000,-0.04080047,9,36000,58.94282,9,36000,0.08658949,9,36000,37.66507,9,36000,0.6390103,-0.009528966,9,0.09668355,-0.3771288,0.4173358,22.12786,50.12357,11.19233,1.336458,2.677716,21.32087,52.41476,4.021681,1.33291,2.547613,21.31203,62.70398,13.90734,1.594922,2.545103,11.73597,86.67189,1.214702,0.7053908,0.520295,0,0.7349182,1.862645E-09,0.154467,22.75737,0.6442047,0,0.9710129,0.7050837,3.550139,185.918,42.38924,174.082,1579.113,45.79501,1935.561,21.89599,640.995,3.633987,9.807835,0.600782,0.9915679,0.9950041,241.8499,27.8763,51.23087,0.02499549,1.827817,1,24.36607,7.827455,0.03171333,5.288629,66.57594,35.778,24.00851,1,214.413,97.53053,"Kljun_et_al"
"2026-09-22 16:30:00",13,-0.02680487,7,36000,-0.07350137,7,36000,72.87341,7,36000,0.1070921,7,36000,37.84449,7,36000,0.5193182,-0.01790641,7,0.1325928,-0.2766706,0.4729819,22.5794,45.93121,10.32875,1.260877,2.752481,21.6883,48.30468,2.52525,1.257113,2.606113,21.76755,60.07723,13.68335,1.571962,2.616846,11.54895,86.6767,1.349,1.113569,0.623201,0,0.7238946,0,0.1831962,23.04426,0.7640414,0,1.348351,1.113078,3.841434,164.9016,33.83525,195.0984,1528.818,22.19073,1911.394,8.21977,641.7197,3.14519,9.238127,0.4008031,0.9963313,0.9984651,247.9725,22.81248,58.7326,0.01675531,2.20367,1,24.04178,7.824269,0.03166933,6.08803,76.63921,41.186,27.63751,1,214.413,97.06703,"Kljun_et_al"
"2026-09-22 17:00:00",14,0.06916225,8,36000,0.005413394,8,36000,45.04703,8,36000,0.0660978,8,36000,-8.944663,8,36000,-0.1985628,-0.02813576,1,0.1658083,0.05203076,0.2266115,20.41271,53.93126,10.73102,1.295046,2.410733,20.0951,54.93694,4.348761,1.29364,2.363601,20.40027,63.00317,13.11882,1.515172,2.407634,11.18333,86.63566,1.069961,2.070263,0.4851397,0,0.428135,-1.862645E-09,0.1859112,21.48374,0.8312779,0,2.115092,2.070178,4.155702,220.4843,11.80341,139.5157,1583.312,44.09361,1951.033,31.70848,647.476,4.251978,9.559086,0.3990329,0.8656239,0.8556792,253.6467,17.53624,66.23441,0.008619536,2.831695,1,23.91746,7.824436,0.03160533,10.12163,162.4385,76.86356,48.58351,1,214.413,92.28146,"Kljun_et_al"
"2026-09-22 17:30:00",15,0.4078107,3,36000,0.03444792,4,36000,51.55454,3,36000,0.0756378,3,36000,-17.39682,3,36000,-0.337445,-0.03471568,1,0.1841402,0.09109782,0.3975163,20.02022,54.08384,10.41847,1.269017,2.350478,19.97848,54.22638,4.244995,1.268826,2.34453,19.96398,63.26474,12.76848,1.480652,2.342256,10.94532,86.62873,1.075704,2.294809,0.7054055,0,0.4900661,0,0.2393134,21.33985,0.3908859,0,2.347303,2.29479,5.301264,241.6502,12.11526,118.3498,1572.544,48.85376,1946.598,28.87024,641.7965,2.899287,9.379531,0.5147867,0.9921115,0.9940937,258.9953,12.11755,73.73657,0.0007092247,4.051453,1,23.38892,7.777561,0.03139267,10.12461,162.4863,76.88619,48.59781,1,214.413,92.27928,"Kljun_et_al"
"2026-09-22 18:00:00",16,-0.4704288,8,36000,0.04970356,8,36000,9.642077,8,36000,0.01413336,8,36000,-4.864189,8,36000,-0.5044752,-0.01064539,4,0.1017928,0.04590968,0.2795448,19.09838,58.54236,10.77501,1.298154,2.219641,19.02916,58.7961,2.745994,1.297832,2.210186,19.2589,64.97796,12.5142,1.456132,2.241989,10.78977,86.65758,0.9123535,1.332565,0.3691131,0,0.6375654,-3.72529E-09,0.1278886,20.41694,0.4224992,0,1.482743,1.331741,2.99739,287.5553,25.84896,72.4447,1607.409,44.75481,1968.765,44.15195,654.7517,6.880023,9.624752,0.2106398,0.9920761,0.9941061,264.1282,6.632092,81.2381,-0.007532998,7.243345,1,22.66671,7.71646,0.031055,10.65498,170.9981,80.91387,51.1436,1,214.413,91.89751,"Kljun_et_al"
"2026-09-22 18:30:00",17,1.110023,7,36000,0.5825212,5,36000,91.38975,5,36000,0.1337781,5,36000,-49.77094,5,36000,-0.544601,-0.3104969,5,0.5480919,0.08676539,4.022029,17.60815,59.97985,9.679328,1.211203,2.02363,17.62352,59.94803,6.240448,1.21125,2.025859,17.76567,65.52324,11.21073,1.338071,2.043466,9.964978,86.72906,0.8146093,5.631288,2.55908,0,1.089419,0,0.5552757,18.91104,0.938834,0,5.721687,5.623765,15.24699,337.2589,10.59651,22.74115,1641.84,172.5424,2040.384,187.5289,658.075,11.49391,9.025561,0.86847,0.9893422,0.9918825,269.148,1.210862,88.73962,-0.01577984,25.33997,0.75,21.95271,7.65402,0.03064333,8.275926,132.8175,62.84732,39.7242,1,214.413,93.62016,"Kljun_et_al"
"2026-09-22 19:00:00",18,0.3679416,4,36000,0.3294935,1,36000,27.27577,1,36000,0.0398716,1,36000,-31.29697,1,36000,-1.147428,-0.1080906,4,0.3225289,0.09222095,1.353621,16.08582,66.6049,9.861659,1.22155,1.835079,16.1842,66.23621,3.325873,1.22195,1.846863,16.12614,69.19759,10.48125,1.272791,1.839749,9.533497,86.76279,0.624913,2.874302,1.14468,0,1.135052,-7.450581E-09,0.3295523,17.476,0.3301759,0,3.071576,2.871676,7.618091,3.195773,20.66384,356.8042,1535.71,59.44048,1894.147,59.83947,656.1232,3.736389,9.151127,0.2821401,0.9880289,0.9887217,274.1525,-4.596075,96.24197,-0.02361655,"NAN",0,21.21172,7.582359,0.03019367,7.209404,115.7012,54.74817,34.60493,1,214.413,94.40106,"Kljun_et_al"
"2026-09-22 19:30:00",19,2.441678,7,36000,0.7325909,6,36000,51.18365,6,36000,0.07475317,6,36000,-38.03012,6,36000,-0.743013,-0.05457187,3,0.2288094,0.157462,0.5707433,15.27171,70.42154,9.873394,1.223207,1.742867,15.25276,70.51169,6.224002,1.223123,1.740863,15.49582,70.49471,10.14385,1.244405,1.767899,9.34135,86.75697,0.5177402,0.7079355,0.6948204,0,0.8034101,0,0.1150794,16.54165,0.5951454,0,1.155141,0.7078565,2.882815,226.4642,50.40336,133.5358,1606.7,99.70579,1974.37,94.76593,676.6166,15.22425,9.190151,0.4530126,0.9903253,0.9921705,279.2364,-10.19706,103.7436,-0.03182418,"NAN",0,20.47755,7.523896,0.029726,2.515799,40.37518,19.10496,12.07576,1,214.413,97.90469,"Kljun_et_al"
"2026-09-22 20:00:00",20,0.02204646,8,36000,0.05879299,7,36000,-3.82269,7,36000,-0.005576417,7,36000,-9.334214,7,36000,2.441792,-0.01861396,7,0.1333469,0.06599788,0.2975269,13.90511,82.1973,10.9181,1.310459,1.594668,14.02289,81.64155,2.928118,1.310983,1.607285,14.11191,76.6862,10.08222,1.239298,1.61616,9.347651,86.78956,0.2963026,0.9845396,0.3128087,0,0.6968778,3.72529E-09,0.1075442,15.39865,0.4168648,0,1.204318,0.9836121,3.074064,190.9178,34.67537,169.0822,1673.179,64.57578,2002.321,69.70624,678.5184,8.885983,9.891582,0.1535134,0.9868248,0.9892212,284.5002,-15.68535,111.2453,-0.04006965,"NAN",0,19.80484,7.462888,0.02924433,6.009302,96.44121,45.63459,28.84447,1,214.413,95.2864,"Kljun_et_al"
"2026-09-22 20:30:00",21,-0.07400674,9,36000,0.1135505,9,36000,-0.7241096,9,36000,-0.001055213,9,36000,-5.218963,9,36000,7.20742,-0.002634714,9,0.05006672,0.09788754,0.08702885,12.78167,87.9669,10.83817,1.303405,1.482059,12.94015,87.11644,1.709491,1.304131,1.497723,12.95246,79.56463,9.505686,1.192274,1.498661,9.029393,86.8112,0.1935923,0.8434279,0.3213427,0,0.2591316,1.862645E-09,0.06039364,14.30321,0.3987466,0,0.888493,0.8429703,1.951133,137.3117,18.33463,222.6883,1876.734,151.0095,2239.625,177.4985,701.6478,7.395959,9.876936,0.06847682,0.9866158,0.9890488,290.0523,-21.03569,118.7474,-0.04798126,"NAN",0,19.14156,7.401337,0.02878767,13.74998,220.6687,104.4173,65.99951,1,214.413,89.69582,"Kljun_et_al"
"2026-09-22 21:00:00",22,0.223054,8,36000,0.01396911,8,35985,-0.2235667,8,35985,-0.0003257567,8,35985,1.166437,8,35985,-5.217401,-0.004297557,4,0.06396025,-0.01709792,0.08057016,13.06443,87.94602,14.28351,1.652982,1.509596,12.82083,111.5453,19.94773,1.651387,1.486111,13.15735,80.15339,9.815151,1.217273,1.51876,9.212174,86.86009,-0.1652757,0.7272963,0.232559,0,0.3246872,0,0.0404329,14.54789,0.2748279,0,0.8011631,0.7272887,1.445836,229.7264,24.59641,130.2736,1904.1,175.9717,2009.204,67.52015,602.949,105.1344,12.51433,2.007775,0.8027662,0.8234262,296.0101,-26.19075,126.2492,-0.05611366,"NAN",0,18.5374,7.351882,0.02833867,8.244619,103.7874,55.77551,37.42766,1,214.413,95.7587,"Kljun_et_al"
"2026-09-22 21:30:00",23,0.4887581,4,36000,-0.007458411,9,36000,15.27738,4,36000,0.02226557,4,36000,-6.228515,3,36000,-0.4076951,-0.006050011,5,0.07592447,0.07691778,0.142217,13.3325,"NAN",15.72413,1.794096,1.536342,13.05805,118.8842,6.595887,1.792372,1.509147,13.37613,80.65292,10.12101,1.242512,1.540705,9.395946,86.90377,-0.2832252,1.072439,0.4598686,0,0.2627708,2.328306E-10,0.06250159,14.93464,0.2461148,0,1.110865,1.072437,2.409343,230.7957,15.06547,129.2043,1943.487,111.161,1994.48,62.43745,537.7725,27.93728,13.56962,0.5322613,0.8415666,0.8582829,302.5044,-31.07755,133.7507,-0.06435997,"NAN",0,18.09657,7.301643,0.02797133,11.51949,184.8723,87.47892,55.29321,1,214.413,91.27824,"Kljun_et_al"
"2026-09-22 22:00:00",24,0.2235096,7,36000,0.2743642,7,36000,0.2440387,7,36000,0.0003557457,7,36000,-3.249716,7,36000,-13.31639,-0.004608633,7,0.06626195,0.04602521,0.250356,13.33415,98.95982,14.22969,1.62903,1.536373,13.28889,106.3703,4.14222,1.628749,1.53203,13.4396,80.93295,10.23503,1.251987,1.54696,9.465555,86.92164,-0.09671855,0.3302636,0.6479325,0,0.27882,-4.656613E-10,0.0561692,14.99384,0.2548158,0,0.6775758,0.3301913,1.871489,32.78496,57.99777,327.215,1847.037,50.34499,2010.112,57.67786,607.8407,26.83026,12.32068,0.3516449,0.9248192,0.9385191,309.6751,-35.60465,141.2526,-0.07241575,"NAN",0,17.74654,7.278114,0.02765467,4.064381,65.22784,30.86488,19.50891,1,214.413,96.73632,"Kljun_et_al"
"2026-09-22 22:30:00",25,0.1806707,9,36000,-0.0006498015,9,35985,13.02624,9,35985,0.01898733,9,35985,-3.874082,9,35985,-0.297406,-0.00144506,9,0.03709088,0.09799073,0.228394,13.20869,99.79722,13.58752,1.563409,1.524028,13.20218,102.7297,6.587548,1.563317,1.523697,13.28377,81.388,10.16596,1.246216,1.531414,9.427046,86.93182,-0.03961992,0.7549801,0.4673403,0,0.4851148,-3.72529E-09,0.05517756,14.83747,0.4097652,0,0.8944013,0.7535894,2.238517,330.6897,32.13945,29.3103,1926.177,142.3554,2105.572,101.2502,665.2324,43.78635,11.82947,0.5673401,0.7664995,0.7692174,317.6567,-39.6585,148.7547,-0.08040373,"NAN",0,17.42208,7.239559,0.02738133,16.61572,266.6599,126.1796,79.75496,1,214.413,87.69532,"Kljun_et_al"
"2026-09-22 23:00:00",26,0.13764,8,36000,0.2133296,8,36000,-1.196306,8,36000,-0.001742941,8,36000,-5.039139,8,36000,4.212249,-0.008263228,7,0.08867947,0.05319245,0.2557643,13.00068,"NAN",16.35715,1.867746,1.503342,12.71066,126.5474,5.141033,1.865829,1.475381,13.09065,81.24249,9.951784,1.228516,1.512171,9.299394,86.92818,-0.3904485,0.7581907,0.4227347,0,0.5732998,3.72529E-09,0.06443101,14.66198,0.3916233,0,0.9237948,0.7565256,2.46111,320.0922,34.46713,39.90784,2339.8,84.01115,2191.969,61.90316,530.7047,35.46767,14.14248,0.4465623,0.7245693,0.753564,326.5487,-43.10262,156.2565,-0.08865275,"NAN",0,17.13839,7.20275,0.027162,6.967701,111.8222,52.91267,33.44476,1,214.413,94.57879,"Kljun_et_al"
"2026-09-22 23:30:00",27,0.919816,7,36000,0.1545641,4,36000,7.383825,6,36000,0.01075151,6,36000,-8.27944,3,36000,-1.121294,-0.009298373,3,0.09392923,0.08235695,0.2231497,12.25708,"NAN",14.76696,1.686684,1.431713,12.10299,119.0039,5.034322,1.685748,1.417401,12.3606,83.8159,9.702793,1.208123,1.441497,9.168448,86.93522,-0.2683469,1.515962,0.44715,0,0.480711,-7.450581E-09,0.1235853,13.86047,0.2267553,0,1.595897,1.513748,2.752098,324.2521,18.37737,35.74789,2245.334,256.6549,2264.091,210.7079,626.1901,14.0604,12.80493,0.39223,0.7914797,0.7974313,336.37,-45.78392,163.7581,-0.09678382,"NAN",0,16.87042,7.203876,0.02696333,13.15814,211.1704,99.92281,63.15867,1,214.413,90.11328,"Kljun_et_al"
"2026-09-23 00:00:00",28,-3.531288,8,36000,0.03146392,8,36000,7.94832,8,36000,0.01157422,8,36000,-0.950601,8,36000,-0.1195977,-0.01824132,6,0.1315443,0.006755436,0.25158,12.25682,"NAN",13.58835,1.562149,1.431693,12.17141,109.7035,1.832494,1.561681,1.423771,12.34039,83.17297,9.568746,1.197302,1.439561,9.086964,86.93025,-0.13791,1.094948,0.310898,0,0.6340547,-3.72529E-09,0.06691023,13.79911,0.2421278,0,1.273505,1.094035,2.197769,24.3036,30.40744,335.6964,2300.46,410.3431,2471.32,461.2863,645.9988,10.31889,11.85941,0.163867,0.8600187,0.8656094,346.9998,-47.55064,171.2604,-0.104697,"NAN",0,16.59509,7.144632,0.02674767,6.699643,107.5202,50.87704,32.15809,1,214.413,94.77625,"Kljun_et_al"
"2026-09-23 00:30:00",29,0.450849,9,36000,0.1458079,9,36000,-2.992197,9,36000,-0.004358412,9,36000,-3.984293,9,36000,1.331561,-0.003540869,9,0.05797281,0.064321,0.1159807,12.37683,99.73859,12.64901,1.469225,1.443407,12.4645,101.3163,3.48331,1.469683,1.452196,12.47528,81.97524,9.483766,1.190519,1.452585,9.031157,86.93393,-0.01748645,1.083854,0.2842326,0,0.3872001,0,0.03534424,13.99713,0.5746064,0,1.158433,1.081479,1.953175,327.0898,20.87679,32.91022,2044.158,175.6207,2278.141,193.4281,641.3558,22.40901,11.14926,0.1979068,0.8984193,0.9046648,238.1409,-48.28272,58.76191,-0.112946,"NAN",0,16.28014,7.127347,0.02653367,15.25472,244.8177,115.8442,73.2222,1,214.413,88.64091,"Kljun_et_al"
"2026-09-23 01:00:00",30,-0.1990867,9,36000,0.2485079,9,36000,-1.83056,9,36000,-0.002663519,9,36000,-4.541892,9,36000,2.481148,-0.002514077,9,0.04873787,0.08689065,0.126849,11.36528,98.87686,11.19858,1.335634,1.350719,11.34168,99.1107,3.197417,1.33555,1.349509,11.5824,81.85366,8.590315,1.12122,1.37007,8.531776,86.93723,0.01395869,1.379432,0.3030441,0,0.3989913,-7.450581E-09,0.05165447,12.72811,0.8767761,0,1.434886,1.376949,2.347762,343.1903,16.27616,16.80966,2466.828,409.6892,2863.682,497.304,703.9713,37.79353,10.17103,0.3259408,0.9341801,0.9403397,9.362805,-47.9246,-173.7366,-0.1211348,"NAN",0,15.86086,7.1089,0.02625633,23.10097,370.7395,175.4286,110.884,1,214.413,83.30115,"Kljun_et_al"
"2026-09-23 01:30:00",31,0.00547648,9,36000,-0.03958303,8,36000,-1.924851,8,36000,-0.002799411,8,36000,4.574232,8,36000,-2.376408,-0.006926955,7,0.08081135,-0.05269092,0.5054331,10.59175,93.6983,10.14193,1.245416,1.283206,10.85429,95.65766,6.260492,1.246609,1.30628,10.73166,83.31725,8.01817,1.078455,1.294756,8.231053,86.94504,0.0596714,1.101114,0.7814894,0,0.6308337,-1.490116E-08,0.04678838,12.14539,0.7828233,0,1.378008,1.098454,2.382976,334.3473,36.48311,25.65271,2583.283,320.9213,3064.568,354.8165,724.6854,30.93128,9.510624,0.4409601,0.9497215,0.9541618,20.21137,-46.50356,-166.2342,-0.1290015,"NAN",0,15.39501,7.051651,0.025956,9.877987,124.3491,66.82537,44.84258,1,214.413,94.72514,"Kljun_et_al"
"2026-09-23 02:00:00",32,-0.2352409,8,36000,-0.1622086,8,36000,-1.060952,8,36000,-0.00154216,8,36000,-8.637374,8,36000,8.141151,-0.009830124,7,0.09613945,0.08346172,0.5823441,10.10475,92.21115,8.88154,1.143661,1.241682,10.28555,91.18997,4.747831,1.144427,1.257751,10.40415,82.85374,7.617466,1.049335,1.26663,8.018095,86.96362,0.1133232,0.7935797,0.9471223,0,0.5120739,3.72529E-09,0.07367479,11.46761,0.8056622,0,1.215875,0.7930456,2.430316,169.674,47.76647,190.326,2155.797,273.3911,2640.853,325.2126,764.4235,36.12476,8.74845,0.2945752,0.9714534,0.9675469,30.33378,-44.12215,-158.7326,-0.1372379,"NAN",0,14.93516,7.010395,0.02560933,6.730038,108.008,51.10786,32.30398,1,214.413,94.75384,"Kljun_et_al"
"2026-09-23 02:30:00",33,-1.302721,8,36000,-0.462455,8,36000,0.1626114,8,36000,0.0002361899,8,36000,1.076116,8,36000,6.617718,-0.02103783,7,0.1404279,-0.007097429,0.3336189,9.227316,96.88584,8.759197,1.133744,1.17011,9.50599,95.19022,1.166424,1.134876,1.192526,9.46383,84.86552,7.048092,1.008969,1.188905,7.735527,86.98898,0.05765045,1.158489,0.4723954,0,0.6642516,3.72529E-09,0.05338718,10.67459,0.3568206,0,1.35953,1.157838,2.314224,131.7251,31.19859,228.2749,2183.896,186.6415,2675.481,229.3824,772.8265,20.22183,8.699442,0.1033841,0.9808037,0.9833824,39.55099,-40.92488,-151.2311,-0.1454317,"NAN",0,14.50654,6.978316,0.025241,5.983834,75.32755,40.48112,27.1645,1,214.413,97.1282,"Kljun_et_al"
"2026-09-23 03:00:00",34,1.215154,8,36000,-0.05814452,8,36000,2.904154,8,36000,0.004217937,8,36000,4.938285,8,36000,1.700421,-0.01450372,4,0.1165736,-0.03921766,0.3270244,9.177027,97.37212,8.783607,1.13574,1.166244,9.433759,95.80825,1.312288,1.136802,1.187053,9.283517,85.72327,7.017633,1.006964,1.174591,7.725033,87.00429,0.05025101,1.003566,0.3577294,0,0.7235398,-1.862645E-09,0.0506811,10.60385,0.5251389,0,1.259914,1.003166,1.85286,42.55938,36.56522,317.4406,2014.397,106.4255,2465.277,132.5708,798.5076,17.18835,8.716256,0.16666,0.9803111,0.982719,47.84024,-37.06657,-143.7289,-0.1534409,"NAN",0,"NAN","NAN","NAN",6.242733,78.5867,42.23259,28.33981,1,214.413,96.97588,"Kljun_et_al"
"2026-09-23 03:30:00",35,0.1964484,8,36000,-0.05508114,8,36000,0.9123278,8,36000,0.001326073,8,36000,7.465528,8,36000,8.182944,-0.02223289,6,0.144545,-0.04793996,0.263367,9.922916,97.33455,9.517534,1.193264,1.226393,10.24452,95.37517,1.985967,1.194628,1.253278,9.963807,86.19221,7.765401,1.059821,1.229638,8.11095,87.01719,0.05865073,0.8368459,0.3342257,0,0.6431541,0,0.03714629,11.47777,0.4656333,0,1.0809,0.8358377,1.689381,16.09182,38.56829,343.9082,1918.697,73.29385,2320.12,87.2711,758.351,14.02914,9.13359,0.1127278,0.9799719,0.9823605,55.27914,-32.69138,-136.2269,-0.1615327,"NAN",0,"NAN","NAN","NAN",4.199027,52.85948,28.40675,19.0621,1,214.413,98.13795,"Kljun_et_al"
"2026-09-23 04:00:00",36,0.8205789,9,36000,0.3456512,9,36000,-9.451161,9,36000,-0.0137101,9,36000,-7.687437,9,36000,0.8133854,-0.006053071,9,0.07511611,0.0942869,0.1860719,8.157474,99.23376,8.157735,1.089886,1.090499,8.166235,99.96079,1.315953,1.089926,1.091067,8.538676,85.7662,6.293423,0.9597598,1.118997,7.380834,87.04118,0.001141667,1.224617,0.2634639,0,0.5483666,0,0.0449962,9.282524,1.029204,0,1.340609,1.223378,2.545162,280.6713,23.95274,79.32867,2269.637,190.7822,2797.065,241.8832,850.0799,44.51147,8.393256,0.4494471,0.977547,0.9801192,61.99488,-27.92103,-128.7254,-0.1697245,"NAN",0,13.33041,6.860196,0.02406633,13.30138,213.4692,101.0106,63.84621,1,214.413,90.01212,"Kljun_et_al"
"2026-09-23 04:30:00",37,0.2190971,8,36000,0.1519458,8,36000,-5.620113,8,36000,-0.008151921,8,36000,-6.234592,8,36000,1.109336,-0.01907808,4,0.1333135,0.0430631,0.3034488,7.78391,100.0218,7.930691,1.072023,1.061319,8.068164,99.17421,0.7790145,1.073131,1.082301,7.881407,87.33619,5.91013,0.933058,1.068264,7.193666,87.06065,0.009170651,0.9163476,0.5673907,0,0.5310482,0,0.05434356,9.166322,0.5351189,0,1.136884,0.915813,2.345828,30.91746,35.71849,329.0826,2307.729,142.1826,2851.567,176.4324,849.4164,22.50514,8.267916,0.215629,0.974416,0.9767335,68.12774,-22.85383,-121.2235,-0.1778094,"NAN",0,"NAN","NAN","NAN",5.58808,89.68117,42.43584,26.82262,1,214.413,95.59888,"Kljun_et_al"
"2026-09-23 05:00:00",38,-0.5962053,9,36000,-0.1160753,9,36000,0.2408795,9,36000,0.0003496776,9,36000,-0.3103536,9,36000,-1.288418,-0.002740152,7,0.05060006,0.005664322,0.3882574,8.459366,97.81171,8.142103,1.087459,1.111475,8.920694,95.04448,2.047014,1.089268,1.147109,9.008813,87.58204,7.058977,1.337611,1.527773,9.672197,87.0667,0.05784047,1.337769,0.4283079,0,0.7680698,-7.450581E-09,0.05599972,10.03878,0.6828765,0,1.530222,1.334177,2.890873,329.4491,28.9925,30.5509,2317.406,181.1922,2862.985,228.5015,792.2237,34.96219,8.366858,0.1848306,0.9789144,0.9811749,73.81208,-17.56902,-113.7215,-0.1858254,"NAN",0,12.6488,6.825003,0.02366833,21.47876,344.7051,163.1095,103.0974,1,214.413,84.38342,"Kljun_et_al"
"2026-09-23 05:30:00",39,7.805677,9,36000,1.098946,9,36000,-20.28148,9,36000,-0.02941624,9,36000,-34.13337,9,36000,1.682982,-0.0429672,9,0.2000095,0.1570893,0.4832498,7.833256,97.32656,7.443293,1.036909,1.065654,8.001815,96.36468,2.544805,1.037547,1.078181,8.04015,85.28862,5.722861,0.9213715,1.080321,7.099261,87.07612,0.04063344,0.3987773,0.8142748,0,0.5466198,2.328306E-10,0.06828576,9.062943,0.7975996,0,0.9817155,0.3987695,1.813623,172.9636,62.4175,187.0364,2248.28,286.8208,2806.508,365.379,796.0626,30.45989,7.995517,0.1888796,0.9795789,0.9821085,79.17043,-12.13,-106.22,-0.1940191,"NAN",0,12.35171,6.810699,0.023485,1.62313,26.04906,12.32604,7.790978,1,214.413,98.58349,"Kljun_et_al"
"2026-09-23 06:00:00",40,0.1969388,9,36000,0.101745,9,36000,-2.831491,9,36000,-0.004103698,9,36000,-2.529521,9,36000,0.893353,-0.003068931,9,0.05336718,0.04349611,0.1052866,6.986621,99.79224,7.064569,1.010516,1.005018,7.210602,99.08686,0.5735894,1.011349,1.020855,7.1354,86.89511,5.103122,0.8822593,1.0152,6.820083,87.1023,0.009505868,1.323903,0.3393427,0,0.3061811,0,0.04090089,8.241616,0.58026,0,1.364837,1.323401,2.063332,131.2912,14.11355,228.7088,2649.949,260.4958,3317.047,344.5628,860.0585,27.20517,7.815653,0.2389795,0.9598574,0.9655813,84.31441,-6.579581,-98.71824,-0.2022495,"NAN",0,12.07832,6.810027,0.023312,20.23862,324.8025,153.6919,97.14474,1,214.413,85.21825,"Kljun_et_al"
"2026-09-23 06:30:00",41,4.363472,8,36000,0.09978987,8,36000,-2.920451,8,36000,-0.004233846,8,36000,-1.723408,8,36000,0.5901172,-0.01336721,7,0.1114206,0.01420413,0.2659523,7.181902,99.70478,7.18916,1.018924,1.018378,7.512814,97.93462,1.143856,1.020148,1.041994,7.320323,87.47436,5.380664,0.8992647,1.027998,6.947095,87.13357,0.02184641,0.6579011,0.3835312,0,0.6179256,0,0.05455588,8.553546,0.4803098,0,0.9462663,0.6575184,1.815227,61.52822,44.7443,298.4718,2354.219,316.714,2943.472,404.791,855.8593,24.40899,7.875378,0.1573963,0.9788005,0.9810975,89.3462,-0.8009424,-91.21584,-0.2101199,33.81113,0.4,11.79873,6.785326,0.02312133,4.786714,76.8203,36.35027,22.97609,1,214.413,96.19551,"Kljun_et_al"
"2026-09-23 07:00:00",42,1.021819,9,36000,0.3180104,9,36000,-6.697163,9,36000,-0.00970466,9,36000,-7.360872,9,36000,1.099103,-0.006470812,9,0.07743881,0.08711115,0.08054597,6.902208,99.61875,6.967574,1.00425,0.9995236,7.039471,99.57176,1.248017,1.004796,1.009798,7.036223,87.36207,5.082662,0.8813183,1.008655,6.814953,87.16676,0.00500226,0.7569969,0.2310192,0,0.3269531,0,0.02870173,8.062454,0.8828108,0,0.834784,0.7556488,1.286367,299.8798,24.93921,60.12024,2436.668,253.8274,3054.472,339.9227,879.7463,48.16933,7.769219,0.3358108,0.977065,0.9790521,94.36237,4.695125,-83.71433,-0.2183158,10.02299,1,11.52213,6.763695,0.02295733,7.974667,127.9827,60.55957,38.27816,1,214.413,93.84026,"Kljun_et_al"
"2026-09-23 07:30:00",43,1.12898,9,36000,0.5545081,9,36000,4.283247,9,36000,0.006214809,9,36000,3.451381,9,36000,0.805786,-0.006626367,4,0.07855305,-0.04043233,0.09877075,9.065462,96.55921,8.540911,1.118684,1.161304,8.405631,100.6884,0.6178446,1.115982,1.10849,7.896927,88.09536,6.050691,0.943197,1.070478,7.270583,87.21284,-0.007492423,0.5545197,0.2647178,0,0.3443697,0,0.09420969,9.547412,0.9230421,0,0.6361597,0.5534426,1.825992,301.4705,29.20784,58.52951,2417.316,154.4096,2960.304,223.3297,861.6443,53.28514,8.586775,0.4555542,0.9829081,0.9854559,99.45959,10.15911,-76.21281,-0.2265587,4.839572,1,11.29199,6.764192,0.022755,5.117628,64.42329,34.62116,23.23223,1,214.413,97.62789,"Kljun_et_al"
"2026-09-23 08:00:00",44,0.3789943,7,36000,-0.06883565,7,36000,55.35495,7,36000,0.08049472,7,36000,28.45469,7,36000,0.5140405,-0.01326554,2,0.1116164,-0.2363919,0.1343179,11.76108,90.94109,10.32585,1.259895,1.385871,10.71312,97.13925,2.904921,1.255285,1.293304,10.12479,88.54555,8.320111,1.100744,1.243147,8.419214,87.23891,0.03801942,0.7744086,0.3240422,0,0.3739953,0,0.1541428,12.00821,0.5530088,0,0.8557142,0.7736868,2.138224,306.5635,25.07841,53.43652,2004.9,102.2608,2388.638,119.0348,763.7958,15.30854,9.58145,0.2148394,0.9831271,0.9860432,104.7378,15.59455,-68.71053,-0.2344768,3.19348,1,11.23623,6.757061,0.02264933,5.02941,63.31277,34.02436,22.83175,1,214.413,97.67783,"Kljun_et_al"
"2026-09-23 08:30:00",45,-0.8151231,7,36000,-0.3025879,7,36000,65.83784,7,36000,0.09590464,7,36000,26.3912,7,36000,0.4008515,-0.02803377,7,0.1627439,-0.1513129,0.567657,13.24036,79.57813,9.772258,1.214524,1.527625,12.52693,83.17223,3.948347,1.21151,1.458062,12.2383,79.81445,8.838504,1.139945,1.43161,8.654645,87.25618,0.246552,1.544802,0.8044969,0,0.6636425,-7.450581E-09,0.2183516,13.7843,0.5350131,0,1.713532,1.543385,3.665869,18.52308,25.52414,341.4769,1716.995,89.51861,2081.966,92.74162,713.9595,13.3394,9.188724,0.3441244,0.9838769,0.9867827,110.3036,20.90795,-61.20886,-0.2426107,2.409523,1,11.50965,6.770624,0.02269867,6.881588,86.62891,46.55449,31.23998,1,214.413,96.59441,"Kljun_et_al"
"2026-09-23 09:00:00",46,0.4615771,2,36000,-0.3535782,2,36000,117.5054,1,36000,0.1713368,1,36000,59.71073,1,36000,0.508153,-0.04274424,1,0.2012857,-0.2776954,0.4076994,14.43336,73.97485,9.840755,1.220295,1.650586,13.55808,78.00279,2.063539,1.21664,1.559587,13.60759,75.64236,9.388704,1.183035,1.564213,8.938933,87.28712,0.3429466,1.68742,0.6654854,0,0.5600941,-7.450581E-09,0.2425337,14.82502,0.5122642,0,1.783761,1.685474,4.285284,346.5308,19.01364,13.46921,1707.475,46.95466,2077.518,44.71187,703.6624,5.427365,9.194036,0.3820912,0.9897321,0.9920926,116.2749,26.03029,-53.70731,-0.250853,1.961014,1,12.13068,6.789685,0.02285533,6.077443,76.50594,41.11439,27.58945,1,214.413,97.07323,"Kljun_et_al"
"2026-09-23 09:30:00",47,-0.004633844,9,36000,-0.2535553,3,36000,116.8366,3,36000,0.1705191,3,36000,87.15898,3,36000,0.7459902,-0.01721923,7,0.1279567,-0.6396212,0.6101008,15.68309,68.75697,9.951538,1.229223,1.789071,14.52173,73.75225,1.745615,1.224362,1.661179,14.70189,72.78892,9.872571,1.222156,1.679213,9.199382,87.30824,0.4368167,0.4895216,0.8448319,0,0.6769473,2.328306E-10,0.219552,15.80077,0.7806813,0,1.077739,0.4895068,2.909817,73.53983,59.84151,286.4602,1678.451,26.56027,2044.83,22.44952,695.7838,4.640515,9.221145,0.3451048,0.9897217,0.9919477,122.7812,30.88521,-46.205,-0.2588484,1.677169,1,12.99392,6.8295,0.02316133,2.773159,34.90993,18.76064,12.58916,1,214.413,98.87759,"Kljun_et_al"
"2026-09-23 10:00:00",48,0.1242578,9,36000,-0.2031886,9,36000,114.8567,9,36000,0.167806,9,36000,101.8086,9,36000,0.8863966,-0.03250149,9,0.1761433,-0.5445511,0.6792488,16.46175,70.72559,11.1239,1.329342,1.879704,15.61976,74.39774,1.938035,1.325575,1.782949,15.53985,73.51991,10.82924,1.302956,1.772174,9.779055,87.33404,0.4573736,1.000959,0.7015129,0,0.9002811,3.72529E-09,0.2363708,17.01011,0.8258132,0,1.388346,0.9994219,3.643569,173.6437,42.87149,186.3563,1731.899,27.12842,2065.684,18.11526,691.7838,5.719303,9.94537,0.4004433,0.9829561,0.9807606,129.9582,35.37832,-38.70318,-0.2669064,1.487478,1,14.09236,6.8683,0.02338133,4.11934,51.85635,27.86767,18.70035,1,214.413,98.1811,"Kljun_et_al"
"2026-09-23 10:30:00",49,0.4975826,2,36000,-0.2316743,1,36000,145.1586,1,36000,0.2122399,1,36000,137.5475,1,36000,0.9475672,-0.03977481,4,0.1951053,-0.665925,0.5749436,17.45881,66.11333,11.05375,1.322907,2.002954,16.41816,70.35643,2.677599,1.318278,1.877066,16.42916,71.27489,11.21587,1.336674,1.876021,10.00137,87.35066,0.5587888,0.5907737,0.759156,0,0.7133962,4.656613E-10,0.2542344,17.80431,0.9651287,0,1.048844,0.5907487,3.273159,217.0461,53.53128,142.9539,1724.725,86.09402,2066.268,101.1539,685.0331,6.216877,9.863429,0.3443457,0.987806,0.9923923,137.9363,39.39553,-31.20166,-0.2751522,1.357171,1,15.40819,6.970492,0.02361167,2.194977,27.63148,14.84919,9.96442,1,214.413,99.15386,"Kljun_et_al"
"2026-09-23 11:00:00",50,0.3162278,6,36000,-0.03543037,2,35978,141.9753,2,35978,0.2078405,2,35978,124.5092,1,35978,0.8769781,-0.03604328,6,0.1861103,-0.6346682,0.5516353,18.44999,60.51008,10.657,1.288977,2.131164,17.69537,63.29972,3.38493,1.28573,2.03498,17.64626,67.67841,11.59741,1.370896,2.026114,10.21463,87.36337,0.7492502,0.9150305,0.6947401,0,0.7496428,9.313226E-10,0.2421621,19.05324,0.9216476,0,1.252895,0.9148966,3.485298,210.1083,42.0712,149.8917,1679.533,40.83484,2036.747,22.39287,671.3426,5.765709,9.577858,0.4474532,0.8843427,0.8432302,146.8109,42.80158,-23.69988,-0.28329,1.267833,1,16.92031,7.093455,0.02443767,3.564035,44.86587,24.11098,16.17946,1,214.413,98.47627,"Kljun_et_al"
"2026-09-23 11:30:00",51,0.1332164,6,36000,-0.1579813,1,36000,141.7193,1,36000,0.2077195,1,36000,167.4982,1,36000,1.181901,-0.02743384,1,0.1627144,-0.9809676,0.435844,19.79891,53.92594,10.19484,1.249615,2.31844,18.96543,56.62848,2.240872,1.246184,2.204372,18.9239,64.13033,11.99823,1.407751,2.195378,10.44321,87.3569,0.9581875,0.7912934,0.699619,0,0.5578719,4.656613E-10,0.2664585,20.28679,1.030769,0,1.04073,0.791268,3.173986,241.9121,39.65686,118.0879,1618.97,24.95296,1991.227,12.756,659.5244,4.108581,9.242512,0.3938189,0.9821478,0.9870009,156.5947,45.44533,-16.19772,-0.2912043,1.208758,1,18.54174,7.22318,0.025474,3.525157,44.37646,23.84797,16.00297,1,214.413,98.49654,"Kljun_et_al"
"2026-09-22 10:00:00",0,-0.3105652,7,31042,0.0616741,7,31090,41.57174,5,31090,0.06066822,5,31090,6.64528,5,31090,0.1598509,-0.005654749,4,0.07352624,-0.08508847,0.1588173,14.48858,98.73091,14.69443,1.678524,1.656182,14.44753,101.6158,2.268484,1.678311,1.651632,14.21962,82.47877,11.28011,1.342278,1.627461,10.1206,86.98772,-0.02667832,0.6665345,0.3751025,0,0.4045247,-7.450581E-09,0.1152931,16.21055,0.1694267,0,0.7914716,0.6652737,1.752344,305.6226,32.34398,54.37744,1915.166,75.08691,1978.129,94.3073,606.9288,15.79312,12.64422,0.3025231,0.8348104,0.8354654,130.1305,35.95804,-38.25423,0.1215448,1.460367,0.8533334,14.87542,6.890176,0.02453047,6.571357,82.72357,44.45575,29.83164,1,214.413,96.78056,"Kljun_et_al"
"2026-09-22 10:30:00",1,0.77002,6,36000,0.0737134,8,36000,86.55573,3,36000,0.1263829,3,36000,37.42801,3,36000,0.4324151,-0.01166863,4,0.105716,-0.3340642,0.2180665,15.25005,92.61176,14.04917,1.610813,1.73983,14.99865,94.12105,5.337383,1.609452,1.712188,14.85627,81.60445,11.73992,1.383856,1.696081,10.41092,86.96971,0.1027358,0.8958322,0.4146616,0,0.4840397,0,0.1729001,16.69236,0.5138323,0,1.020375,0.8945118,2.577076,302.194,28.44813,57.806,1910.987,66.32037,2066.053,64.49485,634.4857,23.0664,12.10247,0.5272924,0.8780288,0.878351,137.585,39.68787,-31.28957,0.113988,1.342961,1,15.21307,6.985997,0.024818,6.142631,77.32655,41.55539,27.88537,1,214.413,97.03485,"Kljun_et_al"
"2026-09-22 11:00:00",2,-1.19593,7,36000,-0.2055778,7,36000,214.9717,7,36000,0.3144869,7,36000,141.0757,7,36000,0.6562521,-0.03610634,7,0.1865735,-0.7187536,0.4337706,17.98286,71.84338,12.79296,1.484534,2.071504,16.98607,76.1301,3.248498,1.47961,1.945641,16.75816,75.83313,12.46771,1.452044,1.916533,10.85202,86.94585,0.466031,0.3653246,0.5512204,0,0.7124933,-2.328306E-10,0.2367501,18.55354,0.9331312,0,0.8838391,0.3653027,2.690632,199.856,62.04232,160.144,1739.095,58.081,2014.857,44.58805,658.8571,5.691984,11.04864,0.5532535,0.9593243,0.9574316,146.4841,43.12048,-23.78733,0.1060485,1.254284,1,15.81753,7.021892,0.02514433,1.419394,17.86805,9.602315,6.443548,1,214.413,99.49439,"Kljun_et_al"
"2026-09-22 11:30:00",3,-0.364974,9,36000,-0.2578776,9,36000,157.3477,9,36000,0.230426,9,36000,99.48487,9,36000,0.6322613,-0.02180102,9,0.1452537,-0.6536366,0.6064317,18.65417,67.50675,12.50592,1.456994,2.158385,18.06345,69.86458,2.211062,1.454195,2.081848,17.9287,71.73904,12.75414,1.479475,2.062356,11.01289,86.92622,0.627653,1.524746,0.7511349,0,0.7666665,-3.72529E-09,0.2467429,19.60985,0.8286474,0,1.705142,1.524358,4.734976,186.2304,26.37452,173.7696,1651.705,34.37704,1938.575,21.96338,647.1637,5.50468,10.81861,0.5609014,0.9884542,0.990186,156.3093,45.79005,-16.28582,0.09785649,1.195764,1,17.21754,7.134176,0.02589767,7.609194,95.78841,51.47681,34.54306,1,214.413,96.15176,"Kljun_et_al"
"2026-09-22 12:00:00",4,0.03097201,9,36000,-0.1312832,9,36000,165.8151,9,36000,0.2429338,9,36000,107.0731,9,36000,0.6457379,-0.05979045,9,0.2407825,-0.4251325,0.818294,18.78834,68.20078,12.78736,1.483978,2.176766,18.52462,69.21758,2.219218,1.48281,2.143384,18.28304,71.7387,13.09392,1.51268,2.108849,11.2464,86.90649,0.6605741,2.280638,0.8824197,0,0.8814029,-7.450581E-09,0.284697,20.10456,0.9007114,0,2.434288,2.278363,6.132129,174.4449,20.50011,185.5551,1674.322,28.24055,1956.148,12.20656,656.3099,6.928654,11.01401,0.5456219,0.9935932,0.995824,166.9382,47.54548,-8.784225,0.08963012,1.161373,1,18.92446,7.27408,0.02690367,6.866576,86.43995,46.45294,31.17183,1,214.413,96.60356,"Kljun_et_al"
"2026-09-22 12:30:00",5,-0.06314886,9,36000,-0.2266186,9,36000,165.1865,9,36000,0.2421644,9,36000,121.9658,9,36000,0.7383522,-0.07240036,9,0.2652885,-0.4408184,0.875872,19.39048,62.47675,12.02355,1.411194,2.260493,19.17499,63.21648,1.918909,1.410322,2.232546,18.97214,68.6884,13.08959,1.512204,2.202092,11.21624,86.85695,0.822224,2.367589,0.7785835,0,1.03224,7.450581E-09,0.2829016,20.68138,0.9415301,0,2.565075,2.365131,5.848092,177.501,22.61464,182.499,1646.194,25.4882,1962.946,9.019481,663.5175,5.570465,10.45223,0.4946637,0.9963747,0.9980941,178.0765,48.26725,-1.281617,0.08176125,1.147558,1,20.55304,7.413488,0.02785933,6.470052,81.4483,43.77041,29.37175,1,214.413,96.84099,"Kljun_et_al"
"2026-09-22 13:00:00",6,-0.03478843,7,36000,-0.1636493,7,36000,98.23399,7,36000,0.1440281,7,36000,50.4122,7,36000,0.5131849,-0.03978597,7,0.1967254,-0.2458996,0.6642844,19.50562,61.20564,11.8306,1.392961,2.276243,19.29393,61.93957,1.373222,1.392035,2.247415,19.22263,67.5968,13.0846,1.511696,2.236388,11.20294,86.82703,0.8553793,2.208625,0.7527384,0,0.8387704,1.490116E-08,0.241698,20.78168,0.6161555,0,2.356992,2.206779,5.998022,166.0306,20.44842,193.9694,1634.802,21.44969,1958.415,7.166022,652.9834,3.691082,10.31304,0.4122115,0.9925508,0.9971255,189.2896,47.89967,6.219901,0.07357121,1.153796,1,22.09954,7.546983,0.028878,8.139131,102.4595,55.06187,36.94878,1,214.413,95.82437,"Kljun_et_al"
"2026-09-22 13:30:00",7,0.02976453,7,36000,-0.1681182,7,36000,174.8154,7,36000,0.2565406,7,36000,125.5737,7,36000,0.7183215,-0.05879294,7,0.2395775,-0.5048187,1.366065,20.56435,56.94972,11.72598,1.383865,2.430489,20.22763,58.0378,1.641783,1.382434,2.382994,20.10698,65.68417,13.48508,1.551755,2.362785,11.46511,86.78495,1.000559,1.936223,0.8910917,0,1.363939,-7.450581E-09,0.2788447,21.71058,0.9079024,0,2.360873,1.934495,5.623171,165.2688,34.42281,194.7312,1610.921,25.87942,1941.19,9.235955,645.2824,4.856841,10.20877,0.5031609,0.9230851,0.9469857,200.1252,46.47134,13.72144,0.06533155,1.180228,1,22.99844,7.633161,0.02960233,5.858808,73.75365,39.6353,26.59692,1,214.413,97.20132,"Kljun_et_al"
"2026-09-22 14:00:00",8,0.05225873,7,36000,-0.1451499,7,36000,116.1231,7,36000,0.1704439,7,36000,62.4178,7,36000,0.537514,-0.04053001,7,0.1989999,-0.3024315,0.6024533,20.8816,53.94899,11.20453,1.336911,2.478437,20.43422,55.34218,1.930424,1.334952,2.411916,20.48643,63.91381,13.4262,1.545844,2.41861,11.40671,86.75623,1.076965,1.356416,0.6787069,0,0.8355377,7.450581E-09,0.2148027,21.86729,0.5967329,0,1.583877,1.355512,3.97954,193.7398,30.75669,166.2602,1583.761,25.57428,1932.661,7.032992,644.4226,3.707971,9.851713,0.486792,0.9960179,0.997929,210.2356,44.08405,21.22372,0.05741411,1.229619,1,23.82273,7.72385,0.03031033,4.941351,62.20424,33.42864,22.43199,1,214.413,97.72745,"Kljun_et_al"
"2026-09-22 14:30:00",9,0.1056983,7,36000,-0.1773965,7,36000,106.0581,7,36000,0.1557046,7,36000,44.06321,7,36000,0.4154631,-0.01854708,7,0.1347109,-0.3158456,0.4688275,20.98322,53.12443,11.06454,1.324598,2.493818,20.66115,54.10407,2.262896,1.323206,2.445526,20.57897,63.58092,13.43357,1.546534,2.432411,11.40824,86.69926,1.12232,1.091961,0.4454167,0,0.8385677,0,0.1899029,22.08355,0.4952758,0,1.354296,1.091319,3.438462,196.814,35.69334,163.186,1576.862,28.09927,1932.625,9.072878,642.5488,4.140429,9.7577,0.4923718,0.9547874,0.9848524,219.4399,40.88261,28.72539,0.04928529,1.306231,1,24.36872,7.790005,0.030882,5.875991,73.96996,39.75154,26.67492,1,214.413,97.19138,"Kljun_et_al"
"2026-09-22 15:00:00",10,0.0263505,7,36000,-0.1632217,7,36000,118.5556,7,36000,0.1741666,7,36000,68.48051,7,36000,0.5776233,-0.01183269,7,0.1077227,-0.6153156,0.7628993,22.05685,49.31371,10.93624,1.313105,2.663453,21.34052,51.37,1.693933,1.310004,2.550675,21.27144,62.11191,13.72858,1.576514,2.538229,11.60204,86.69444,1.240671,1.029309,0.8235091,0,0.8969023,7.450581E-09,0.2078405,22.75199,0.695254,0,1.393334,1.028758,4.943904,169.1159,41.43346,190.8841,1562.728,23.29712,1926.056,7.621235,641.234,3.757724,9.637796,0.4447358,0.966225,0.9589635,227.7162,37.02224,36.22691,0.04104449,1.419842,1,24.39194,7.836561,0.031202,6.926317,87.19199,46.85709,31.44303,1,214.413,96.56741,"Kljun_et_al"
"2026-09-22 15:30:00",11,0.1325074,5,36000,-0.05738988,5,36000,80.9819,5,36000,0.118955,5,36000,24.79699,5,36000,0.3062041,-0.01438613,2,0.1187533,-0.2020592,0.3295036,21.93764,48.70988,10.62869,1.286643,2.645706,21.22665,50.71761,2.627468,1.28356,2.532058,21.39438,61.49717,13.69079,1.572698,2.557577,11.56909,86.68777,1.248498,0.5282095,0.4000145,0,0.6897022,9.313226E-10,0.1526642,22.60896,0.4723789,0,0.8956524,0.5281898,2.22656,214.4739,51.88261,145.5261,1552.953,27.62694,1925.778,9.735464,644.2604,2.739034,9.447438,0.4643825,0.9818305,0.9862911,235.1441,32.64614,43.72887,0.03298104,1.584679,1,24.55807,7.832283,0.03155733,3.224338,40.5896,21.8129,14.63736,1,214.413,98.65162,"Kljun_et_al"
"2026-09-22 16:00:00",12,0.0111637,9,36000,-0.04080047,9,36000,58.94282,9,36000,0.08658949,9,36000,37.66507,9,36000,0.6390103,-0.009528966,9,0.09668355,-0.3771288,0.4173358,22.12786,50.12357,11.19233,1.336458,2.677716,21.32087,52.41476,4.021681,1.33291,2.547613,21.31203,62.70398,13.90734,1.594922,2.545103,11.73597,86.67189,1.214702,0.7053908,0.520295,0,0.7349182,1.862645E-09,0.154467,22.75737,0.6442047,0,0.9710129,0.7050837,3.550139,185.918,42.38924,174.082,1579.113,45.79501,1935.561,21.89599,640.995,3.633987,9.807835,0.600782,0.9915679,0.9950041,241.8499,27.8763,51.23087,0.02499549,1.827817,1,24.36607,7.827455,0.03171333,5.288629,66.57594,35.778,24.00851,1,214.413,97.53053,"Kljun_et_al"
"2026-09-22 16:30:00",13,-0.02680487,7,36000,-0.07350137,7,36000,72.87341,7,36000,0.1070921,7,36000,37.84449,7,36000,0.5193182,-0.01790641,7,0.1325928,-0.2766706,0.4729819,22.5794,45.93121,10.32875,1.260877,2.752481,21.6883,48.30468,2.52525,1.257113,2.606113,21.76755,60.07723,13.68335,1.571962,2.616846,11.54895,86.6767,1.349,1.113569,0.623201,0,0.7238946,0,0.1831962,23.04426,0.7640414,0,1.348351,1.113078,3.841434,164.9016,33.83525,195.0984,1528.818,22.19073,1911.394,8.21977,641.7197,3.14519,9.238127,0.4008031,0.9963313,0.9984651,247.9725,22.81248,58.7326,0.01675531,2.20367,1,24.04178,7.824269,0.03166933,6.08803,76.63921,41.186,27.63751,1,214.413,97.06703,"Kljun_et_al"
"2026-09-22 17:00:00",14,0.06916225,8,36000,0.005413394,8,36000,45.04703,8,36000,0.0660978,8,36000,-8.944663,8,36000,-0.1985628,-0.02813576,1,0.1658083,0.05203076,0.2266115,20.41271,53.93126,10.73102,1.295046,2.410733,20.0951,54.93694,4.348761,1.29364,2.363601,20.40027,63.00317,13.11882,1.515172,2.407634,11.18333,86.63566,1.069961,2.070263,0.4851397,0,0.428135,-1.862645E-09,0.1859112,21.48374,0.8312779,0,2.115092,2.070178,4.155702,220.4843,11.80341,139.5157,1583.312,44.09361,1951.033,31.70848,647.476,4.251978,9.559086,0.3990329,0.8656239,0.8556792,253.6467,17.53624,66.23441,0.008619536,2.831695,1,23.91746,7.824436,0.03160533,10.12163,162.4385,76.86356,48.58351,1,214.413,92.28146,"Kljun_et_al"
"2026-09-22 17:30:00",15,0.4078107,3,36000,0.03444792,4,36000,51.55454,3,36000,0.0756378,3,36000,-17.39682,3,36000,-0.337445,-0.03471568,1,0.1841402,0.09109782,0.3975163,20.02022,54.08384,10.41847,1.269017,2.350478,19.97848,54.22638,4.244995,1.268826,2.34453,19.96398,63.26474,12.76848,1.480652,2.342256,10.94532,86.62873,1.075704,2.294809,0.7054055,0,0.4900661,0,0.2393134,21.33985,0.3908859,0,2.347303,2.29479,5.301264,241.6502,12.11526,118.3498,1572.544,48.85376,1946.598,28.87024,641.7965,2.899287,9.379531,0.5147867,0.9921115,0.9940937,258.9953,12.11755,73.73657,0.0007092247,4.051453,1,23.38892,7.777561,0.03139267,10.12461,162.4863,76.88619,48.59781,1,214.413,92.27928,"Kljun_et_al"
"2026-09-22 18:00:00",16,-0.4704288,8,36000,0.04970356,8,36000,9.642077,8,36000,0.01413336,8,36000,-4.864189,8,36000,-0.5044752,-0.01064539,4,0.1017928,0.04590968,0.2795448,19.09838,58.54236,10.77501,1.298154,2.219641,19.02916,58.7961,2.745994,1.297832,2.210186,19.2589,64.97796,12.5142,1.456132,2.241989,10.78977,86.65758,0.9123535,1.332565,0.3691131,0,0.6375654,-3.72529E-09,0.1278886,20.41694,0.4224992,0,1.482743,1.331741,2.99739,287.5553,25.84896,72.4447,1607.409,44.75481,1968.765,44.15195,654.7517,6.880023,9.624752,0.2106398,0.9920761,0.9941061,264.1282,6.632092,81.2381,-0.007532998,7.243345,1,22.66671,7.71646,0.031055,10.65498,170.9981,80.91387,51.1436,1,214.413,91.89751,"Kljun_et_al"
"2026-09-22 18:30:00",17,1.110023,7,36000,0.5825212,5,36000,91.38975,5,36000,0.1337781,5,36000,-49.77094,5,36000,-0.544601,-0.3104969,5,0.5480919,0.08676539,4.022029,17.60815,59.97985,9.679328,1.211203,2.02363,17.62352,59.94803,6.240448,1.21125,2.025859,17.76567,65.52324,11.21073,1.338071,2.043466,9.964978,86.72906,0.8146093,5.631288,2.55908,0,1.089419,0,0.5552757,18.91104,0.938834,0,5.721687,5.623765,15.24699,337.2589,10.59651,22.74115,1641.84,172.5424,2040.384,187.5289,658.075,11.49391,9.025561,0.86847,0.9893422,0.9918825,269.148,1.210862,88.73962,-0.01577984,25.33997,0.75,21.95271,7.65402,0.03064333,8.275926,132.8175,62.84732,39.7242,1,214.413,93.62016,"Kljun_et_al"
"2026-09-22 19:00:00",18,0.3679416,4,36000,0.3294935,1,36000,27.27577,1,36000,0.0398716,1,36000,-31.29697,1,36000,-1.147428,-0.1080906,4,0.3225289,0.09222095,1.353621,16.08582,66.6049,9.861659,1.22155,1.835079,16.1842,66.23621,3.325873,1.22195,1.846863,16.12614,69.19759,10.48125,1.272791,1.839749,9.533497,86.76279,0.624913,2.874302,1.14468,0,1.135052,-7.450581E-09,0.3295523,17.476,0.3301759,0,3.071576,2.871676,7.618091,3.195773,20.66384,356.8042,1535.71,59.44048,1894.147,59.83947,656.1232,3.736389,9.151127,0.2821401,0.9880289,0.9887217,274.1525,-4.596075,96.24197,-0.02361655,"NAN",0,21.21172,7.582359,0.03019367,7.209404,115.7012,54.74817,34.60493,1,214.413,94.40106,"Kljun_et_al"
"2026-09-22 19:30:00",19,2.441678,7,36000,0.7325909,6,36000,51.18365,6,36000,0.07475317,6,36000,-38.03012,6,36000,-0.743013,-0.05457187,3,0.2288094,0.157462,0.5707433,15.27171,70.42154,9.873394,1.223207,1.742867,15.25276,70.51169,6.224002,1.223123,1.740863,15.49582,70.49471,10.14385,1.244405,1.767899,9.34135,86.75697,0.5177402,0.7079355,0.6948204,0,0.8034101,0,0.1150794,16.54165,0.5951454,0,1.155141,0.7078565,2.882815,226.4642,50.40336,133.5358,1606.7,99.70579,1974.37,94.76593,676.6166,15.22425,9.190151,0.4530126,0.9903253,0.9921705,279.2364,-10.19706,103.7436,-0.03182418,"NAN",0,20.47755,7.523896,0.029726,2.515799,40.37518,19.10496,12.07576,1,214.413,97.90469,"Kljun_et_al"
"2026-09-22 20:00:00",20,0.02204646,8,36000,0.05879299,7,36000,-3.82269,7,36000,-0.005576417,7,36000,-9.334214,7,36000,2.441792,-0.01861396,7,0.1333469,0.06599788,0.2975269,13.90511,82.1973,10.9181,1.310459,1.594668,14.02289,81.64155,2.928118,1.310983,1.607285,14.11191,76.6862,10.08222,1.239298,1.61616,9.347651,86.78956,0.2963026,0.9845396,0.3128087,0,0.6968778,3.72529E-09,0.1075442,15.39865,0.4168648,0,1.204318,0.9836121,3.074064,190.9178,34.67537,169.0822,1673.179,64.57578,2002.321,69.70624,678.5184,8.885983,9.891582,0.1535134,0.9868248,0.9892212,284.5002,-15.68535,111.2453,-0.04006965,"NAN",0,19.80484,7.462888,0.02924433,6.009302,96.44121,45.63459,28.84447,1,214.413,95.2864,"Kljun_et_al"
"2026-09-22 20:30:00",21,-0.07400674,9,36000,0.1135505,9,36000,-0.7241096,9,36000,-0.001055213,9,36000,-5.218963,9,36000,7.20742,-0.002634714,9,0.05006672,0.09788754,0.08702885,12.78167,87.9669,10.83817,1.303405,1.482059,12.94015,87.11644,1.709491,1.304131,1.497723,12.95246,79.56463,9.505686,1.192274,1.498661,9.029393,86.8112,0.1935923,0.8434279,0.3213427,0,0.2591316,1.862645E-09,0.06039364,14.30321,0.3987466,0,0.888493,0.8429703,1.951133,137.3117,18.33463,222.6883,1876.734,151.0095,2239.625,177.4985,701.6478,7.395959,9.876936,0.06847682,0.9866158,0.9890488,290.0523,-21.03569,118.7474,-0.04798126,"NAN",0,19.14156,7.401337,0.02878767,13.74998,220.6687,104.4173,65.99951,1,214.413,89.69582,"Kljun_et_al"
"2026-09-22 21:00:00",22,0.223054,8,36000,0.01396911,8,35985,-0.2235667,8,35985,-0.0003257567,8,35985,1.166437,8,35985,-5.217401,-0.004297557,4,0.06396025,-0.01709792,0.08057016,13.06443,87.94602,14.28351,1.652982,1.509596,12.82083,111.5453,19.94773,1.651387,1.486111,13.15735,80.15339,9.815151,1.217273,1.51876,9.212174,86.86009,-0.1652757,0.7272963,0.232559,0,0.3246872,0,0.0404329,14.54789,0.2748279,0,0.8011631,0.7272887,1.445836,229.7264,24.59641,130.2736,1904.1,175.9717,2009.204,67.52015,602.949,105.1344,12.51433,2.007775,0.8027662,0.8234262,296.0101,-26.19075,126.2492,-0.05611366,"NAN",0,18.5374,7.351882,0.02833867,8.244619,103.7874,55.77551,37.42766,1,214.413,95.7587,"Kljun_et_al"
"2026-09-22 21:30:00",23,0.4887581,4,36000,-0.007458411,9,36000,15.27738,4,36000,0.02226557,4,36000,-6.228515,3,36000,-0.4076951,-0.006050011,5,0.07592447,0.07691778,0.142217,13.3325,"NAN",15.72413,1.794096,1.536342,13.05805,118.8842,6.595887,1.792372,1.509147,13.37613,80.65292,10.12101,1.242512,1.540705,9.395946,86.90377,-0.2832252,1.072439,0.4598686,0,0.2627708,2.328306E-10,0.06250159,14.93464,0.2461148,0,1.110865,1.072437,2.409343,230.7957,15.06547,129.2043,1943.487,111.161,1994.48,62.43745,537.7725,27.93728,13.56962,0.5322613,0.8415666,0.8582829,302.5044,-31.07755,133.7507,-0.06435997,"NAN",0,18.09657,7.301643,0.02797133,11.51949,184.8723,87.47892,55.29321,1,214.413,91.27824,"Kljun_et_al"
"2026-09-22 22:00:00",24,0.2235096,7,36000,0.2743642,7,36000,0.2440387,7,36000,0.0003557457,7,36000,-3.249716,7,36000,-13.31639,-0.004608633,7,0.06626195,0.04602521,0.250356,13.33415,98.95982,14.22969,1.62903,1.536373,13.28889,106.3703,4.14222,1.628749,1.53203,13.4396,80.93295,10.23503,1.251987,1.54696,9.465555,86.92164,-0.09671855,0.3302636,0.6479325,0,0.27882,-4.656613E-10,0.0561692,14.99384,0.2548158,0,0.6775758,0.3301913,1.871489,32.78496,57.99777,327.215,1847.037,50.34499,2010.112,57.67786,607.8407,26.83026,12.32068,0.3516449,0.9248192,0.9385191,309.6751,-35.60465,141.2526,-0.07241575,"NAN",0,17.74654,7.278114,0.02765467,4.064381,65.22784,30.86488,19.50891,1,214.413,96.73632,"Kljun_et_al"
"2026-09-22 22:30:00",25,0.1806707,9,36000,-0.0006498015,9,35985,13.02624,9,35985,0.01898733,9,35985,-3.874082,9,35985,-0.297406,-0.00144506,9,0.03709088,0.09799073,0.228394,13.20869,99.79722,13.58752,1.563409,1.524028,13.20218,102.7297,6.587548,1.563317,1.523697,13.28377,81.388,10.16596,1.246216,1.531414,9.427046,86.93182,-0.03961992,0.7549801,0.4673403,0,0.4851148,-3.72529E-09,0.05517756,14.83747,0.4097652,0,0.8944013,0.7535894,2.238517,330.6897,32.13945,29.3103,1926.177,142.3554,2105.572,101.2502,665.2324,43.78635,11.82947,0.5673401,0.7664995,0.7692174,317.6567,-39.6585,148.7547,-0.08040373,"NAN",0,17.42208,7.239559,0.02738133,16.61572,266.6599,126.1796,79.75496,1,214.413,87.69532,"Kljun_et_al"
"2026-09-22 23:00:00",26,0.13764,8,36000,0.2133296,8,36000,-1.196306,8,36000,-0.001742941,8,36000,-5.039139,8,36000,4.212249,-0.008263228,7,0.08867947,0.05319245,0.2557643,13.00068,"NAN",16.35715,1.867746,1.503342,12.71066,126.5474,5.141033,1.865829,1.475381,13.09065,81.24249,9.951784,1.228516,1.512171,9.299394,86.92818,-0.3904485,0.7581907,0.4227347,0,0.5732998,3.72529E-09,0.06443101,14.66198,0.3916233,0,0.9237948,0.7565256,2.46111,320.0922,34.46713,39.90784,2339.8,84.01115,2191.969,61.90316,530.7047,35.46767,14.14248,0.4465623,0.7245693,0.753564,326.5487,-43.10262,156.2565,-0.08865275,"NAN",0,17.13839,7.20275,0.027162,6.967701,111.8222,52.91267,33.44476,1,214.413,94.57879,"Kljun_et_al"
"2026-09-22 23:30:00",27,0.919816,7,36000,0.1545641,4,36000,7.383825,6,36000,0.01075151,6,36000,-8.27944,3,36000,-1.121294,-0.009298373,3,0.09392923,0.08235695,0.2231497,12.25708,"NAN",14.76696,1.686684,1.431713,12.10299,119.0039,5.034322,1.685748,1.417401,12.3606,83.8159,9.702793,1.208123,1.441497,9.168448,86.93522,-0.2683469,1.515962,0.44715,0,0.480711,-7.450581E-09,0.1235853,13.86047,0.2267553,0,1.595897,1.513748,2.752098,324.2521,18.37737,35.74789,2245.334,256.6549,2264.091,210.7079,626.1901,14.0604,12.80493,0.39223,0.7914797,0.7974313,336.37,-45.78392,163.7581,-0.09678382,"NAN",0,16.87042,7.203876,0.02696333,13.15814,211.1704,99.92281,63.15867,1,214.413,90.11328,"Kljun_et_al"
"2026-09-23 00:00:00",28,-3.531288,8,36000,0.03146392,8,36000,7.94832,8,36000,0.01157422,8,36000,-0.950601,8,36000,-0.1195977,-0.01824132,6,0.1315443,0.006755436,0.25158,12.25682,"NAN",13.58835,1.562149,1.431693,12.17141,109.7035,1.832494,1.561681,1.423771,12.34039,83.17297,9.568746,1.197302,1.439561,9.086964,86.93025,-0.13791,1.094948,0.310898,0,0.6340547,-3.72529E-09,0.06691023,13.79911,0.2421278,0,1.273505,1.094035,2.197769,24.3036,30.40744,335.6964,2300.46,410.3431,2471.32,461.2863,645.9988,10.31889,11.85941,0.163867,0.8600187,0.8656094,346.9998,-47.55064,171.2604,-0.104697,"NAN",0,16.59509,7.144632,0.02674767,6.699643,107.5202,50.87704,32.15809,1,214.413,94.77625,"Kljun_et_al"
"2026-09-23 00:30:00",29,0.450849,9,36000,0.1458079,9,36000,-2.992197,9,36000,-0.004358412,9,36000,-3.984293,9,36000,1.331561,-0.003540869,9,0.05797281,0.064321,0.1159807,12.37683,99.73859,12.64901,1.469225,1.443407,12.4645,101.3163,3.48331,1.469683,1.452196,12.47528,81.97524,9.483766,1.190519,1.452585,9.031157,86.93393,-0.01748645,1.083854,0.2842326,0,0.3872001,0,0.03534424,13.99713,0.5746064,0,1.158433,1.081479,1.953175,327.0898,20.87679,32.91022,2044.158,175.6207,2278.141,193.4281,641.3558,22.40901,11.14926,0.1979068,0.8984193,0.9046648,238.1409,-48.28272,58.76191,-0.112946,"NAN",0,16.28014,7.127347,0.02653367,15.25472,244.8177,115.8442,73.2222,1,214.413,88.64091,"Kljun_et_al"
"2026-09-23 01:00:00",30,-0.1990867,9,36000,0.2485079,9,36000,-1.83056,9,36000,-0.002663519,9,36000,-4.541892,9,36000,2.481148,-0.002514077,9,0.04873787,0.08689065,0.126849,11.36528,98.87686,11.19858,1.335634,1.350719,11.34168,99.1107,3.197417,1.33555,1.349509,11.5824,81.85366,8.590315,1.12122,1.37007,8.531776,86.93723,0.01395869,1.379432,0.3030441,0,0.3989913,-7.450581E-09,0.05165447,12.72811,0.8767761,0,1.434886,1.376949,2.347762,343.1903,16.27616,16.80966,2466.828,409.6892,2863.682,497.304,703.9713,37.79353,10.17103,0.3259408,0.9341801,0.9403397,9.362805,-47.9246,-173.7366,-0.1211348,"NAN",0,15.86086,7.1089,0.02625633,23.10097,370.7395,175.4286,110.884,1,214.413,83.30115,"Kljun_et_al"
"2026-09-23 01:30:00",31,0.00547648,9,36000,-0.03958303,8,36000,-1.924851,8,36000,-0.002799411,8,36000,4.574232,8,36000,-2.376408,-0.006926955,7,0.08081135,-0.05269092,0.5054331,10.59175,93.6983,10.14193,1.245416,1.283206,10.85429,95.65766,6.260492,1.246609,1.30628,10.73166,83.31725,8.01817,1.078455,1.294756,8.231053,86.94504,0.0596714,1.101114,0.7814894,0,0.6308337,-1.490116E-08,0.04678838,12.14539,0.7828233,0,1.378008,1.098454,2.382976,334.3473,36.48311,25.65271,2583.283,320.9213,3064.568,354.8165,724.6854,30.93128,9.510624,0.4409601,0.9497215,0.9541618,20.21137,-46.50356,-166.2342,-0.1290015,"NAN",0,15.39501,7.051651,0.025956,9.877987,124.3491,66.82537,44.84258,1,214.413,94.72514,"Kljun_et_al"
"2026-09-23 02:00:00",32,-0.2352409,8,36000,-0.1622086,8,36000,-1.060952,8,36000,-0.00154216,8,36000,-8.637374,8,36000,8.141151,-0.009830124,7,0.09613945,0.08346172,0.5823441,10.10475,92.21115,8.88154,1.143661,1.241682,10.28555,91.18997,4.747831,1.144427,1.257751,10.40415,82.85374,7.617466,1.049335,1.26663,8.018095,86.96362,0.1133232,0.7935797,0.9471223,0,0.5120739,3.72529E-09,0.07367479,11.46761,0.8056622,0,1.215875,0.7930456,2.430316,169.674,47.76647,190.326,2155.797,273.3911,2640.853,325.2126,764.4235,36.12476,8.74845,0.2945752,0.9714534,0.9675469,30.33378,-44.12215,-158.7326,-0.1372379,"NAN",0,14.93516,7.010395,0.02560933,6.730038,108.008,51.10786,32.30398,1,214.413,94.75384,"Kljun_et_al"
"2026-09-23 02:30:00",33,-1.302721,8,36000,-0.462455,8,36000,0.1626114,8,36000,0.0002361899,8,36000,1.076116,8,36000,6.617718,-0.02103783,7,0.1404279,-0.007097429,0.3336189,9.227316,96.88584,8.759197,1.133744,1.17011,9.50599,95.19022,1.166424,1.134876,1.192526,9.46383,84.86552,7.048092,1.008969,1.188905,7.735527,86.98898,0.05765045,1.158489,0.4723954,0,0.6642516,3.72529E-09,0.05338718,10.67459,0.3568206,0,1.35953,1.157838,2.314224,131.7251,31.19859,228.2749,2183.896,186.6415,2675.481,229.3824,772.8265,20.22183,8.699442,0.1033841,0.9808037,0.9833824,39.55099,-40.92488,-151.2311,-0.1454317,"NAN",0,14.50654,6.978316,0.025241,5.983834,75.32755,40.48112,27.1645,1,214.413,97.1282,"Kljun_et_al"
"2026-09-23 03:00:00",34,1.215154,8,36000,-0.05814452,8,36000,2.904154,8,36000,0.004217937,8,36000,4.938285,8,36000,1.700421,-0.01450372,4,0.1165736,-0.03921766,0.3270244,9.177027,97.37212,8.783607,1.13574,1.166244,9.433759,95.80825,1.312288,1.136802,1.187053,9.283517,85.72327,7.017633,1.006964,1.174591,7.725033,87.00429,0.05025101,1.003566,0.3577294,0,0.7235398,-1.862645E-09,0.0506811,10.60385,0.5251389,0,1.259914,1.003166,1.85286,42.55938,36.56522,317.4406,2014.397,106.4255,2465.277,132.5708,798.5076,17.18835,8.716256,0.16666,0.9803111,0.982719,47.84024,-37.06657,-143.7289,-0.1534409,"NAN",0,"NAN","NAN","NAN",6.242733,78.5867,42.23259,28.33981,1,214.413,96.97588,"Kljun_et_al"
"2026-09-23 03:30:00",35,0.1964484,8,36000,-0.05508114,8,36000,0.9123278,8,36000,0.001326073,8,36000,7.465528,8,36000,8.182944,-0.02223289,6,0.144545,-0.04793996,0.263367,9.922916,97.33455,9.517534,1.193264,1.226393,10.24452,95.37517,1.985967,1.194628,1.253278,9.963807,86.19221,7.765401,1.059821,1.229638,8.11095,87.01719,0.05865073,0.8368459,0.3342257,0,0.6431541,0,0.03714629,11.47777,0.4656333,0,1.0809,0.8358377,1.689381,16.09182,38.56829,343.9082,1918.697,73.29385,2320.12,87.2711,758.351,14.02914,9.13359,0.1127278,0.9799719,0.9823605,55.27914,-32.69138,-136.2269,-0.1615327,"NAN",0,"NAN","NAN","NAN",4.199027,52.85948,28.40675,19.0621,1,214.413,98.13795,"Kljun_et_al"
"2026-09-23 04:00:00",36,0.8205789,9,36000,0.3456512,9,36000,-9.451161,9,36000,-0.0137101,9,36000,-7.687437,9,36000,0.8133854,-0.006053071,9,0.07511611,0.0942869,0.1860719,8.157474,99.23376,8.157735,1.089886,1.090499,8.166235,99.96079,1.315953,1.089926,1.091067,8.538676,85.7662,6.293423,0.9597598,1.118997,7.380834,87.04118,0.001141667,1.224617,0.2634639,0,0.5483666,0,0.0449962,9.282524,1.029204,0,1.340609,1.223378,2.545162,280.6713,23.95274,79.32867,2269.637,190.7822,2797.065,241.8832,850.0799,44.51147,8.393256,0.4494471,0.977547,0.9801192,61.99488,-27.92103,-128.7254,-0.1697245,"NAN",0,13.33041,6.860196,0.02406633,13.30138,213.4692,101.0106,63.84621,1,214.413,90.01212,"Kljun_et_al"
"2026-09-23 04:30:00",37,0.2190971,8,36000,0.1519458,8,36000,-5.620113,8,36000,-0.008151921,8,36000,-6.234592,8,36000,1.109336,-0.01907808,4,0.1333135,0.0430631,0.3034488,7.78391,100.0218,7.930691,1.072023,1.061319,8.068164,99.17421,0.7790145,1.073131,1.082301,7.881407,87.33619,5.91013,0.933058,1.068264,7.193666,87.06065,0.009170651,0.9163476,0.5673907,0,0.5310482,0,0.05434356,9.166322,0.5351189,0,1.136884,0.915813,2.345828,30.91746,35.71849,329.0826,2307.729,142.1826,2851.567,176.4324,849.4164,22.50514,8.267916,0.215629,0.974416,0.9767335,68.12774,-22.85383,-121.2235,-0.1778094,"NAN",0,"NAN","NAN","NAN",5.58808,89.68117,42.43584,26.82262,1,214.413,95.59888,"Kljun_et_al"
"2026-09-23 05:00:00",38,-0.5962053,9,36000,-0.1160753,9,36000,0.2408795,9,36000,0.0003496776,9,36000,-0.3103536,9,36000,-1.288418,-0.002740152,7,0.05060006,0.005664322,0.3882574,8.459366,97.81171,8.142103,1.087459,1.111475,8.920694,95.04448,2.047014,1.089268,1.147109,9.008813,87.58204,7.058977,1.337611,1.527773,9.672197,87.0667,0.05784047,1.337769,0.4283079,0,0.7680698,-7.450581E-09,0.05599972,10.03878,0.6828765,0,1.530222,1.334177,2.890873,329.4491,28.9925,30.5509,2317.406,181.1922,2862.985,228.5015,792.2237,34.96219,8.366858,0.1848306,0.9789144,0.9811749,73.81208,-17.56902,-113.7215,-0.1858254,"NAN",0,12.6488,6.825003,0.02366833,21.47876,344.7051,163.1095,103.0974,1,214.413,84.38342,"Kljun_et_al"
"2026-09-23 05:30:00",39,7.805677,9,36000,1.098946,9,36000,-20.28148,9,36000,-0.02941624,9,36000,-34.13337,9,36000,1.682982,-0.0429672,9,0.2000095,0.1570893,0.4832498,7.833256,97.32656,7.443293,1.036909,1.065654,8.001815,96.36468,2.544805,1.037547,1.078181,8.04015,85.28862,5.722861,0.9213715,1.080321,7.099261,87.07612,0.04063344,0.3987773,0.8142748,0,0.5466198,2.328306E-10,0.06828576,9.062943,0.7975996,0,0.9817155,0.3987695,1.813623,172.9636,62.4175,187.0364,2248.28,286.8208,2806.508,365.379,796.0626,30.45989,7.995517,0.1888796,0.9795789,0.9821085,79.17043,-12.13,-106.22,-0.1940191,"NAN",0,12.35171,6.810699,0.023485,1.62313,26.04906,12.32604,7.790978,1,214.413,98.58349,"Kljun_et_al"
"2026-09-23 06:00:00",40,0.1969388,9,36000,0.101745,9,36000,-2.831491,9,36000,-0.004103698,9,36000,-2.529521,9,36000,0.893353,-0.003068931,9,0.05336718,0.04349611,0.1052866,6.986621,99.79224,7.064569,1.010516,1.005018,7.210602,99.08686,0.5735894,1.011349,1.020855,7.1354,86.89511,5.103122,0.8822593,1.0152,6.820083,87.1023,0.009505868,1.323903,0.3393427,0,0.3061811,0,0.04090089,8.241616,0.58026,0,1.364837,1.323401,2.063332,131.2912,14.11355,228.7088,2649.949,260.4958,3317.047,344.5628,860.0585,27.20517,7.815653,0.2389795,0.9598574,0.9655813,84.31441,-6.579581,-98.71824,-0.2022495,"NAN",0,12.07832,6.810027,0.023312,20.23862,324.8025,153.6919,97.14474,1,214.413,85.21825,"Kljun_et_al"
"2026-09-23 06:30:00",41,4.363472,8,36000,0.09978987,8,36000,-2.920451,8,36000,-0.004233846,8,36000,-1.723408,8,36000,0.5901172,-0.01336721,7,0.1114206,0.01420413,0.2659523,7.181902,99.70478,7.18916,1.018924,1.018378,7.512814,97.93462,1.143856,1.020148,1.041994,7.320323,87.47436,5.380664,0.8992647,1.027998,6.947095,87.13357,0.02184641,0.6579011,0.3835312,0,0.6179256,0,0.05455588,8.553546,0.4803098,0,0.9462663,0.6575184,1.815227,61.52822,44.7443,298.4718,2354.219,316.714,2943.472,404.791,855.8593,24.40899,7.875378,0.1573963,0.9788005,0.9810975,89.3462,-0.8009424,-91.21584,-0.2101199,33.81113,0.4,11.79873,6.785326,0.02312133,4.786714,76.8203,36.35027,22.97609,1,214.413,96.19551,"Kljun_et_al"
"2026-09-23 07:00:00",42,1.021819,9,36000,0.3180104,9,36000,-6.697163,9,36000,-0.00970466,9,36000,-7.360872,9,36000,1.099103,-0.006470812,9,0.07743881,0.08711115,0.08054597,6.902208,99.61875,6.967574,1.00425,0.9995236,7.039471,99.57176,1.248017,1.004796,1.009798,7.036223,87.36207,5.082662,0.8813183,1.008655,6.814953,87.16676,0.00500226,0.7569969,0.2310192,0,0.3269531,0,0.02870173,8.062454,0.8828108,0,0.834784,0.7556488,1.286367,299.8798,24.93921,60.12024,2436.668,253.8274,3054.472,339.9227,879.7463,48.16933,7.769219,0.3358108,0.977065,0.9790521,94.36237,4.695125,-83.71433,-0.2183158,10.02299,1,11.52213,6.763695,0.02295733,7.974667,127.9827,60.55957,38.27816,1,214.413,93.84026,"Kljun_et_al"
"2026-09-23 07:30:00",43,1.12898,9,36000,0.5545081,9,36000,4.283247,9,36000,0.006214809,9,36000,3.451381,9,36000,0.805786,-0.006626367,4,0.07855305,-0.04043233,0.09877075,9.065462,96.55921,8.540911,1.118684,1.161304,8.405631,100.6884,0.6178446,1.115982,1.10849,7.896927,88.09536,6.050691,0.943197,1.070478,7.270583,87.21284,-0.007492423,0.5545197,0.2647178,0,0.3443697,0,0.09420969,9.547412,0.9230421,0,0.6361597,0.5534426,1.825992,301.4705,29.20784,58.52951,2417.316,154.4096,2960.304,223.3297,861.6443,53.28514,8.586775,0.4555542,0.9829081,0.9854559,99.45959,10.15911,-76.21281,-0.2265587,4.839572,1,11.29199,6.764192,0.022755,5.117628,64.42329,34.62116,23.23223,1,214.413,97.62789,"Kljun_et_al"
"2026-09-23 08:00:00",44,0.3789943,7,36000,-0.06883565,7,36000,55.35495,7,36000,0.08049472,7,36000,28.45469,7,36000,0.5140405,-0.01326554,2,0.1116164,-0.2363919,0.1343179,11.76108,90.94109,10.32585,1.259895,1.385871,10.71312,97.13925,2.904921,1.255285,1.293304,10.12479,88.54555,8.320111,1.100744,1.243147,8.419214,87.23891,0.03801942,0.7744086,0.3240422,0,0.3739953,0,0.1541428,12.00821,0.5530088,0,0.8557142,0.7736868,2.138224,306.5635,25.07841,53.43652,2004.9,102.2608,2388.638,119.0348,763.7958,15.30854,9.58145,0.2148394,0.9831271,0.9860432,104.7378,15.59455,-68.71053,-0.2344768,3.19348,1,11.23623,6.757061,0.02264933,5.02941,63.31277,34.02436,22.83175,1,214.413,97.67783,"Kljun_et_al"
"2026-09-23 08:30:00",45,-0.8151231,7,36000,-0.3025879,7,36000,65.83784,7,36000,0.09590464,7,36000,26.3912,7,36000,0.4008515,-0.02803377,7,0.1627439,-0.1513129,0.567657,13.24036,79.57813,9.772258,1.214524,1.527625,12.52693,83.17223,3.948347,1.21151,1.458062,12.2383,79.81445,8.838504,1.139945,1.43161,8.654645,87.25618,0.246552,1.544802,0.8044969,0,0.6636425,-7.450581E-09,0.2183516,13.7843,0.5350131,0,1.713532,1.543385,3.665869,18.52308,25.52414,341.4769,1716.995,89.51861,2081.966,92.74162,713.9595,13.3394,9.188724,0.3441244,0.9838769,0.9867827,110.3036,20.90795,-61.20886,-0.2426107,2.409523,1,11.50965,6.770624,0.02269867,6.881588,86.62891,46.55449,31.23998,1,214.413,96.59441,"Kljun_et_al"
"2026-09-23 09:00:00",46,0.4615771,2,36000,-0.3535782,2,36000,117.5054,1,36000,0.1713368,1,36000,59.71073,1,36000,0.508153,-0.04274424,1,0.2012857,-0.2776954,0.4076994,14.43336,73.97485,9.840755,1.220295,1.650586,13.55808,78.00279,2.063539,1.21664,1.559587,13.60759,75.64236,9.388704,1.183035,1.564213,8.938933,87.28712,0.3429466,1.68742,0.6654854,0,0.5600941,-7.450581E-09,0.2425337,14.82502,0.5122642,0,1.783761,1.685474,4.285284,346.5308,19.01364,13.46921,1707.475,46.95466,2077.518,44.71187,703.6624,5.427365,9.194036,0.3820912,0.9897321,0.9920926,116.2749,26.03029,-53.70731,-0.250853,1.961014,1,12.13068,6.789685,0.02285533,6.077443,76.50594,41.11439,27.58945,1,214.413,97.07323,"Kljun_et_al"
"2026-09-23 09:30:00",47,-0.004633844,9,36000,-0.2535553,3,36000,116.8366,3,36000,0.1705191,3,36000,87.15898,3,36000,0.7459902,-0.01721923,7,0.1279567,-0.6396212,0.6101008,15.68309,68.75697,9.951538,1.229223,1.789071,14.52173,73.75225,1.745615,1.224362,1.661179,14.70189,72.78892,9.872571,1.222156,1.679213,9.199382,87.30824,0.4368167,0.4895216,0.8448319,0,0.6769473,2.328306E-10,0.219552,15.80077,0.7806813,0,1.077739,0.4895068,2.909817,73.53983,59.84151,286.4602,1678.451,26.56027,2044.83,22.44952,695.7838,4.640515,9.221145,0.3451048,0.9897217,0.9919477,122.7812,30.88521,-46.205,-0.2588484,1.677169,1,12.99392,6.8295,0.02316133,2.773159,34.90993,18.76064,12.58916,1,214.413,98.87759,"Kljun_et_al"
"2026-09-23 10:00:00",48,0.1242578,9,36000,-0.2031886,9,36000,114.8567,9,36000,0.167806,9,36000,101.8086,9,36000,0.8863966,-0.03250149,9,0.1761433,-0.5445511,0.6792488,16.46175,70.72559,11.1239,1.329342,1.879704,15.61976,74.39774,1.938035,1.325575,1.782949,15.53985,73.51991,10.82924,1.302956,1.772174,9.779055,87.33404,0.4573736,1.000959,0.7015129,0,0.9002811,3.72529E-09,0.2363708,17.01011,0.8258132,0,1.388346,0.9994219,3.643569,173.6437,42.87149,186.3563,1731.899,27.12842,2065.684,18.11526,691.7838,5.719303,9.94537,0.4004433,0.9829561,0.9807606,129.9582,35.37832,-38.70318,-0.2669064,1.487478,1,14.09236,6.8683,0.02338133,4.11934,51.85635,27.86767,18.70035,1,214.413,98.1811,"Kljun_et_al"
"2026-09-23 10:30:00",49,0.4975826,2,36000,-0.2316743,1,36000,145.1586,1,36000,0.2122399,1,36000,137.5475,1,36000,0.9475672,-0.03977481,4,0.1951053,-0.665925,0.5749436,17.45881,66.11333,11.05375,1.322907,2.002954,16.41816,70.35643,2.677599,1.318278,1.877066,16.42916,71.27489,11.21587,1.336674,1.876021,10.00137,87.35066,0.5587888,0.5907737,0.759156,0,0.7133962,4.656613E-10,0.2542344,17.80431,0.9651287,0,1.048844,0.5907487,3.273159,217.0461,53.53128,142.9539,1724.725,86.09402,2066.268,101.1539,685.0331,6.216877,9.863429,0.3443457,0.987806,0.9923923,137.9363,39.39553,-31.20166,-0.2751522,1.357171,1,15.40819,6.970492,0.02361167,2.194977,27.63148,14.84919,9.96442,1,214.413,99.15386,"Kljun_et_al"
"2026-09-23 11:00:00",50,0.3162278,6,36000,-0.03543037,2,35978,141.9753,2,35978,0.2078405,2,35978,124.5092,1,35978,0.8769781,-0.03604328,6,0.1861103,-0.6346682,0.5516353,18.44999,60.51008,10.657,1.288977,2.131164,17.69537,63.29972,3.38493,1.28573,2.03498,17.64626,67.67841,11.59741,1.370896,2.026114,10.21463,87.36337,0.7492502,0.9150305,0.6947401,0,0.7496428,9.313226E-10,0.2421621,19.05324,0.9216476,0,1.252895,0.9148966,3.485298,210.1083,42.0712,149.8917,1679.533,40.83484,2036.747,22.39287,671.3426,5.765709,9.577858,0.4474532,0.8843427,0.8432302,146.8109,42.80158,-23.69988,-0.28329,1.267833,1,16.92031,7.093455,0.02443767,3.564035,44.86587,24.11098,16.17946,1,214.413,98.47627,"Kljun_et_al"
"2026-09-23 11:30:00",51,0.1332164,6,36000,-0.1579813,1,36000,141.7193,1,36000,0.2077195,1,36000,167.4982,1,36000,1.181901,-0.02743384,1,0.1627144,-0.9809676,0.435844,19.79891,53.92594,10.19484,1.249615,2.31844,18.96543,56.62848,2.240872,1.246184,2.204372,18.9239,64.13033,11.99823,1.407751,2.195378,10.44321,87.3569,0.9581875,0.7912934,0.699619,0,0.5578719,4.656613E-10,0.2664585,20.28679,1.030769,0,1.04073,0.791268,3.173986,241.9121,39.65686,118.0879,1618.97,24.95296,1991.227,12.756,659.5244,4.108581,9.242512,0.3938189,0.9821478,0.9870009,156.5947,45.44533,-16.19772,-0.2912043,1.208758,1,18.54174,7.22318,0.025474,3.525157,44.37646,23.84797,16.00297,1,214.413,98.49654,"Kljun_et_al"
"2026-09-23 12:00:00",52,0.07780638,7,36000,-0.1883667,7,36000,179.5796,7,36000,0.2634557,7,36000,161.0046,7,36000,0.8965641,-0.03909175,7,0.1945522,-0.7913249,0.6322241,20.61119,50.32055,9.906775,1.226129,2.437907,19.92752,52.34951,2.207652,1.223407,2.340013,19.94582,62.10669,12.47592,1.452694,2.339462,10.73907,87.34963,1.116605,0.6935033,0.6632335,0,0.8685517,-3.72529E-09,0.2649293,21.22898,1.006565,0,1.168613,0.6920432,3.315141,154.7148,51.72649,205.2852,1584.631,25.99193,1967.37,10.27786,656.149,4.261545,9.043715,0.458233,0.9887614,0.9914411,167.1619,47.17709,-8.696204,-0.299448,1.174206,1,20.1816,7.36717,0.02664333,2.583966,32.52828,17.48074,11.7303,1,214.413,98.96985,"Kljun_et_al"
"2026-09-23 12:30:00",53,0.1039585,7,36000,-0.02176845,7,36000,134.3284,7,36000,0.1971945,7,36000,138.3669,7,36000,1.030065,-0.03249561,7,0.1775746,-0.7470011,0.7421373,21.29584,45.77572,9.125336,1.163289,2.54244,20.58781,47.68657,2.170582,1.160599,2.437027,20.66476,59.76731,12.56841,1.461478,2.445459,10.77764,87.33154,1.276428,0.7577943,0.7269863,0,0.9409748,0,0.2652017,21.82508,0.9400923,0,1.243374,0.7570993,3.598157,191.4396,50.65531,168.5604,1537.714,24.34526,1945.042,9.715606,656.5734,4.044976,8.560341,0.4184693,0.9950471,0.9967505,178.2204,47.88061,-1.194599,-0.3076603,1.160821,1,21.75088,7.517276,0.027888,3.09345,38.94192,20.92744,14.04317,1,214.413,98.71803,"Kljun_et_al"
"2026-09-22 10:00:00",0,-0.3105652,7,31042,0.0616741,7,31090,41.57174,5,31090,0.06066822,5,31090,6.64528,5,31090,0.1598509,-0.005654749,4,0.07352624,-0.08508847,0.1588173,14.48858,98.73091,14.69443,1.678524,1.656182,14.44753,101.6158,2.268484,1.678311,1.651632,14.21962,82.47877,11.28011,1.342278,1.627461,10.1206,86.98772,-0.02667832,0.6665345,0.3751025,0,0.4045247,-7.450581E-09,0.1152931,16.21055,0.1694267,0,0.7914716,0.6652737,1.752344,305.6226,32.34398,54.37744,1915.166,75.08691,1978.129,94.3073,606.9288,15.79312,12.64422,0.3025231,0.8348104,0.8354654,130.1305,35.95804,-38.25423,0.1215448,1.460367,0.8533334,14.87542,6.890176,0.02453047,6.571357,82.72357,44.45575,29.83164,1,214.413,96.78056,"Kljun_et_al"
"2026-09-22 10:30:00",1,0.77002,6,36000,0.0737134,8,36000,86.55573,3,36000,0.1263829,3,36000,37.42801,3,36000,0.4324151,-0.01166863,4,0.105716,-0.3340642,0.2180665,15.25005,92.61176,14.04917,1.610813,1.73983,14.99865,94.12105,5.337383,1.609452,1.712188,14.85627,81.60445,11.73992,1.383856,1.696081,10.41092,86.96971,0.1027358,0.8958322,0.4146616,0,0.4840397,0,0.1729001,16.69236,0.5138323,0,1.020375,0.8945118,2.577076,302.194,28.44813,57.806,1910.987,66.32037,2066.053,64.49485,634.4857,23.0664,12.10247,0.5272924,0.8780288,0.878351,137.585,39.68787,-31.28957,0.113988,1.342961,1,15.21307,6.985997,0.024818,6.142631,77.32655,41.55539,27.88537,1,214.413,97.03485,"Kljun_et_al"
"2026-09-22 11:00:00",2,-1.19593,7,36000,-0.2055778,7,36000,214.9717,7,36000,0.3144869,7,36000,141.0757,7,36000,0.6562521,-0.03610634,7,0.1865735,-0.7187536,0.4337706,17.98286,71.84338,12.79296,1.484534,2.071504,16.98607,76.1301,3.248498,1.47961,1.945641,16.75816,75.83313,12.46771,1.452044,1.916533,10.85202,86.94585,0.466031,0.3653246,0.5512204,0,0.7124933,-2.328306E-10,0.2367501,18.55354,0.9331312,0,0.8838391,0.3653027,2.690632,199.856,62.04232,160.144,1739.095,58.081,2014.857,44.58805,658.8571,5.691984,11.04864,0.5532535,0.9593243,0.9574316,146.4841,43.12048,-23.78733,0.1060485,1.254284,1,15.81753,7.021892,0.02514433,1.419394,17.86805,9.602315,6.443548,1,214.413,99.49439,"Kljun_et_al"
"2026-09-22 11:30:00",3,-0.364974,9,36000,-0.2578776,9,36000,157.3477,9,36000,0.230426,9,36000,99.48487,9,36000,0.6322613,-0.02180102,9,0.1452537,-0.6536366,0.6064317,18.65417,67.50675,12.50592,1.456994,2.158385,18.06345,69.86458,2.211062,1.454195,2.081848,17.9287,71.73904,12.75414,1.479475,2.062356,11.01289,86.92622,0.627653,1.524746,0.7511349,0,0.7666665,-3.72529E-09,0.2467429,19.60985,0.8286474,0,1.705142,1.524358,4.734976,186.2304,26.37452,173.7696,1651.705,34.37704,1938.575,21.96338,647.1637,5.50468,10.81861,0.5609014,0.9884542,0.990186,156.3093,45.79005,-16.28582,0.09785649,1.195764,1,17.21754,7.134176,0.02589767,7.609194,95.78841,51.47681,34.54306,1,214.413,96.15176,"Kljun_et_al"
"2026-09-22 12:00:00",4,0.03097201,9,36000,-0.1312832,9,36000,165.8151,9,36000,0.2429338,9,36000,107.0731,9,36000,0.6457379,-0.05979045,9,0.2407825,-0.4251325,0.818294,18.78834,68.20078,12.78736,1.483978,2.176766,18.52462,69.21758,2.219218,1.48281,2.143384,18.28304,71.7387,13.09392,1.51268,2.108849,11.2464,86.90649,0.6605741,2.280638,0.8824197,0,0.8814029,-7.450581E-09,0.284697,20.10456,0.9007114,0,2.434288,2.278363,6.132129,174.4449,20.50011,185.5551,1674.322,28.24055,1956.148,12.20656,656.3099,6.928654,11.01401,0.5456219,0.9935932,0.995824,166.9382,47.54548,-8.784225,0.08963012,1.161373,1,18.92446,7.27408,0.02690367,6.866576,86.43995,46.45294,31.17183,1,214.413,96.60356,"Kljun_et_al"
"2026-09-22 12:30:00",5,-0.06314886,9,36000,-0.2266186,9,36000,165.1865,9,36000,0.2421644,9,36000,121.9658,9,36000,0.7383522,-0.07240036,9,0.2652885,-0.4408184,0.875872,19.39048,62.47675,12.02355,1.411194,2.260493,19.17499,63.21648,1.918909,1.410322,2.232546,18.97214,68.6884,13.08959,1.512204,2.202092,11.21624,86.85695,0.822224,2.367589,0.7785835,0,1.03224,7.450581E-09,0.2829016,20.68138,0.9415301,0,2.565075,2.365131,5.848092,177.501,22.61464,182.499,1646.194,25.4882,1962.946,9.019481,663.5175,5.570465,10.45223,0.4946637,0.9963747,0.9980941,178.0765,48.26725,-1.281617,0.08176125,1.147558,1,20.55304,7.413488,0.02785933,6.470052,81.4483,43.77041,29.37175,1,214.413,96.84099,"Kljun_et_al"
"2026-09-22 13:00:00",6,-0.03478843,7,36000,-0.1636493,7,36000,98.23399,7,36000,0.1440281,7,36000,50.4122,7,36000,0.5131849,-0.03978597,7,0.1967254,-0.2458996,0.6642844,19.50562,61.20564,11.8306,1.392961,2.276243,19.29393,61.93957,1.373222,1.392035,2.247415,19.22263,67.5968,13.0846,1.511696,2.236388,11.20294,86.82703,0.8553793,2.208625,0.7527384,0,0.8387704,1.490116E-08,0.241698,20.78168,0.6161555,0,2.356992,2.206779,5.998022,166.0306,20.44842,193.9694,1634.802,21.44969,1958.415,7.166022,652.9834,3.691082,10.31304,0.4122115,0.9925508,0.9971255,189.2896,47.89967,6.219901,0.07357121,1.153796,1,22.09954,7.546983,0.028878,8.139131,102.4595,55.06187,36.94878,1,214.413,95.82437,"Kljun_et_al"
"2026-09-22 13:30:00",7,0.02976453,7,36000,-0.1681182,7,36000,174.8154,7,36000,0.2565406,7,36000,125.5737,7,36000,0.7183215,-0.05879294,7,0.2395775,-0.5048187,1.366065,20.56435,56.94972,11.72598,1.383865,2.430489,20.22763,58.0378,1.641783,1.382434,2.382994,20.10698,65.68417,13.48508,1.551755,2.362785,11.46511,86.78495,1.000559,1.936223,0.8910917,0,1.363939,-7.450581E-09,0.2788447,21.71058,0.9079024,0,2.360873,1.934495,5.623171,165.2688,34.42281,194.7312,1610.921,25.87942,1941.19,9.235955,645.2824,4.856841,10.20877,0.5031609,0.9230851,0.9469857,200.1252,46.47134,13.72144,0.06533155,1.180228,1,22.99844,7.633161,0.02960233,5.858808,73.75365,39.6353,26.59692,1,214.413,97.20132,"Kljun_et_al"
"2026-09-22 14:00:00",8,0.05225873,7,36000,-0.1451499,7,36000,116.1231,7,36000,0.1704439,7,36000,62.4178,7,36000,0.537514,-0.04053001,7,0.1989999,-0.3024315,0.6024533,20.8816,53.94899,11.20453,1.336911,2.478437,20.43422,55.34218,1.930424,1.334952,2.411916,20.48643,63.91381,13.4262,1.545844,2.41861,11.40671,86.75623,1.076965,1.356416,0.6787069,0,0.8355377,7.450581E-09,0.2148027,21.86729,0.5967329,0,1.583877,1.355512,3.97954,193.7398,30.75669,166.2602,1583.761,25.57428,1932.661,7.032992,644.4226,3.707971,9.851713,0.486792,0.9960179,0.997929,210.2356,44.08405,21.22372,0.05741411,1.229619,1,23.82273,7.72385,0.03031033,4.941351,62.20424,33.42864,22.43199,1,214.413,97.72745,"Kljun_et_al"
"2026-09-22 14:30:00",9,0.1056983,7,36000,-0.1773965,7,36000,106.0581,7,36000,0.1557046,7,36000,44.06321,7,36000,0.4154631,-0.01854708,7,0.1347109,-0.3158456,0.4688275,20.98322,53.12443,11.06454,1.324598,2.493818,20.66115,54.10407,2.262896,1.323206,2.445526,20.57897,63.58092,13.43357,1.546534,2.432411,11.40824,86.69926,1.12232,1.091961,0.4454167,0,0.8385677,0,0.1899029,22.08355,0.4952758,0,1.354296,1.091319,3.438462,196.814,35.69334,163.186,1576.862,28.09927,1932.625,9.072878,642.5488,4.140429,9.7577,0.4923718,0.9547874,0.9848524,219.4399,40.88261,28.72539,0.04928529,1.306231,1,24.36872,7.790005,0.030882,5.875991,73.96996,39.75154,26.67492,1,214.413,97.19138,"Kljun_et_al"
"2026-09-22 15:00:00",10,0.0263505,7,36000,-0.1632217,7,36000,118.5556,7,36000,0.1741666,7,36000,68.48051,7,36000,0.5776233,-0.01183269,7,0.1077227,-0.6153156,0.7628993,22.05685,49.31371,10.93624,1.313105,2.663453,21.34052,51.37,1.693933,1.310004,2.550675,21.27144,62.11191,13.72858,1.576514,2.538229,11.60204,86.69444,1.240671,1.029309,0.8235091,0,0.8969023,7.450581E-09,0.2078405,22.75199,0.695254,0,1.393334,1.028758,4.943904,169.1159,41.43346,190.8841,1562.728,23.29712,1926.056,7.621235,641.234,3.757724,9.637796,0.4447358,0.966225,0.9589635,227.7162,37.02224,36.22691,0.04104449,1.419842,1,24.39194,7.836561,0.031202,6.926317,87.19199,46.85709,31.44303,1,214.413,96.56741,"Kljun_et_al"
"2026-09-22 15:30:00",11,0.1325074,5,36000,-0.05738988,5,36000,80.9819,5,36000,0.118955,5,36000,24.79699,5,36000,0.3062041,-0.01438613,2,0.1187533,-0.2020592,0.3295036,21.93764,48.70988,10.62869,1.286643,2.645706,21.22665,50.71761,2.627468,1.28356,2.532058,21.39438,61.49717,13.69079,1.572698,2.557577,11.56909,86.68777,1.248498,0.5282095,0.4000145,0,0.6897022,9.313226E-10,0.1526642,22.60896,0.4723789,0,0.8956524,0.5281898,2.22656,214.4739,51.88261,145.5261,1552.953,27.62694,1925.778,9.735464,644.2604,2.739034,9.447438,0.4643825,0.9818305,0.9862911,235.1441,32.64614,43.72887,0.03298104,1.584679,1,24.55807,7.832283,0.03155733,3.224338,40.5896,21.8129,14.63736,1,214.413,98.65162,"Kljun_et_al"
"2026-09-22 16:00:00",12,0.0111637,9,36000,-0.04080047,9,36000,58.94282,9,36000,0.08658949,9,36000,37.66507,9,36000,0.6390103,-0.009528966,9,0.09668355,-0.3771288,0.4173358,22.12786,50.12357,11.19233,1.336458,2.677716,21.32087,52.41476,4.021681,1.33291,2.547613,21.31203,62.70398,13.90734,1.594922,2.545103,11.73597,86.67189,1.214702,0.7053908,0.520295,0,0.7349182,1.862645E-09,0.154467,22.75737,0.6442047,0,0.9710129,0.7050837,3.550139,185.918,42.38924,174.082,1579.113,45.79501,1935.561,21.89599,640.995,3.633987,9.807835,0.600782,0.9915679,0.9950041,241.8499,27.8763,51.23087,0.02499549,1.827817,1,24.36607,7.827455,0.03171333,5.288629,66.57594,35.778,24.00851,1,214.413,97.53053,"Kljun_et_al"
"2026-09-22 16:30:00",13,-0.02680487,7,36000,-0.07350137,7,36000,72.87341,7,36000,0.1070921,7,36000,37.84449,7,36000,0.5193182,-0.01790641,7,0.1325928,-0.2766706,0.4729819,22.5794,45.93121,10.32875,1.260877,2.752481,21.6883,48.30468,2.52525,1.257113,2.606113,21.76755,60.07723,13.68335,1.571962,2.616846,11.54895,86.6767,1.349,1.113569,0.623201,0,0.7238946,0,0.1831962,23.04426,0.7640414,0,1.348351,1.113078,3.841434,164.9016,33.83525,195.0984,1528.818,22.19073,1911.394,8.21977,641.7197,3.14519,9.238127,0.4008031,0.9963313,0.9984651,247.9725,22.81248,58.7326,0.01675531,2.20367,1,24.04178,7.824269,0.03166933,6.08803,76.63921,41.186,27.63751,1,214.413,97.06703,"Kljun_et_al"
"2026-09-22 17:00:00",14,0.06916225,8,36000,0.005413394,8,36000,45.04703,8,36000,0.0660978,8,36000,-8.944663,8,36000,-0.1985628,-0.02813576,1,0.1658083,0.05203076,0.2266115,20.41271,53.93126,10.73102,1.295046,2.410733,20.0951,54.93694,4.348761,1.29364,2.363601,20.40027,63.00317,13.11882,1.515172,2.407634,11.18333,86.63566,1.069961,2.070263,0.4851397,0,0.428135,-1.862645E-09,0.1859112,21.48374,0.8312779,0,2.115092,2.070178,4.155702,220.4843,11.80341,139.5157,1583.312,44.09361,1951.033,31.70848,647.476,4.251978,9.559086,0.3990329,0.8656239,0.8556792,253.6467,17.53624,66.23441,0.008619536,2.831695,1,23.91746,7.824436,0.03160533,10.12163,162.4385,76.86356,48.58351,1,214.413,92.28146,"Kljun_et_al"
"2026-09-22 17:30:00",15,0.4078107,3,36000,0.03444792,4,36000,51.55454,3,36000,0.0756378,3,36000,-17.39682,3,36000,-0.337445,-0.03471568,1,0.1841402,0.09109782,0.3975163,20.02022,54.08384,10.41847,1.269017,2.350478,19.97848,54.22638,4.244995,1.268826,2.34453,19.96398,63.26474,12.76848,1.480652,2.342256,10.94532,86.62873,1.075704,2.294809,0.7054055,0,0.4900661,0,0.2393134,21.33985,0.3908859,0,2.347303,2.29479,5.301264,241.6502,12.11526,118.3498,1572.544,48.85376,1946.598,28.87024,641.7965,2.899287,9.379531,0.5147867,0.9921115,0.9940937,258.9953,12.11755,73.73657,0.0007092247,4.051453,1,23.38892,7.777561,0.03139267,10.12461,162.4863,76.88619,48.59781,1,214.413,92.27928,"Kljun_et_al"
"2026-09-22 18:00:00",16,-0.4704288,8,36000,0.04970356,8,36000,9.642077,8,36000,0.01413336,8,36000,-4.864189,8,36000,-0.5044752,-0.01064539,4,0.1017928,0.04590968,0.2795448,19.09838,58.54236,10.77501,1.298154,2.219641,19.02916,58.7961,2.745994,1.297832,2.210186,19.2589,64.97796,12.5142,1.456132,2.241989,10.78977,86.65758,0.9123535,1.332565,0.3691131,0,0.6375654,-3.72529E-09,0.1278886,20.41694,0.4224992,0,1.482743,1.331741,2.99739,287.5553,25.84896,72.4447,1607.409,44.75481,1968.765,44.15195,654.7517,6.880023,9.624752,0.2106398,0.9920761,0.9941061,264.1282,6.632092,81.2381,-0.007532998,7.243345,1,22.66671,7.71646,0.031055,10.65498,170.9981,80.91387,51.1436,1,214.413,91.89751,"Kljun_et_al"
"2026-09-22 18:30:00",17,1.110023,7,36000,0.5825212,5,36000,91.38975,5,36000,0.1337781,5,36000,-49.77094,5,36000,-0.544601,-0.3104969,5,0.5480919,0.08676539,4.022029,17.60815,59.97985,9.679328,1.211203,2.02363,17.62352,59.94803,6.240448,1.21125,2.025859,17.76567,65.52324,11.21073,1.338071,2.043466,9.964978,86.72906,0.8146093,5.631288,2.55908,0,1.089419,0,0.5552757,18.91104,0.938834,0,5.721687,5.623765,15.24699,337.2589,10.59651,22.74115,1641.84,172.5424,2040.384,187.5289,658.075,11.49391,9.025561,0.86847,0.9893422,0.9918825,269.148,1.210862,88.73962,-0.01577984,25.33997,0.75,21.95271,7.65402,0.03064333,8.275926,132.8175,62.84732,39.7242,1,214.413,93.62016,"Kljun_et_al"
"2026-09-22 19:00:00",18,0.3679416,4,36000,0.3294935,1,36000,27.27577,1,36000,0.0398716,1,36000,-31.29697,1,36000,-1.147428,-0.1080906,4,0.3225289,0.09222095,1.353621,16.08582,66.6049,9.861659,1.22155,1.835079,16.1842,66.23621,3.325873,1.22195,1.846863,16.12614,69.19759,10.48125,1.272791,1.839749,9.533497,86.76279,0.624913,2.874302,1.14468,0,1.135052,-7.450581E-09,0.3295523,17.476,0.3301759,0,3.071576,2.871676,7.618091,3.195773,20.66384,356.8042,1535.71,59.44048,1894.147,59.83947,656.1232,3.736389,9.151127,0.2821401,0.9880289,0.9887217,274.1525,-4.596075,96.24197,-0.02361655,"NAN",0,21.21172,7.582359,0.03019367,7.209404,115.7012,54.74817,34.60493,1,214.413,94.40106,"Kljun_et_al"
"2026-09-22 19:30:00",19,2.441678,7,36000,0.7325909,6,36000,51.18365,6,36000,0.07475317,6,36000,-38.03012,6,36000,-0.743013,-0.05457187,3,0.2288094,0.157462,0.5707433,15.27171,70.42154,9.873394,1.223207,1.742867,15.25276,70.51169,6.224002,1.223123,1.740863,15.49582,70.49471,10.14385,1.244405,1.767899,9.34135,86.75697,0.5177402,0.7079355,0.6948204,0,0.8034101,0,0.1150794,16.54165,0.5951454,0,1.155141,0.7078565,2.882815,226.4642,50.40336,133.5358,1606.7,99.70579,1974.37,94.76593,676.6166,15.22425,9.190151,0.4530126,0.9903253,0.9921705,279.2364,-10.19706,103.7436,-0.03182418,"NAN",0,20.47755,7.523896,0.029726,2.515799,40.37518,19.10496,12.07576,1,214.413,97.90469,"Kljun_et_al"
"2026-09-22 20:00:00",20,0.02204646,8,36000,0.05879299,7,36000,-3.82269,7,36000,-0.005576417,7,36000,-9.334214,7,36000,2.441792,-0.01861396,7,0.1333469,0.06599788,0.2975269,13.90511,82.1973,10.9181,1.310459,1.594668,14.02289,81.64155,2.928118,1.310983,1.607285,14.11191,76.6862,10.08222,1.239298,1.61616,9.347651,86.78956,0.2963026,0.9845396,0.3128087,0,0.6968778,3.72529E-09,0.1075442,15.39865,0.4168648,0,1.204318,0.9836121,3.074064,190.9178,34.67537,169.0822,1673.179,64.57578,2002.321,69.70624,678.5184,8.885983,9.891582,0.1535134,0.9868248,0.9892212,284.5002,-15.68535,111.2453,-0.04006965,"NAN",0,19.80484,7.462888,0.02924433,6.009302,96.44121,45.63459,28.84447,1,214.413,95.2864,"Kljun_et_al"
"2026-09-22 20:30:00",21,-0.07400674,9,36000,0.1135505,9,36000,-0.7241096,9,36000,-0.001055213,9,36000,-5.218963,9,36000,7.20742,-0.002634714,9,0.05006672,0.09788754,0.08702885,12.78167,87.9669,10.83817,1.303405,1.482059,12.94015,87.11644,1.709491,1.304131,1.497723,12.95246,79.56463,9.505686,1.192274,1.498661,9.029393,86.8112,0.1935923,0.8434279,0.3213427,0,0.2591316,1.862645E-09,0.06039364,14.30321,0.3987466,0,0.888493,0.8429703,1.951133,137.3117,18.33463,222.6883,1876.734,151.0095,2239.625,177.4985,701.6478,7.395959,9.876936,0.06847682,0.9866158,0.9890488,290.0523,-21.03569,118.7474,-0.04798126,"NAN",0,19.14156,7.401337,0.02878767,13.74998,220.6687,104.4173,65.99951,1,214.413,89.69582,"Kljun_et_al"
"2026-09-22 21:00:00",22,0.223054,8,36000,0.01396911,8,35985,-0.2235667,8,35985,-0.0003257567,8,35985,1.166437,8,35985,-5.217401,-0.004297557,4,0.06396025,-0.01709792,0.08057016,13.06443,87.94602,14.28351,1.652982,1.509596,12.82083,111.5453,19.94773,1.651387,1.486111,13.15735,80.15339,9.815151,1.217273,1.51876,9.212174,86.86009,-0.1652757,0.7272963,0.232559,0,0.3246872,0,0.0404329,14.54789,0.2748279,0,0.8011631,0.7272887,1.445836,229.7264,24.59641,130.2736,1904.1,175.9717,2009.204,67.52015,602.949,105.1344,12.51433,2.007775,0.8027662,0.8234262,296.0101,-26.19075,126.2492,-0.05611366,"NAN",0,18.5374,7.351882,0.02833867,8.244619,103.7874,55.77551,37.42766,1,214.413,95.7587,"Kljun_et_al"
"2026-09-22 21:30:00",23,0.4887581,4,36000,-0.007458411,9,36000,15.27738,4,36000,0.02226557,4,36000,-6.228515,3,36000,-0.4076951,-0.006050011,5,0.07592447,0.07691778,0.142217,13.3325,"NAN",15.72413,1.794096,1.536342,13.05805,118.8842,6.595887,1.792372,1.509147,13.37613,80.65292,10.12101,1.242512,1.540705,9.395946,86.90377,-0.2832252,1.072439,0.4598686,0,0.2627708,2.328306E-10,0.06250159,14.93464,0.2461148,0,1.110865,1.072437,2.409343,230.7957,15.06547,129.2043,1943.487,111.161,1994.48,62.43745,537.7725,27.93728,13.56962,0.5322613,0.8415666,0.8582829,302.5044,-31.07755,133.7507,-0.06435997,"NAN",0,18.09657,7.301643,0.02797133,11.51949,184.8723,87.47892,55.29321,1,214.413,91.27824,"Kljun_et_al"
"2026-09-22 22:00:00",24,0.2235096,7,36000,0.2743642,7,36000,0.2440387,7,36000,0.0003557457,7,36000,-3.249716,7,36000,-13.31639,-0.004608633,7,0.06626195,0.04602521,0.250356,13.33415,98.95982,14.22969,1.62903,1.536373,13.28889,106.3703,4.14222,1.628749,1.53203,13.4396,80.93295,10.23503,1.251987,1.54696,9.465555,86.92164,-0.09671855,0.3302636,0.6479325,0,0.27882,-4.656613E-10,0.0561692,14.99384,0.2548158,0,0.6775758,0.3301913,1.871489,32.78496,57.99777,327.215,1847.037,50.34499,2010.112,57.67786,607.8407,26.83026,12.32068,0.3516449,0.9248192,0.9385191,309.6751,-35.60465,141.2526,-0.07241575,"NAN",0,17.74654,7.278114,0.02765467,4.064381,65.22784,30.86488,19.50891,1,214.413,96.73632,"Kljun_et_al"
"2026-09-22 22:30:00",25,0.1806707,9,36000,-0.0006498015,9,35985,13.02624,9,35985,0.01898733,9,35985,-3.874082,9,35985,-0.297406,-0.00144506,9,0.03709088,0.09799073,0.228394,13.20869,99.79722,13.58752,1.563409,1.524028,13.20218,102.7297,6.587548,1.563317,1.523697,13.28377,81.388,10.16596,1.246216,1.531414,9.427046,86.93182,-0.03961992,0.7549801,0.4673403,0,0.4851148,-3.72529E-09,0.05517756,14.83747,0.4097652,0,0.8944013,0.7535894,2.238517,330.6897,32.13945,29.3103,1926.177,142.3554,2105.572,101.2502,665.2324,43.78635,11.82947,0.5673401,0.7664995,0.7692174,317.6567,-39.6585,148.7547,-0.08040373,"NAN",0,17.42208,7.239559,0.02738133,16.61572,266.6599,126.1796,79.75496,1,214.413,87.69532,"Kljun_et_al"
"2026-09-22 23:00:00",26,0.13764,8,36000,0.2133296,8,36000,-1.196306,8,36000,-0.001742941,8,36000,-5.039139,8,36000,4.212249,-0.008263228,7,0.08867947,0.05319245,0.2557643,13.00068,"NAN",16.35715,1.867746,1.503342,12.71066,126.5474,5.141033,1.865829,1.475381,13.09065,81.24249,9.951784,1.228516,1.512171,9.299394,86.92818,-0.3904485,0.7581907,0.4227347,0,0.5732998,3.72529E-09,0.06443101,14.66198,0.3916233,0,0.9237948,0.7565256,2.46111,320.0922,34.46713,39.90784,2339.8,84.01115,2191.969,61.90316,530.7047,35.46767,14.14248,0.4465623,0.7245693,0.753564,326.5487,-43.10262,156.2565,-0.08865275,"NAN",0,17.13839,7.20275,0.027162,6.967701,111.8222,52.91267,33.44476,1,214.413,94.57879,"Kljun_et_al"
"2026-09-22 23:30:00",27,0.919816,7,36000,0.1545641,4,36000,7.383825,6,36000,0.01075151,6,36000,-8.27944,3,36000,-1.121294,-0.009298373,3,0.09392923,0.08235695,0.2231497,12.25708,"NAN",14.76696,1.686684,1.431713,12.10299,119.0039,5.034322,1.685748,1.417401,12.3606,83.8159,9.702793,1.208123,1.441497,9.168448,86.93522,-0.2683469,1.515962,0.44715,0,0.480711,-7.450581E-09,0.1235853,13.86047,0.2267553,0,1.595897,1.513748,2.752098,324.2521,18.37737,35.74789,2245.334,256.6549,2264.091,210.7079,626.1901,14.0604,12.80493,0.39223,0.7914797,0.7974313,336.37,-45.78392,163.7581,-0.09678382,"NAN",0,16.87042,7.203876,0.02696333,13.15814,211.1704,99.92281,63.15867,1,214.413,90.11328,"Kljun_et_al"
"2026-09-23 00:00:00",28,-3.531288,8,36000,0.03146392,8,36000,7.94832,8,36000,0.01157422,8,36000,-0.950601,8,36000,-0.1195977,-0.01824132,6,0.1315443,0.006755436,0.25158,12.25682,"NAN",13.58835,1.562149,1.431693,12.17141,109.7035,1.832494,1.561681,1.423771,12.34039,83.17297,9.568746,1.197302,1.439561,9.086964,86.93025,-0.13791,1.094948,0.310898,0,0.6340547,-3.72529E-09,0.06691023,13.79911,0.2421278,0,1.273505,1.094035,2.197769,24.3036,30.40744,335.6964,2300.46,410.3431,2471.32,461.2863,645.9988,10.31889,11.85941,0.163867,0.8600187,0.8656094,346.9998,-47.55064,171.2604,-0.104697,"NAN",0,16.59509,7.144632,0.02674767,6.699643,107.5202,50.87704,32.15809,1,214.413,94.77625,"Kljun_et_al"
"2026-09-23 00:30:00",29,0.450849,9,36000,0.1458079,9,36000,-2.992197,9,36000,-0.004358412,9,36000,-3.984293,9,36000,1.331561,-0.003540869,9,0.05797281,0.064321,0.1159807,12.37683,99.73859,12.64901,1.469225,1.443407,12.4645,101.3163,3.48331,1.469683,1.452196,12.47528,81.97524,9.483766,1.190519,1.452585,9.031157,86.93393,-0.01748645,1.083854,0.2842326,0,0.3872001,0,0.03534424,13.99713,0.5746064,0,1.158433,1.081479,1.953175,327.0898,20.87679,32.91022,2044.158,175.6207,2278.141,193.4281,641.3558,22.40901,11.14926,0.1979068,0.8984193,0.9046648,238.1409,-48.28272,58.76191,-0.112946,"NAN",0,16.28014,7.127347,0.02653367,15.25472,244.8177,115.8442,73.2222,1,214.413,88.64091,"Kljun_et_al"
"2026-09-23 01:00:00",30,-0.1990867,9,36000,0.2485079,9,36000,-1.83056,9,36000,-0.002663519,9,36000,-4.541892,9,36000,2.481148,-0.002514077,9,0.04873787,0.08689065,0.126849,11.36528,98.87686,11.19858,1.335634,1.350719,11.34168,99.1107,3.197417,1.33555,1.349509,11.5824,81.85366,8.590315,1.12122,1.37007,8.531776,86.93723,0.01395869,1.379432,0.3030441,0,0.3989913,-7.450581E-09,0.05165447,12.72811,0.8767761,0,1.434886,1.376949,2.347762,343.1903,16.27616,16.80966,2466.828,409.6892,2863.682,497.304,703.9713,37.79353,10.17103,0.3259408,0.9341801,0.9403397,9.362805,-47.9246,-173.7366,-0.1211348,"NAN",0,15.86086,7.1089,0.02625633,23.10097,370.7395,175.4286,110.884,1,214.413,83.30115,"Kljun_et_al"
"2026-09-23 01:30:00",31,0.00547648,9,36000,-0.03958303,8,36000,-1.924851,8,36000,-0.002799411,8,36000,4.574232,8,36000,-2.376408,-0.006926955,7,0.08081135,-0.05269092,0.5054331,10.59175,93.6983,10.14193,1.245416,1.283206,10.85429,95.65766,6.260492,1.246609,1.30628,10.73166,83.31725,8.01817,1.078455,1.294756,8.231053,86.94504,0.0596714,1.101114,0.7814894,0,0.6308337,-1.490116E-08,0.04678838,12.14539,0.7828233,0,1.378008,1.098454,2.382976,334.3473,36.48311,25.65271,2583.283,320.9213,3064.568,354.8165,724.6854,30.93128,9.510624,0.4409601,0.9497215,0.9541618,20.21137,-46.50356,-166.2342,-0.1290015,"NAN",0,15.39501,7.051651,0.025956,9.877987,124.3491,66.82537,44.84258,1,214.413,94.72514,"Kljun_et_al"
"2026-09-23 02:00:00",32,-0.2352409,8,36000,-0.1622086,8,36000,-1.060952,8,36000,-0.00154216,8,36000,-8.637374,8,36000,8.141151,-0.009830124,7,0.09613945,0.08346172,0.5823441,10.10475,92.21115,8.88154,1.143661,1.241682,10.28555,91.18997,4.747831,1.144427,1.257751,10.40415,82.85374,7.617466,1.049335,1.26663,8.018095,86.96362,0.1133232,0.7935797,0.9471223,0,0.5120739,3.72529E-09,0.07367479,11.46761,0.8056622,0,1.215875,0.7930456,2.430316,169.674,47.76647,190.326,2155.797,273.3911,2640.853,325.2126,764.4235,36.12476,8.74845,0.2945752,0.9714534,0.9675469,30.33378,-44.12215,-158.7326,-0.1372379,"NAN",0,14.93516,7.010395,0.02560933,6.730038,108.008,51.10786,32.30398,1,214.413,94.75384,"Kljun_et_al"
"2026-09-23 02:30:00",33,-1.302721,8,36000,-0.462455,8,36000,0.1626114,8,36000,0.0002361899,8,36000,1.076116,8,36000,6.617718,-0.02103783,7,0.1404279,-0.007097429,0.3336189,9.227316,96.88584,8.759197,1.133744,1.17011,9.50599,95.19022,1.166424,1.134876,1.192526,9.46383,84.86552,7.048092,1.008969,1.188905,7.735527,86.98898,0.05765045,1.158489,0.4723954,0,0.6642516,3.72529E-09,0.05338718,10.67459,0.3568206,0,1.35953,1.157838,2.314224,131.7251,31.19859,228.2749,2183.896,186.6415,2675.481,229.3824,772.8265,20.22183,8.699442,0.1033841,0.9808037,0.9833824,39.55099,-40.92488,-151.2311,-0.1454317,"NAN",0,14.50654,6.978316,0.025241,5.983834,75.32755,40.48112,27.1645,1,214.413,97.1282,"Kljun_et_al"
"2026-09-23 03:00:00",34,1.215154,8,36000,-0.05814452,8,36000,2.904154,8,36000,0.004217937,8,36000,4.938285,8,36000,1.700421,-0.01450372,4,0.1165736,-0.03921766,0.3270244,9.177027,97.37212,8.783607,1.13574,1.166244,9.433759,95.80825,1.312288,1.136802,1.187053,9.283517,85.72327,7.017633,1.006964,1.174591,7.725033,87.00429,0.05025101,1.003566,0.3577294,0,0.7235398,-1.862645E-09,0.0506811,10.60385,0.5251389,0,1.259914,1.003166,1.85286,42.55938,36.56522,317.4406,2014.397,106.4255,2465.277,132.5708,798.5076,17.18835,8.716256,0.16666,0.9803111,0.982719,47.84024,-37.06657,-143.7289,-0.1534409,"NAN",0,"NAN","NAN","NAN",6.242733,78.5867,42.23259,28.33981,1,214.413,96.97588,"Kljun_et_al"
"2026-09-23 03:30:00",35,0.1964484,8,36000,-0.05508114,8,36000,0.9123278,8,36000,0.001326073,8,36000,7.465528,8,36000,8.182944,-0.02223289,6,0.144545,-0.04793996,0.263367,9.922916,97.33455,9.517534,1.193264,1.226393,10.24452,95.37517,1.985967,1.194628,1.253278,9.963807,86.19221,7.765401,1.059821,1.229638,8.11095,87.01719,0.05865073,0.8368459,0.3342257,0,0.6431541,0,0.03714629,11.47777,0.4656333,0,1.0809,0.8358377,1.689381,16.09182,38.56829,343.9082,1918.697,73.29385,2320.12,87.2711,758.351,14.02914,9.13359,0.1127278,0.9799719,0.9823605,55.27914,-32.69138,-136.2269,-0.1615327,"NAN",0,"NAN","NAN","NAN",4.199027,52.85948,28.40675,19.0621,1,214.413,98.13795,"Kljun_et_al"
"2026-09-23 04:00:00",36,0.8205789,9,36000,0.3456512,9,36000,-9.451161,9,36000,-0.0137101,9,36000,-7.687437,9,36000,0.8133854,-0.006053071,9,0.07511611,0.0942869,0.1860719,8.157474,99.23376,8.157735,1.089886,1.090499,8.166235,99.96079,1.315953,1.089926,1.091067,8.538676,85.7662,6.293423,0.9597598,1.118997,7.380834,87.04118,0.001141667,1.224617,0.2634639,0,0.5483666,0,0.0449962,9.282524,1.029204,0,1.340609,1.223378,2.545162,280.6713,23.95274,79.32867,2269.637,190.7822,2797.065,241.8832,850.0799,44.51147,8.393256,0.4494471,0.977547,0.9801192,61.99488,-27.92103,-128.7254,-0.1697245,"NAN",0,13.33041,6.860196,0.02406633,13.30138,213.4692,101.0106,63.84621,1,214.413,90.01212,"Kljun_et_al"
"2026-09-23 04:30:00",37,0.2190971,8,36000,0.1519458,8,36000,-5.620113,8,36000,-0.008151921,8,36000,-6.234592,8,36000,1.109336,-0.01907808,4,0.1333135,0.0430631,0.3034488,7.78391,100.0218,7.930691,1.072023,1.061319,8.068164,99.17421,0.7790145,1.073131,1.082301,7.881407,87.33619,5.91013,0.933058,1.068264,7.193666,87.06065,0.009170651,0.9163476,0.5673907,0,0.5310482,0,0.05434356,9.166322,0.5351189,0,1.136884,0.915813,2.345828,30.91746,35.71849,329.0826,2307.729,142.1826,2851.567,176.4324,849.4164,22.50514,8.267916,0.215629,0.974416,0.9767335,68.12774,-22.85383,-121.2235,-0.1778094,"NAN",0,"NAN","NAN","NAN",5.58808,89.68117,42.43584,26.82262,1,214.413,95.59888,"Kljun_et_al"
"2026-09-23 05:00:00",38,-0.5962053,9,36000,-0.1160753,9,36000,0.2408795,9,36000,0.0003496776,9,36000,-0.3103536,9,36000,-1.288418,-0.002740152,7,0.05060006,0.005664322,0.3882574,8.459366,97.81171,8.142103,1.087459,1.111475,8.920694,95.04448,2.047014,1.089268,1.147109,9.008813,87.58204,7.058977,1.337611,1.527773,9.672197,87.0667,0.05784047,1.337769,0.4283079,0,0.7680698,-7.450581E-09,0.05599972,10.03878,0.6828765,0,1.530222,1.334177,2.890873,329.4491,28.9925,30.5509,2317.406,181.1922,2862.985,228.5015,792.2237,34.96219,8.366858,0.1848306,0.9789144,0.9811749,73.81208,-17.56902,-113.7215,-0.1858254,"NAN",0,12.6488,6.825003,0.02366833,21.47876,344.7051,163.1095,103.0974,1,214.413,84.38342,"Kljun_et_al"
"2026-09-23 05:30:00",39,7.805677,9,36000,1.098946,9,36000,-20.28148,9,36000,-0.02941624,9,36000,-34.13337,9,36000,1.682982,-0.0429672,9,0.2000095,0.1570893,0.4832498,7.833256,97.32656,7.443293,1.036909,1.065654,8.001815,96.36468,2.544805,1.037547,1.078181,8.04015,85.28862,5.722861,0.9213715,1.080321,7.099261,87.07612,0.04063344,0.3987773,0.8142748,0,0.5466198,2.328306E-10,0.06828576,9.062943,0.7975996,0,0.9817155,0.3987695,1.813623,172.9636,62.4175,187.0364,2248.28,286.8208,2806.508,365.379,796.0626,30.45989,7.995517,0.1888796,0.9795789,0.9821085,79.17043,-12.13,-106.22,-0.1940191,"NAN",0,12.35171,6.810699,0.023485,1.62313,26.04906,12.32604,7.790978,1,214.413,98.58349,"Kljun_et_al"
"2026-09-23 06:00:00",40,0.1969388,9,36000,0.101745,9,36000,-2.831491,9,36000,-0.004103698,9,36000,-2.529521,9,36000,0.893353,-0.003068931,9,0.05336718,0.04349611,0.1052866,6.986621,99.79224,7.064569,1.010516,1.005018,7.210602,99.08686,0.5735894,1.011349,1.020855,7.1354,86.89511,5.103122,0.8822593,1.0152,6.820083,87.1023,0.009505868,1.323903,0.3393427,0,0.3061811,0,0.04090089,8.241616,0.58026,0,1.364837,1.323401,2.063332,131.2912,14.11355,228.7088,2649.949,260.4958,3317.047,344.5628,860.0585,27.20517,7.815653,0.2389795,0.9598574,0.9655813,84.31441,-6.579581,-98.71824,-0.2022495,"NAN",0,12.07832,6.810027,0.023312,20.23862,324.8025,153.6919,97.14474,1,214.413,85.21825,"Kljun_et_al"
"2026-09-23 06:30:00",41,4.363472,8,36000,0.09978987,8,36000,-2.920451,8,36000,-0.004233846,8,36000,-1.723408,8,36000,0.5901172,-0.01336721,7,0.1114206,0.01420413,0.2659523,7.181902,99.70478,7.18916,1.018924,1.018378,7.512814,97.93462,1.143856,1.020148,1.041994,7.320323,87.47436,5.380664,0.8992647,1.027998,6.947095,87.13357,0.02184641,0.6579011,0.3835312,0,0.6179256,0,0.05455588,8.553546,0.4803098,0,0.9462663,0.6575184,1.815227,61.52822,44.7443,298.4718,2354.219,316.714,2943.472,404.791,855.8593,24.40899,7.875378,0.1573963,0.9788005,0.9810975,89.3462,-0.8009424,-91.21584,-0.2101199,33.81113,0.4,11.79873,6.785326,0.02312133,4.786714,76.8203,36.35027,22.97609,1,214.413,96.19551,"Kljun_et_al"
"2026-09-23 07:00:00",42,1.021819,9,36000,0.3180104,9,36000,-6.697163,9,36000,-0.00970466,9,36000,-7.360872,9,36000,1.099103,-0.006470812,9,0.07743881,0.08711115,0.08054597,6.902208,99.61875,6.967574,1.00425,0.9995236,7.039471,99.57176,1.248017,1.004796,1.009798,7.036223,87.36207,5.082662,0.8813183,1.008655,6.814953,87.16676,0.00500226,0.7569969,0.2310192,0,0.3269531,0,0.02870173,8.062454,0.8828108,0,0.834784,0.7556488,1.286367,299.8798,24.93921,60.12024,2436.668,253.8274,3054.472,339.9227,879.7463,48.16933,7.769219,0.3358108,0.977065,0.9790521,94.36237,4.695125,-83.71433,-0.2183158,10.02299,1,11.52213,6.763695,0.02295733,7.974667,127.9827,60.55957,38.27816,1,214.413,93.84026,"Kljun_et_al"
"2026-09-23 07:30:00",43,1.12898,9,36000,0.5545081,9,36000,4.283247,9,36000,0.006214809,9,36000,3.451381,9,36000,0.805786,-0.006626367,4,0.07855305,-0.04043233,0.09877075,9.065462,96.55921,8.540911,1.118684,1.161304,8.405631,100.6884,0.6178446,1.115982,1.10849,7.896927,88.09536,6.050691,0.943197,1.070478,7.270583,87.21284,-0.007492423,0.5545197,0.2647178,0,0.3443697,0,0.09420969,9.547412,0.9230421,0,0.6361597,0.5534426,1.825992,301.4705,29.20784,58.52951,2417.316,154.4096,2960.304,223.3297,861.6443,53.28514,8.586775,0.4555542,0.9829081,0.9854559,99.45959,10.15911,-76.21281,-0.2265587,4.839572,1,11.29199,6.764192,0.022755,5.117628,64.42329,34.62116,23.23223,1,214.413,97.62789,"Kljun_et_al"
"2026-09-23 08:00:00",44,0.3789943,7,36000,-0.06883565,7,36000,55.35495,7,36000,0.08049472,7,36000,28.45469,7,36000,0.5140405,-0.01326554,2,0.1116164,-0.2363919,0.1343179,11.76108,90.94109,10.32585,1.259895,1.385871,10.71312,97.13925,2.904921,1.255285,1.293304,10.12479,88.54555,8.320111,1.100744,1.243147,8.419214,87.23891,0.03801942,0.7744086,0.3240422,0,0.3739953,0,0.1541428,12.00821,0.5530088,0,0.8557142,0.7736868,2.138224,306.5635,25.07841,53.43652,2004.9,102.2608,2388.638,119.0348,763.7958,15.30854,9.58145,0.2148394,0.9831271,0.9860432,104.7378,15.59455,-68.71053,-0.2344768,3.19348,1,11.23623,6.757061,0.02264933,5.02941,63.31277,34.02436,22.83175,1,214.413,97.67783,"Kljun_et_al"
"2026-09-23 08:30:00",45,-0.8151231,7,36000,-0.3025879,7,36000,65.83784,7,36000,0.09590464,7,36000,26.3912,7,36000,0.4008515,-0.02803377,7,0.1627439,-0.1513129,0.567657,13.24036,79.57813,9.772258,1.214524,1.527625,12.52693,83.17223,3.948347,1.21151,1.458062,12.2383,79.81445,8.838504,1.139945,1.43161,8.654645,87.25618,0.246552,1.544802,0.8044969,0,0.6636425,-7.450581E-09,0.2183516,13.7843,0.5350131,0,1.713532,1.543385,3.665869,18.52308,25.52414,341.4769,1716.995,89.51861,2081.966,92.74162,713.9595,13.3394,9.188724,0.3441244,0.9838769,0.9867827,110.3036,20.90795,-61.20886,-0.2426107,2.409523,1,11.50965,6.770624,0.02269867,6.881588,86.62891,46.55449,31.23998,1,214.413,96.59441,"Kljun_et_al"
"2026-09-23 09:00:00",46,0.4615771,2,36000,-0.3535782,2,36000,117.5054,1,36000,0.1713368,1,36000,59.71073,1,36000,0.508153,-0.04274424,1,0.2012857,-0.2776954,0.4076994,14.43336,73.97485,9.840755,1.220295,1.650586,13.55808,78.00279,2.063539,1.21664,1.559587,13.60759,75.64236,9.388704,1.183035,1.564213,8.938933,87.28712,0.3429466,1.68742,0.6654854,0,0.5600941,-7.450581E-09,0.2425337,14.82502,0.5122642,0,1.783761,1.685474,4.285284,346.5308,19.01364,13.46921,1707.475,46.95466,2077.518,44.71187,703.6624,5.427365,9.194036,0.3820912,0.9897321,0.9920926,116.2749,26.03029,-53.70731,-0.250853,1.961014,1,12.13068,6.789685,0.02285533,6.077443,76.50594,41.11439,27.58945,1,214.413,97.07323,"Kljun_et_al"
"2026-09-23 09:30:00",47,-0.004633844,9,36000,-0.2535553,3,36000,116.8366,3,36000,0.1705191,3,36000,87.15898,3,36000,0.7459902,-0.01721923,7,0.1279567,-0.6396212,0.6101008,15.68309,68.75697,9.951538,1.229223,1.789071,14.52173,73.75225,1.745615,1.224362,1.661179,14.70189,72.78892,9.872571,1.222156,1.679213,9.199382,87.30824,0.4368167,0.4895216,0.8448319,0,0.6769473,2.328306E-10,0.219552,15.80077,0.7806813,0,1.077739,0.4895068,2.909817,73.53983,59.84151,286.4602,1678.451,26.56027,2044.83,22.44952,695.7838,4.640515,9.221145,0.3451048,0.9897217,0.9919477,122.7812,30.88521,-46.205,-0.2588484,1.677169,1,12.99392,6.8295,0.02316133,2.773159,34.90993,18.76064,12.58916,1,214.413,98.87759,"Kljun_et_al"
"2026-09-23 10:00:00",48,0.1242578,9,36000,-0.2031886,9,36000,114.8567,9,36000,0.167806,9,36000,101.8086,9,36000,0.8863966,-0.03250149,9,0.1761433,-0.5445511,0.6792488,16.46175,70.72559,11.1239,1.329342,1.879704,15.61976,74.39774,1.938035,1.325575,1.782949,15.53985,73.51991,10.82924,1.302956,1.772174,9.779055,87.33404,0.4573736,1.000959,0.7015129,0,0.9002811,3.72529E-09,0.2363708,17.01011,0.8258132,0,1.388346,0.9994219,3.643569,173.6437,42.87149,186.3563,1731.899,27.12842,2065.684,18.11526,691.7838,5.719303,9.94537,0.4004433,0.9829561,0.9807606,129.9582,35.37832,-38.70318,-0.2669064,1.487478,1,14.09236,6.8683,0.02338133,4.11934,51.85635,27.86767,18.70035,1,214.413,98.1811,"Kljun_et_al"
"2026-09-23 10:30:00",49,0.4975826,2,36000,-0.2316743,1,36000,145.1586,1,36000,0.2122399,1,36000,137.5475,1,36000,0.9475672,-0.03977481,4,0.1951053,-0.665925,0.5749436,17.45881,66.11333,11.05375,1.322907,2.002954,16.41816,70.35643,2.677599,1.318278,1.877066,16.42916,71.27489,11.21587,1.336674,1.876021,10.00137,87.35066,0.5587888,0.5907737,0.759156,0,0.7133962,4.656613E-10,0.2542344,17.80431,0.9651287,0,1.048844,0.5907487,3.273159,217.0461,53.53128,142.9539,1724.725,86.09402,2066.268,101.1539,685.0331,6.216877,9.863429,0.3443457,0.987806,0.9923923,137.9363,39.39553,-31.20166,-0.2751522,1.357171,1,15.40819,6.970492,0.02361167,2.194977,27.63148,14.84919,9.96442,1,214.413,99.15386,"Kljun_et_al"
"2026-09-23 11:00:00",50,0.3162278,6,36000,-0.03543037,2,35978,141.9753,2,35978,0.2078405,2,35978,124.5092,1,35978,0.8769781,-0.03604328,6,0.1861103,-0.6346682,0.5516353,18.44999,60.51008,10.657,1.288977,2.131164,17.69537,63.29972,3.38493,1.28573,2.03498,17.64626,67.67841,11.59741,1.370896,2.026114,10.21463,87.36337,0.7492502,0.9150305,0.6947401,0,0.7496428,9.313226E-10,0.2421621,19.05324,0.9216476,0,1.252895,0.9148966,3.485298,210.1083,42.0712,149.8917,1679.533,40.83484,2036.747,22.39287,671.3426,5.765709,9.577858,0.4474532,0.8843427,0.8432302,146.8109,42.80158,-23.69988,-0.28329,1.267833,1,16.92031,7.093455,0.02443767,3.564035,44.86587,24.11098,16.17946,1,214.413,98.47627,"Kljun_et_al"
"2026-09-23 11:30:00",51,0.1332164,6,36000,-0.1579813,1,36000,141.7193,1,36000,0.2077195,1,36000,167.4982,1,36000,1.181901,-0.02743384,1,0.1627144,-0.9809676,0.435844,19.79891,53.92594,10.19484,1.249615,2.31844,18.96543,56.62848,2.240872,1.246184,2.204372,18.9239,64.13033,11.99823,1.407751,2.195378,10.44321,87.3569,0.9581875,0.7912934,0.699619,0,0.5578719,4.656613E-10,0.2664585,20.28679,1.030769,0,1.04073,0.791268,3.173986,241.9121,39.65686,118.0879,1618.97,24.95296,1991.227,12.756,659.5244,4.108581,9.242512,0.3938189,0.9821478,0.9870009,156.5947,45.44533,-16.19772,-0.2912043,1.208758,1,18.54174,7.22318,0.025474,3.525157,44.37646,23.84797,16.00297,1,214.413,98.49654,"Kljun_et_al"
"2026-09-23 12:00:00",52,0.07780638,7,36000,-0.1883667,7,36000,179.5796,7,36000,0.2634557,7,36000,161.0046,7,36000,0.8965641,-0.03909175,7,0.1945522,-0.7913249,0.6322241,20.61119,50.32055,9.906775,1.226129,2.437907,19.92752,52.34951,2.207652,1.223407,2.340013,19.94582,62.10669,12.47592,1.452694,2.339462,10.73907,87.34963,1.116605,0.6935033,0.6632335,0,0.8685517,-3.72529E-09,0.2649293,21.22898,1.006565,0,1.168613,0.6920432,3.315141,154.7148,51.72649,205.2852,1584.631,25.99193,1967.37,10.27786,656.149,4.261545,9.043715,0.458233,0.9887614,0.9914411,167.1619,47.17709,-8.696204,-0.299448,1.174206,1,20.1816,7.36717,0.02664333,2.583966,32.52828,17.48074,11.7303,1,214.413,98.96985,"Kljun_et_al"
"2026-09-23 12:30:00",53,0.1039585,7,36000,-0.02176845,7,36000,134.3284,7,36000,0.1971945,7,36000,138.3669,7,36000,1.030065,-0.03249561,7,0.1775746,-0.7470011,0.7421373,21.29584,45.77572,9.125336,1.163289,2.54244,20.58781,47.68657,2.170582,1.160599,2.437027,20.66476,59.76731,12.56841,1.461478,2.445459,10.77764,87.33154,1.276428,0.7577943,0.7269863,0,0.9409748,0,0.2652017,21.82508,0.9400923,0,1.243374,0.7570993,3.598157,191.4396,50.65531,168.5604,1537.714,24.34526,1945.042,9.715606,656.5734,4.044976,8.560341,0.4184693,0.9950471,0.9967505,178.2204,47.88061,-1.194599,-0.3076603,1.160821,1,21.75088,7.517276,0.027888,3.09345,38.94192,20.92744,14.04317,1,214.413,98.71803,"Kljun_et_al"
"2026-09-23 13:00:00",54,0.03704394,7,36000,-0.1501901,3,35982,170.4906,3,35982,0.2504399,3,35982,161.2973,3,35982,0.9460772,-0.04869753,4,0.2176145,-0.7122707,1.069977,21.80652,42.8638,8.598013,1.1236,2.623209,21.2461,44.21584,2.176343,1.121658,2.538291,21.37254,57.74225,12.70438,1.47467,2.55423,10.8488,87.32473,1.416633,1.067234,1.155417,0,0.8568742,1.862645E-09,0.2659557,22.44548,1.041776,0,1.603351,1.066806,4.174551,219.0105,46.85693,140.9895,1507.678,31.45974,1929.46,9.060718,645.6499,4.12706,8.254058,0.561234,0.9843367,0.9829026,189.3497,47.50341,6.307899,-0.3155029,1.167716,1,23.22682,7.656797,0.029103,3.555114,44.75357,24.05063,16.13896,1,214.413,98.48091,"Kljun_et_al"
"2026-09-23 13:30:00",55,0.04790204,7,36000,-0.06353313,7,36000,171.3691,7,36000,0.2518916,7,36000,182.7355,7,36000,1.066327,-0.05601949,7,0.2336827,-0.7532997,0.7344266,22.40325,41.00692,8.491282,1.115589,2.720007,21.91007,42.16306,2.13588,1.11389,2.643922,21.78468,56.81791,12.84379,1.488287,2.619264,10.93365,87.3083,1.530032,1.237116,0.8184845,0,0.8494802,7.450581E-09,0.2780643,23.10307,1.092908,0,1.519273,1.235435,5.13228,198.3149,35.01085,161.6851,1498.459,29.44321,1925.656,9.8893,641.3391,4.179464,8.178384,0.5641096,0.9919835,0.9942557,200.1042,46.07327,13.80944,-0.3237482,1.195241,1,24.57993,7.802398,0.030349,3.837673,48.31058,25.96217,17.42168,1,214.413,98.33207,"Kljun_et_al"
"2026-09-23 14:00:00",56,0.1506717,7,36000,-0.1045621,7,35983,158.931,7,35983,0.2336739,7,35983,155.2951,7,35983,0.9771225,-0.07298931,7,0.2668524,-0.5613645,1.073695,22.75444,37.23909,7.371287,1.033841,2.779088,22.19681,38.39334,2.234394,1.032056,2.689377,22.17791,54.64024,12.61272,1.465768,2.682898,10.75395,87.28825,1.657321,1.26247,0.8577549,0,1.156694,0,0.2714863,23.30338,0.9478865,0,1.688733,1.26026,4.694551,200.3875,40.80061,159.6125,1461.222,41.24429,1919.382,36.23702,638.9545,4.072889,7.570444,0.548347,0.9513004,0.9638162,210.1456,43.69084,21.311,-0.3319965,1.245993,1,25.7021,7.906217,0.031549,3.429707,43.17489,23.20224,15.56966,1,214.413,98.54607,"Kljun_et_al"
"2026-09-23 14:30:00",57,0.2629958,7,36000,-0.06953204,7,36000,177.4176,7,36000,0.2609611,7,36000,146.4832,7,36000,0.825641,-0.06048657,7,0.2431323,-0.5820025,1.205067,23.15722,37.90755,8.008095,1.079469,2.848209,22.61995,39.05636,1.728247,1.077632,2.759455,22.55982,55.01097,13.07228,1.510856,2.746257,11.07016,87.28113,1.681823,1.188228,0.9627272,0,1.186625,1.490116E-08,0.2742472,23.77701,0.9607712,0,1.733428,1.185335,5.344123,162.0665,45.54697,197.9335,1481.873,27.73461,1926.945,11.72658,638.6721,3.377796,7.893287,0.5279344,0.9916912,0.991958,219.2995,40.49865,28.81314,-0.3399095,1.325257,1,26.54867,8.021526,0.03251133,3.542852,44.59922,23.96767,16.0833,1,214.413,98.48733,"Kljun_et_al"
"2026-09-23 15:00:00",58,0.6640006,3,36000,-0.1261705,3,36000,181.3285,3,36000,0.2667392,3,36000,99.84547,3,36000,0.5506331,-0.05148991,4,0.2243837,-0.4301408,1.045509,23.34665,36.71865,7.687719,1.05705,2.880124,22.71931,38.01322,2.531451,1.054936,2.77469,22.78844,54.33502,13.09333,1.512722,2.784307,11.07552,87.25523,1.719754,1.371837,0.9550793,0,1.054609,3.72529E-09,0.2581501,23.85255,0.7520989,0,1.830962,1.370936,4.654166,214.2491,40.601,145.7509,1481.488,61.1573,1939.024,70.81923,640.3965,4.496602,7.724812,0.619428,0.9928904,0.9952984,227.5405,36.64948,36.31493,-0.3480458,1.441457,1,27.1418,8.094891,0.03337833,4.432123,55.79381,29.98366,20.12027,1,214.413,98.01072,"Kljun_et_al"
"2026-09-22 10:00:00",0,-0.3105652,7,31042,0.0616741,7,31090,41.57174,5,31090,0.06066822,5,31090,6.64528,5,31090,0.1598509,-0.005654749,4,0.07352624,-0.08508847,0.1588173,14.48858,98.73091,14.69443,1.678524,1.656182,14.44753,101.6158,2.268484,1.678311,1.651632,14.21962,82.47877,11.28011,1.342278,1.627461,10.1206,86.98772,-0.02667832,0.6665345,0.3751025,0,0.4045247,-7.450581E-09,0.1152931,16.21055,0.1694267,0,0.7914716,0.6652737,1.752344,305.6226,32.34398,54.37744,1915.166,75.08691,1978.129,94.3073,606.9288,15.79312,12.64422,0.3025231,0.8348104,0.8354654,130.1305,35.95804,-38.25423,0.1215448,1.460367,0.8533334,14.87542,6.890176,0.02453047,6.571357,82.72357,44.45575,29.83164,1,214.413,96.78056,"Kljun_et_al"
"2026-09-22 10:30:00",1,0.77002,6,36000,0.0737134,8,36000,86.55573,3,36000,0.1263829,3,36000,37.42801,3,36000,0.4324151,-0.01166863,4,0.105716,-0.3340642,0.2180665,15.25005,92.61176,14.04917,1.610813,1.73983,14.99865,94.12105,5.337383,1.609452,1.712188,14.85627,81.60445,11.73992,1.383856,1.696081,10.41092,86.96971,0.1027358,0.8958322,0.4146616,0,0.4840397,0,0.1729001,16.69236,0.5138323,0,1.020375,0.8945118,2.577076,302.194,28.44813,57.806,1910.987,66.32037,2066.053,64.49485,634.4857,23.0664,12.10247,0.5272924,0.8780288,0.878351,137.585,39.68787,-31.28957,0.113988,1.342961,1,15.21307,6.985997,0.024818,6.142631,77.32655,41.55539,27.88537,1,214.413,97.03485,"Kljun_et_al"
"2026-09-22 11:00:00",2,-1.19593,7,36000,-0.2055778,7,36000,214.9717,7,36000,0.3144869,7,36000,141.0757,7,36000,0.6562521,-0.03610634,7,0.1865735,-0.7187536,0.4337706,17.98286,71.84338,12.79296,1.484534,2.071504,16.98607,76.1301,3.248498,1.47961,1.945641,16.75816,75.83313,12.46771,1.452044,1.916533,10.85202,86.94585,0.466031,0.3653246,0.5512204,0,0.7124933,-2.328306E-10,0.2367501,18.55354,0.9331312,0,0.8838391,0.3653027,2.690632,199.856,62.04232,160.144,1739.095,58.081,2014.857,44.58805,658.8571,5.691984,11.04864,0.5532535,0.9593243,0.9574316,146.4841,43.12048,-23.78733,0.1060485,1.254284,1,15.81753,7.021892,0.02514433,1.419394,17.86805,9.602315,6.443548,1,214.413,99.49439,"Kljun_et_al"
"2026-09-22 11:30:00",3,-0.364974,9,36000,-0.2578776,9,36000,157.3477,9,36000,0.230426,9,36000,99.48487,9,36000,0.6322613,-0.02180102,9,0.1452537,-0.6536366,0.6064317,18.65417,67.50675,12.50592,1.456994,2.158385,18.06345,69.86458,2.211062,1.454195,2.081848,17.9287,71.73904,12.75414,1.479475,2.062356,11.01289,86.92622,0.627653,1.524746,0.7511349,0,0.7666665,-3.72529E-09,0.2467429,19.60985,0.8286474,0,1.705142,1.524358,4.734976,186.2304,26.37452,173.7696,1651.705,34.37704,1938.575,21.96338,647.1637,5.50468,10.81861,0.5609014,0.9884542,0.990186,156.3093,45.79005,-16.28582,0.09785649,1.195764,1,17.21754,7.134176,0.02589767,7.609194,95.78841,51.47681,34.54306,1,214.413,96.15176,"Kljun_et_al"
"2026-09-22 12:00:00",4,0.03097201,9,36000,-0.1312832,9,36000,165.8151,9,36000,0.2429338,9,36000,107.0731,9,36000,0.6457379,-0.05979045,9,0.2407825,-0.4251325,0.818294,18.78834,68.20078,12.78736,1.483978,2.176766,18.52462,69.21758,2.219218,1.48281,2.143384,18.28304,71.7387,13.09392,1.51268,2.108849,11.2464,86.90649,0.6605741,2.280638,0.8824197,0,0.8814029,-7.450581E-09,0.284697,20.10456,0.9007114,0,2.434288,2.278363,6.132129,174.4449,20.50011,185.5551,1674.322,28.24055,1956.148,12.20656,656.3099,6.928654,11.01401,0.5456219,0.9935932,0.995824,166.9382,47.54548,-8.784225,0.08963012,1.161373,1,18.92446,7.27408,0.02690367,6.866576,86.43995,46.45294,31.17183,1,214.413,96.60356,"Kljun_et_al"
"2026-09-22 12:30:00",5,-0.06314886,9,36000,-0.2266186,9,36000,165.1865,9,36000,0.2421644,9,36000,121.9658,9,36000,0.7383522,-0.07240036,9,0.2652885,-0.4408184,0.875872,19.39048,62.47675,12.02355,1.411194,2.260493,19.17499,63.21648,1.918909,1.410322,2.232546,18.97214,68.6884,13.08959,1.512204,2.202092,11.21624,86.85695,0.822224,2.367589,0.7785835,0,1.03224,7.450581E-09,0.2829016,20.68138,0.9415301,0,2.565075,2.365131,5.848092,177.501,22.61464,182.499,1646.194,25.4882,1962.946,9.019481,663.5175,5.570465,10.45223,0.4946637,0.9963747,0.9980941,178.0765,48.26725,-1.281617,0.08176125,1.147558,1,20.55304,7.413488,0.02785933,6.470052,81.4483,43.77041,29.37175,1,214.413,96.84099,"Kljun_et_al"
"2026-09-22 13:00:00",6,-0.03478843,7,36000,-0.1636493,7,36000,98.23399,7,36000,0.1440281,7,36000,50.4122,7,36000,0.5131849,-0.03978597,7,0.1967254,-0.2458996,0.6642844,19.50562,61.20564,11.8306,1.392961,2.276243,19.29393,61.93957,1.373222,1.392035,2.247415,19.22263,67.5968,13.0846,1.511696,2.236388,11.20294,86.82703,0.8553793,2.208625,0.7527384,0,0.8387704,1.490116E-08,0.241698,20.78168,0.6161555,0,2.356992,2.206779,5.998022,166.0306,20.44842,193.9694,1634.802,21.44969,1958.415,7.166022,652.9834,3.691082,10.31304,0.4122115,0.9925508,0.9971255,189.2896,47.89967,6.219901,0.07357121,1.153796,1,22.09954,7.546983,0.028878,8.139131,102.4595,55.06187,36.94878,1,214.413,95.82437,"Kljun_et_al"
"2026-09-22 13:30:00",7,0.02976453,7,36000,-0.1681182,7,36000,174.8154,7,36000,0.2565406,7,36000,125.5737,7,36000,0.7183215,-0.05879294,7,0.2395775,-0.5048187,1.366065,20.56435,56.94972,11.72598,1.383865,2.430489,20.22763,58.0378,1.641783,1.382434,2.382994,20.10698,65.68417,13.48508,1.551755,2.362785,11.46511,86.78495,1.000559,1.936223,0.8910917,0,1.363939,-7.450581E-09,0.2788447,21.71058,0.9079024,0,2.360873,1.934495,5.623171,165.2688,34.42281,194.7312,1610.921,25.87942,1941.19,9.235955,645.2824,4.856841,10.20877,0.5031609,0.9230851,0.9469857,200.1252,46.47134,13.72144,0.06533155,1.180228,1,22.99844,7.633161,0.02960233,5.858808,73.75365,39.6353,26.59692,1,214.413,97.20132,"Kljun_et_al"
"2026-09-22 14:00:00",8,0.05225873,7,36000,-0.1451499,7,36000,116.1231,7,36000,0.1704439,7,36000,62.4178,7,36000,0.537514,-0.04053001,7,0.1989999,-0.3024315,0.6024533,20.8816,53.94899,11.20453,1.336911,2.478437,20.43422,55.34218,1.930424,1.334952,2.411916,20.48643,63.91381,13.4262,1.545844,2.41861,11.40671,86.75623,1.076965,1.356416,0.6787069,0,0.8355377,7.450581E-09,0.2148027,21.86729,0.5967329,0,1.583877,1.355512,3.97954,193.7398,30.75669,166.2602,1583.761,25.57428,1932.661,7.032992,644.4226,3.707971,9.851713,0.486792,0.9960179,0.997929,210.2356,44.08405,21.22372,0.05741411,1.229619,1,23.82273,7.72385,0.03031033,4.941351,62.20424,33.42864,22.43199,1,214.413,97.72745,"Kljun_et_al"
"2026-09-22 14:30:00",9,0.1056983,7,36000,-0.1773965,7,36000,106.0581,7,36000,0.1557046,7,36000,44.06321,7,36000,0.4154631,-0.01854708,7,0.1347109,-0.3158456,0.4688275,20.98322,53.12443,11.06454,1.324598,2.493818,20.66115,54.10407,2.262896,1.323206,2.445526,20.57897,63.58092,13.43357,1.546534,2.432411,11.40824,86.69926,1.12232,1.091961,0.4454167,0,0.8385677,0,0.1899029,22.08355,0.4952758,0,1.354296,1.091319,3.438462,196.814,35.69334,163.186,1576.862,28.09927,1932.625,9.072878,642.5488,4.140429,9.7577,0.4923718,0.9547874,0.9848524,219.4399,40.88261,28.72539,0.04928529,1.306231,1,24.36872,7.790005,0.030882,5.875991,73.96996,39.75154,26.67492,1,214.413,97.19138,"Kljun_et_al"
"2026-09-22 15:00:00",10,0.0263505,7,36000,-0.1632217,7,36000,118.5556,7,36000,0.1741666,7,36000,68.48051,7,36000,0.5776233,-0.01183269,7,0.1077227,-0.6153156,0.7628993,22.05685,49.31371,10.93624,1.313105,2.663453,21.34052,51.37,1.693933,1.310004,2.550675,21.27144,62.11191,13.72858,1.576514,2.538229,11.60204,86.69444,1.240671,1.029309,0.8235091,0,0.8969023,7.450581E-09,0.2078405,22.75199,0.695254,0,1.393334,1.028758,4.943904,169.1159,41.43346,190.8841,1562.728,23.29712,1926.056,7.621235,641.234,3.757724,9.637796,0.4447358,0.966225,0.9589635,227.7162,37.02224,36.22691,0.04104449,1.419842,1,24.39194,7.836561,0.031202,6.926317,87.19199,46.85709,31.44303,1,214.413,96.56741,"Kljun_et_al"
"2026-09-22 15:30:00",11,0.1325074,5,36000,-0.05738988,5,36000,80.9819,5,36000,0.118955,5,36000,24.79699,5,36000,0.3062041,-0.01438613,2,0.1187533,-0.2020592,0.3295036,21.93764,48.70988,10.62869,1.286643,2.645706,21.22665,50.71761,2.627468,1.28356,2.532058,21.39438,61.49717,13.69079,1.572698,2.557577,11.56909,86.68777,1.248498,0.5282095,0.4000145,0,0.6897022,9.313226E-10,0.1526642,22.60896,0.4723789,0,0.8956524,0.5281898,2.22656,214.4739,51.88261,145.5261,1552.953,27.62694,1925.778,9.735464,644.2604,2.739034,9.447438,0.4643825,0.9818305,0.9862911,235.1441,32.64614,43.72887,0.03298104,1.584679,1,24.55807,7.832283,0.03155733,3.224338,40.5896,21.8129,14.63736,1,214.413,98.65162,"Kljun_et_al"
"2026-09-22 16:00:00",12,0.0111637,9,36000,-0.04080047,9,36000,58.94282,9,36000,0.08658949,9,36000,37.66507,9,36000,0.6390103,-0.009528966,9,0.09668355,-0.3771288,0.4173358,22.12786,50.12357,11.19233,1.336458,2.677716,21.32087,52.41476,4.021681,1.33291,2.547613,21.31203,62.70398,13.90734,1.594922,2.545103,11.73597,86.67189,1.214702,0.7053908,0.520295,0,0.7349182,1.862645E-09,0.154467,22.75737,0.6442047,0,0.9710129,0.7050837,3.550139,185.918,42.38924,174.082,1579.113,45.79501,1935.561,21.89599,640.995,3.633987,9.807835,0.600782,0.9915679,0.9950041,241.8499,27.8763,51.23087,0.02499549,1.827817,1,24.36607,7.827455,0.03171333,5.288629,66.57594,35.778,24.00851,1,214.413,97.53053,"Kljun_et_al"
"2026-09-22 16:30:00",13,-0.02680487,7,36000,-0.07350137,7,36000,72.87341,7,36000,0.1070921,7,36000,37.84449,7,36000,0.5193182,-0.01790641,7,0.1325928,-0.2766706,0.4729819,22.5794,45.93121,10.32875,1.260877,2.752481,21.6883,48.30468,2.52525,1.257113,2.606113,21.76755,60.07723,13.68335,1.571962,2.616846,11.54895,86.6767,1.349,1.113569,0.623201,0,0.7238946,0,0.1831962,23.04426,0.7640414,0,1.348351,1.113078,3.841434,164.9016,33.83525,195.0984,1528.818,22.19073,1911.394,8.21977,641.7197,3.14519,9.238127,0.4008031,0.9963313,0.9984651,247.9725,22.81248,58.7326,0.01675531,2.20367,1,24.04178,7.824269,0.03166933,6.08803,76.63921,41.186,27.63751,1,214.413,97.06703,"Kljun_et_al"
"2026-09-22 17:00:00",14,0.06916225,8,36000,0.005413394,8,36000,45.04703,8,36000,0.0660978,8,36000,-8.944663,8,36000,-0.1985628,-0.02813576,1,0.1658083,0.05203076,0.2266115,20.41271,53.93126,10.73102,1.295046,2.410733,20.0951,54.93694,4.348761,1.29364,2.363601,20.40027,63.00317,13.11882,1.515172,2.407634,11.18333,86.63566,1.069961,2.070263,0.4851397,0,0.428135,-1.862645E-09,0.1859112,21.48374,0.8312779,0,2.115092,2.070178,4.155702,220.4843,11.80341,139.5157,1583.312,44.09361,1951.033,31.70848,647.476,4.251978,9.559086,0.3990329,0.8656239,0.8556792,253.6467,17.53624,66.23441,0.008619536,2.831695,1,23.91746,7.824436,0.03160533,10.12163,162.4385,76.86356,48.58351,1,214.413,92.28146,"Kljun_et_al"
"2026-09-22 17:30:00",15,0.4078107,3,36000,0.03444792,4,36000,51.55454,3,36000,0.0756378,3,36000,-17.39682,3,36000,-0.337445,-0.03471568,1,0.1841402,0.09109782,0.3975163,20.02022,54.08384,10.41847,1.269017,2.350478,19.97848,54.22638,4.244995,1.268826,2.34453,19.96398,63.26474,12.76848,1.480652,2.342256,10.94532,86.62873,1.075704,2.294809,0.7054055,0,0.4900661,0,0.2393134,21.33985,0.3908859,0,2.347303,2.29479,5.301264,241.6502,12.11526,118.3498,1572.544,48.85376,1946.598,28.87024,641.7965,2.899287,9.379531,0.5147867,0.9921115,0.9940937,258.9953,12.11755,73.73657,0.0007092247,4.051453,1,23.38892,7.777561,0.03139267,10.12461,162.4863,76.88619,48.59781,1,214.413,92.27928,"Kljun_et_al"
"2026-09-22 18:00:00",16,-0.4704288,8,36000,0.04970356,8,36000,9.642077,8,36000,0.01413336,8,36000,-4.864189,8,36000,-0.5044752,-0.01064539,4,0.1017928,0.04590968,0.2795448,19.09838,58.54236,10.77501,1.298154,2.219641,19.02916,58.7961,2.745994,1.297832,2.210186,19.2589,64.97796,12.5142,1.456132,2.241989,10.78977,86.65758,0.9123535,1.332565,0.3691131,0,0.6375654,-3.72529E-09,0.1278886,20.41694,0.4224992,0,1.482743,1.331741,2.99739,287.5553,25.84896,72.4447,1607.409,44.75481,1968.765,44.15195,654.7517,6.880023,9.624752,0.2106398,0.9920761,0.9941061,264.1282,6.632092,81.2381,-0.007532998,7.243345,1,22.66671,7.71646,0.031055,10.65498,170.9981,80.91387,51.1436,1,214.413,91.89751,"Kljun_et_al"
"2026-09-22 18:30:00",17,1.110023,7,36000,0.5825212,5,36000,91.38975,5,36000,0.1337781,5,36000,-49.77094,5,36000,-0.544601,-0.3104969,5,0.5480919,0.08676539,4.022029,17.60815,59.97985,9.679328,1.211203,2.02363,17.62352,59.94803,6.240448,1.21125,2.025859,17.76567,65.52324,11.21073,1.338071,2.043466,9.964978,86.72906,0.8146093,5.631288,2.55908,0,1.089419,0,0.5552757,18.91104,0.938834,0,5.721687,5.623765,15.24699,337.2589,10.59651,22.74115,1641.84,172.5424,2040.384,187.5289,658.075,11.49391,9.025561,0.86847,0.9893422,0.9918825,269.148,1.210862,88.73962,-0.01577984,25.33997,0.75,21.95271,7.65402,0.03064333,8.275926,132.8175,62.84732,39.7242,1,214.413,93.62016,"Kljun_et_al"
"2026-09-22 19:00:00",18,0.3679416,4,36000,0.3294935,1,36000,27.27577,1,36000,0.0398716,1,36000,-31.29697,1,36000,-1.147428,-0.1080906,4,0.3225289,0.09222095,1.353621,16.08582,66.6049,9.861659,1.22155,1.835079,16.1842,66.23621,3.325873,1.22195,1.846863,16.12614,69.19759,10.48125,1.272791,1.839749,9.533497,86.76279,0.624913,2.874302,1.14468,0,1.135052,-7.450581E-09,0.3295523,17.476,0.3301759,0,3.071576,2.871676,7.618091,3.195773,20.66384,356.8042,1535.71,59.44048,1894.147,59.83947,656.1232,3.736389,9.151127,0.2821401,0.9880289,0.9887217,274.1525,-4.596075,96.24197,-0.02361655,"NAN",0,21.21172,7.582359,0.03019367,7.209404,115.7012,54.74817,34.60493,1,214.413,94.40106,"Kljun_et_al"
"2026-09-22 19:30:00",19,2.441678,7,36000,0.7325909,6,36000,51.18365,6,36000,0.07475317,6,36000,-38.03012,6,36000,-0.743013,-0.05457187,3,0.2288094,0.157462,0.5707433,15.27171,70.42154,9.873394,1.223207,1.742867,15.25276,70.51169,6.224002,1.223123,1.740863,15.49582,70.49471,10.14385,1.244405,1.767899,9.34135,86.75697,0.5177402,0.7079355,0.6948204,0,0.8034101,0,0.1150794,16.54165,0.5951454,0,1.155141,0.7078565,2.882815,226.4642,50.40336,133.5358,1606.7,99.70579,1974.37,94.76593,676.6166,15.22425,9.190151,0.4530126,0.9903253,0.9921705,279.2364,-10.19706,103.7436,-0.03182418,"NAN",0,20.47755,7.523896,0.029726,2.515799,40.37518,19.10496,12.07576,1,214.413,97.90469,"Kljun_et_al"
"2026-09-22 20:00:00",20,0.02204646,8,36000,0.05879299,7,36000,-3.82269,7,36000,-0.005576417,7,36000,-9.334214,7,36000,2.441792,-0.01861396,7,0.1333469,0.06599788,0.2975269,13.90511,82.1973,10.9181,1.310459,1.594668,14.02289,81.64155,2.928118,1.310983,1.607285,14.11191,76.6862,10.08222,1.239298,1.61616,9.347651,86.78956,0.2963026,0.9845396,0.3128087,0,0.6968778,3.72529E-09,0.1075442,15.39865,0.4168648,0,1.204318,0.9836121,3.074064,190.9178,34.67537,169.0822,1673.179,64.57578,2002.321,69.70624,678.5184,8.885983,9.891582,0.1535134,0.9868248,0.9892212,284.5002,-15.68535,111.2453,-0.04006965,"NAN",0,19.80484,7.462888,0.02924433,6.009302,96.44121,45.63459,28.84447,1,214.413,95.2864,"Kljun_et_al"
"2026-09-22 20:30:00",21,-0.07400674,9,36000,0.1135505,9,36000,-0.7241096,9,36000,-0.001055213,9,36000,-5.218963,9,36000,7.20742,-0.002634714,9,0.05006672,0.09788754,0.08702885,12.78167,87.9669,10.83817,1.303405,1.482059,12.94015,87.11644,1.709491,1.304131,1.497723,12.95246,79.56463,9.505686,1.192274,1.498661,9.029393,86.8112,0.1935923,0.8434279,0.3213427,0,0.2591316,1.862645E-09,0.06039364,14.30321,0.3987466,0,0.888493,0.8429703,1.951133,137.3117,18.33463,222.6883,1876.734,151.0095,2239.625,177.4985,701.6478,7.395959,9.876936,0.06847682,0.9866158,0.9890488,290.0523,-21.03569,118.7474,-0.04798126,"NAN",0,19.14156,7.401337,0.02878767,13.74998,220.6687,104.4173,65.99951,1,214.413,89.69582,"Kljun_et_al"
"2026-09-22 21:00:00",22,0.223054,8,36000,0.01396911,8,35985,-0.2235667,8,35985,-0.0003257567,8,35985,1.166437,8,35985,-5.217401,-0.004297557,4,0.06396025,-0.01709792,0.08057016,13.06443,87.94602,14.28351,1.652982,1.509596,12.82083,111.5453,19.94773,1.651387,1.486111,13.15735,80.15339,9.815151,1.217273,1.51876,9.212174,86.86009,-0.1652757,0.7272963,0.232559,0,0.3246872,0,0.0404329,14.54789,0.2748279,0,0.8011631,0.7272887,1.445836,229.7264,24.59641,130.2736,1904.1,175.9717,2009.204,67.52015,602.949,105.1344,12.51433,2.007775,0.8027662,0.8234262,296.0101,-26.19075,126.2492,-0.05611366,"NAN",0,18.5374,7.351882,0.02833867,8.244619,103.7874,55.77551,37.42766,1,214.413,95.7587,"Kljun_et_al"
"2026-09-22 21:30:00",23,0.4887581,4,36000,-0.007458411,9,36000,15.27738,4,36000,0.02226557,4,36000,-6.228515,3,36000,-0.4076951,-0.006050011,5,0.07592447,0.07691778,0.142217,13.3325,"NAN",15.72413,1.794096,1.536342,13.05805,118.8842,6.595887,1.792372,1.509147,13.37613,80.65292,10.12101,1.242512,1.540705,9.395946,86.90377,-0.2832252,1.072439,0.4598686,0,0.2627708,2.328306E-10,0.06250159,14.93464,0.2461148,0,1.110865,1.072437,2.409343,230.7957,15.06547,129.2043,1943.487,111.161,1994.48,62.43745,537.7725,27.93728,13.56962,0.5322613,0.8415666,0.8582829,302.5044,-31.07755,133.7507,-0.06435997,"NAN",0,18.09657,7.301643,0.02797133,11.51949,184.8723,87.47892,55.29321,1,214.413,91.27824,"Kljun_et_al"
"2026-09-22 22:00:00",24,0.2235096,7,36000,0.2743642,7,36000,0.2440387,7,36000,0.0003557457,7,36000,-3.249716,7,36000,-13.31639,-0.004608633,7,0.06626195,0.04602521,0.250356,13.33415,98.95982,14.22969,1.62903,1.536373,13.28889,106.3703,4.14222,1.628749,1.53203,13.4396,80.93295,10.23503,1.251987,1.54696,9.465555,86.92164,-0.09671855,0.3302636,0.6479325,0,0.27882,-4.656613E-10,0.0561692,14.99384,0.2548158,0,0.6775758,0.3301913,1.871489,32.78496,57.99777,327.215,1847.037,50.34499,2010.112,57.67786,607.8407,26.83026,12.32068,0.3516449,0.9248192,0.9385191,309.6751,-35.60465,141.2526,-0.07241575,"NAN",0,17.74654,7.278114,0.02765467,4.064381,65.22784,30.86488,19.50891,1,214.413,96.73632,"Kljun_et_al"
"2026-09-22 22:30:00",25,0.1806707,9,36000,-0.0006498015,9,35985,13.02624,9,35985,0.01898733,9,35985,-3.874082,9,35985,-0.297406,-0.00144506,9,0.03709088,0.09799073,0.228394,13.20869,99.79722,13.58752,1.563409,1.524028,13.20218,102.7297,6.587548,1.563317,1.523697,13.28377,81.388,10.16596,1.246216,1.531414,9.427046,86.93182,-0.03961992,0.7549801,0.4673403,0,0.4851148,-3.72529E-09,0.05517756,14.83747,0.4097652,0,0.8944013,0.7535894,2.238517,330.6897,32.13945,29.3103,1926.177,142.3554,2105.572,101.2502,665.2324,43.78635,11.82947,0.5673401,0.7664995,0.7692174,317.6567,-39.6585,148.7547,-0.08040373,"NAN",0,17.42208,7.239559,0.02738133,16.61572,266.6599,126.1796,79.75496,1,214.413,87.69532,"Kljun_et_al"
"2026-09-22 23:00:00",26,0.13764,8,36000,0.2133296,8,36000,-1.196306,8,36000,-0.001742941,8,36000,-5.039139,8,36000,4.212249,-0.008263228,7,0.08867947,0.05319245,0.2557643,13.00068,"NAN",16.35715,1.867746,1.503342,12.71066,126.5474,5.141033,1.865829,1.475381,13.09065,81.24249,9.951784,1.228516,1.512171,9.299394,86.92818,-0.3904485,0.7581907,0.4227347,0,0.5732998,3.72529E-09,0.06443101,14.66198,0.3916233,0,0.9237948,0.7565256,2.46111,320.0922,34.46713,39.90784,2339.8,84.01115,2191.969,61.90316,530.7047,35.46767,14.14248,0.4465623,0.7245693,0.753564,326.5487,-43.10262,156.2565,-0.08865275,"NAN",0,17.13839,7.20275,0.027162,6.967701,111.8222,52.91267,33.44476,1,214.413,94.57879,"Kljun_et_al"
"2026-09-22 23:30:00",27,0.919816,7,36000,0.1545641,4,36000,7.383825,6,36000,0.01075151,6,36000,-8.27944,3,36000,-1.121294,-0.009298373,3,0.09392923,0.08235695,0.2231497,12.25708,"NAN",14.76696,1.686684,1.431713,12.10299,119.0039,5.034322,1.685748,1.417401,12.3606,83.8159,9.702793,1.208123,1.441497,9.168448,86.93522,-0.2683469,1.515962,0.44715,0,0.480711,-7.450581E-09,0.1235853,13.86047,0.2267553,0,1.595897,1.513748,2.752098,324.2521,18.37737,35.74789,2245.334,256.6549,2264.091,210.7079,626.1901,14.0604,12.80493,0.39223,0.7914797,0.7974313,336.37,-45.78392,163.7581,-0.09678382,"NAN",0,16.87042,7.203876,0.02696333,13.15814,211.1704,99.92281,63.15867,1,214.413,90.11328,"Kljun_et_al"
"2026-09-23 00:00:00",28,-3.531288,8,36000,0.03146392,8,36000,7.94832,8,36000,0.01157422,8,36000,-0.950601,8,36000,-0.1195977,-0.01824132,6,0.1315443,0.006755436,0.25158,12.25682,"NAN",13.58835,1.562149,1.431693,12.17141,109.7035,1.832494,1.561681,1.423771,12.34039,83.17297,9.568746,1.197302,1.439561,9.086964,86.93025,-0.13791,1.094948,0.310898,0,0.6340547,-3.72529E-09,0.06691023,13.79911,0.2421278,0,1.273505,1.094035,2.197769,24.3036,30.40744,335.6964,2300.46,410.3431,2471.32,461.2863,645.9988,10.31889,11.85941,0.163867,0.8600187,0.8656094,346.9998,-47.55064,171.2604,-0.104697,"NAN",0,16.59509,7.144632,0.02674767,6.699643,107.5202,50.87704,32.15809,1,214.413,94.77625,"Kljun_et_al"
"2026-09-23 00:30:00",29,0.450849,9,36000,0.1458079,9,36000,-2.992197,9,36000,-0.004358412,9,36000,-3.984293,9,36000,1.331561,-0.003540869,9,0.05797281,0.064321,0.1159807,12.37683,99.73859,12.64901,1.469225,1.443407,12.4645,101.3163,3.48331,1.469683,1.452196,12.47528,81.97524,9.483766,1.190519,1.452585,9.031157,86.93393,-0.01748645,1.083854,0.2842326,0,0.3872001,0,0.03534424,13.99713,0.5746064,0,1.158433,1.081479,1.953175,327.0898,20.87679,32.91022,2044.158,175.6207,2278.141,193.4281,641.3558,22.40901,11.14926,0.1979068,0.8984193,0.9046648,238.1409,-48.28272,58.76191,-0.112946,"NAN",0,16.28014,7.127347,0.02653367,15.25472,244.8177,115.8442,73.2222,1,214.413,88.64091,"Kljun_et_al"
"2026-09-23 01:00:00",30,-0.1990867,9,36000,0.2485079,9,36000,-1.83056,9,36000,-0.002663519,9,36000,-4.541892,9,36000,2.481148,-0.002514077,9,0.04873787,0.08689065,0.126849,11.36528,98.87686,11.19858,1.335634,1.350719,11.34168,99.1107,3.197417,1.33555,1.349509,11.5824,81.85366,8.590315,1.12122,1.37007,8.531776,86.93723,0.01395869,1.379432,0.3030441,0,0.3989913,-7.450581E-09,0.05165447,12.72811,0.8767761,0,1.434886,1.376949,2.347762,343.1903,16.27616,16.80966,2466.828,409.6892,2863.682,497.304,703.9713,37.79353,10.17103,0.3259408,0.9341801,0.9403397,9.362805,-47.9246,-173.7366,-0.1211348,"NAN",0,15.86086,7.1089,0.02625633,23.10097,370.7395,175.4286,110.884,1,214.413,83.30115,"Kljun_et_al"
"2026-09-23 01:30:00",31,0.00547648,9,36000,-0.03958303,8,36000,-1.924851,8,36000,-0.002799411,8,36000,4.574232,8,36000,-2.376408,-0.006926955,7,0.08081135,-0.05269092,0.5054331,10.59175,93.6983,10.14193,1.245416,1.283206,10.85429,95.65766,6.260492,1.246609,1.30628,10.73166,83.31725,8.01817,1.078455,1.294756,8.231053,86.94504,0.0596714,1.101114,0.7814894,0,0.6308337,-1.490116E-08,0.04678838,12.14539,0.7828233,0,1.378008,1.098454,2.382976,334.3473,36.48311,25.65271,2583.283,320.9213,3064.568,354.8165,724.6854,30.93128,9.510624,0.4409601,0.9497215,0.9541618,20.21137,-46.50356,-166.2342,-0.1290015,"NAN",0,15.39501,7.051651,0.025956,9.877987,124.3491,66.82537,44.84258,1,214.413,94.72514,"Kljun_et_al"
"2026-09-23 02:00:00",32,-0.2352409,8,36000,-0.1622086,8,36000,-1.060952,8,36000,-0.00154216,8,36000,-8.637374,8,36000,8.141151,-0.009830124,7,0.09613945,0.08346172,0.5823441,10.10475,92.21115,8.88154,1.143661,1.241682,10.28555,91.18997,4.747831,1.144427,1.257751,10.40415,82.85374,7.617466,1.049335,1.26663,8.018095,86.96362,0.1133232,0.7935797,0.9471223,0,0.5120739,3.72529E-09,0.07367479,11.46761,0.8056622,0,1.215875,0.7930456,2.430316,169.674,47.76647,190.326,2155.797,273.3911,2640.853,325.2126,764.4235,36.12476,8.74845,0.2945752,0.9714534,0.9675469,30.33378,-44.12215,-158.7326,-0.1372379,"NAN",0,14.93516,7.010395,0.02560933,6.730038,108.008,51.10786,32.30398,1,214.413,94.75384,"Kljun_et_al"
"2026-09-23 02:30:00",33,-1.302721,8,36000,-0.462455,8,36000,0.1626114,8,36000,0.0002361899,8,36000,1.076116,8,36000,6.617718,-0.02103783,7,0.1404279,-0.007097429,0.3336189,9.227316,96.88584,8.759197,1.133744,1.17011,9.50599,95.19022,1.166424,1.134876,1.192526,9.46383,84.86552,7.048092,1.008969,1.188905,7.735527,86.98898,0.05765045,1.158489,0.4723954,0,0.6642516,3.72529E-09,0.05338718,10.67459,0.3568206,0,1.35953,1.157838,2.314224,131.7251,31.19859,228.2749,2183.896,186.6415,2675.481,229.3824,772.8265,20.22183,8.699442,0.1033841,0.9808037,0.9833824,39.55099,-40.92488,-151.2311,-0.1454317,"NAN",0,14.50654,6.978316,0.025241,5.983834,75.32755,40.48112,27.1645,1,214.413,97.1282,"Kljun_et_al"
"2026-09-23 03:00:00",34,1.215154,8,36000,-0.05814452,8,36000,2.904154,8,36000,0.004217937,8,36000,4.938285,8,36000,1.700421,-0.01450372,4,0.1165736,-0.03921766,0.3270244,9.177027,97.37212,8.783607,1.13574,1.166244,9.433759,95.80825,1.312288,1.136802,1.187053,9.283517,85.72327,7.017633,1.006964,1.174591,7.725033,87.00429,0.05025101,1.003566,0.3577294,0,0.7235398,-1.862645E-09,0.0506811,10.60385,0.5251389,0,1.259914,1.003166,1.85286,42.55938,36.56522,317.4406,2014.397,106.4255,2465.277,132.5708,798.5076,17.18835,8.716256,0.16666,0.9803111,0.982719,47.84024,-37.06657,-143.7289,-0.1534409,"NAN",0,"NAN","NAN","NAN",6.242733,78.5867,42.23259,28.33981,1,214.413,96.97588,"Kljun_et_al"
"2026-09-23 03:30:00",35,0.1964484,8,36000,-0.05508114,8,36000,0.9123278,8,36000,0.001326073,8,36000,7.465528,8,36000,8.182944,-0.02223289,6,0.144545,-0.04793996,0.263367,9.922916,97.33455,9.517534,1.193264,1.226393,10.24452,95.37517,1.985967,1.194628,1.253278,9.963807,86.19221,7.765401,1.059821,1.229638,8.11095,87.01719,0.05865073,0.8368459,0.3342257,0,0.6431541,0,0.03714629,11.47777,0.4656333,0,1.0809,0.8358377,1.689381,16.09182,38.56829,343.9082,1918.697,73.29385,2320.12,87.2711,758.351,14.02914,9.13359,0.1127278,0.9799719,0.9823605,55.27914,-32.69138,-136.2269,-0.1615327,"NAN",0,"NAN","NAN","NAN",4.199027,52.85948,28.40675,19.0621,1,214.413,98.13795,"Kljun_et_al"
"2026-09-23 04:00:00",36,0.8205789,9,36000,0.3456512,9,36000,-9.451161,9,36000,-0.0137101,9,36000,-7.687437,9,36000,0.8133854,-0.006053071,9,0.07511611,0.0942869,0.1860719,8.157474,99.23376,8.157735,1.089886,1.090499,8.166235,99.96079,1.315953,1.089926,1.091067,8.538676,85.7662,6.293423,0.9597598,1.118997,7.380834,87.04118,0.001141667,1.224617,0.2634639,0,0.5483666,0,0.0449962,9.282524,1.029204,0,1.340609,1.223378,2.545162,280.6713,23.95274,79.32867,2269.637,190.7822,2797.065,241.8832,850.0799,44.51147,8.393256,0.4494471,0.977547,0.9801192,61.99488,-27.92103,-128.7254,-0.1697245,"NAN",0,13.33041,6.860196,0.02406633,13.30138,213.4692,101.0106,63.84621,1,214.413,90.01212,"Kljun_et_al"
"2026-09-23 04:30:00",37,0.2190971,8,36000,0.1519458,8,36000,-5.620113,8,36000,-0.008151921,8,36000,-6.234592,8,36000,1.109336,-0.01907808,4,0.1333135,0.0430631,0.3034488,7.78391,100.0218,7.930691,1.072023,1.061319,8.068164,99.17421,0.7790145,1.073131,1.082301,7.881407,87.33619,5.91013,0.933058,1.068264,7.193666,87.06065,0.009170651,0.9163476,0.5673907,0,0.5310482,0,0.05434356,9.166322,0.5351189,0,1.136884,0.915813,2.345828,30.91746,35.71849,329.0826,2307.729,142.1826,2851.567,176.4324,849.4164,22.50514,8.267916,0.215629,0.974416,0.9767335,68.12774,-22.85383,-121.2235,-0.1778094,"NAN",0,"NAN","NAN","NAN",5.58808,89.68117,42.43584,26.82262,1,214.413,95.59888,"Kljun_et_al"
"2026-09-23 05:00:00",38,-0.5962053,9,36000,-0.1160753,9,36000,0.2408795,9,36000,0.0003496776,9,36000,-0.3103536,9,36000,-1.288418,-0.002740152,7,0.05060006,0.005664322,0.3882574,8.459366,97.81171,8.142103,1.087459,1.111475,8.920694,95.04448,2.047014,1.089268,1.147109,9.008813,87.58204,7.058977,1.337611,1.527773,9.672197,87.0667,0.05784047,1.337769,0.4283079,0,0.7680698,-7.450581E-09,0.05599972,10.03878,0.6828765,0,1.530222,1.334177,2.890873,329.4491,28.9925,30.5509,2317.406,181.1922,2862.985,228.5015,792.2237,34.96219,8.366858,0.1848306,0.9789144,0.9811749,73.81208,-17.56902,-113.7215,-0.1858254,"NAN",0,12.6488,6.825003,0.02366833,21.47876,344.7051,163.1095,103.0974,1,214.413,84.38342,"Kljun_et_al"
"2026-09-23 05:30:00",39,7.805677,9,36000,1.098946,9,36000,-20.28148,9,36000,-0.02941624,9,36000,-34.13337,9,36000,1.682982,-0.0429672,9,0.2000095,0.1570893,0.4832498,7.833256,97.32656,7.443293,1.036909,1.065654,8.001815,96.36468,2.544805,1.037547,1.078181,8.04015,85.28862,5.722861,0.9213715,1.080321,7.099261,87.07612,0.04063344,0.3987773,0.8142748,0,0.5466198,2.328306E-10,0.06828576,9.062943,0.7975996,0,0.9817155,0.3987695,1.813623,172.9636,62.4175,187.0364,2248.28,286.8208,2806.508,365.379,796.0626,30.45989,7.995517,0.1888796,0.9795789,0.9821085,79.17043,-12.13,-106.22,-0.1940191,"NAN",0,12.35171,6.810699,0.023485,1.62313,26.04906,12.32604,7.790978,1,214.413,98.58349,"Kljun_et_al"
"2026-09-23 06:00:00",40,0.1969388,9,36000,0.101745,9,36000,-2.831491,9,36000,-0.004103698,9,36000,-2.529521,9,36000,0.893353,-0.003068931,9,0.05336718,0.04349611,0.1052866,6.986621,99.79224,7.064569,1.010516,1.005018,7.210602,99.08686,0.5735894,1.011349,1.020855,7.1354,86.89511,5.103122,0.8822593,1.0152,6.820083,87.1023,0.009505868,1.323903,0.3393427,0,0.3061811,0,0.04090089,8.241616,0.58026,0,1.364837,1.323401,2.063332,131.2912,14.11355,228.7088,2649.949,260.4958,3317.047,344.5628,860.0585,27.20517,7.815653,0.2389795,0.9598574,0.9655813,84.31441,-6.579581,-98.71824,-0.2022495,"NAN",0,12.07832,6.810027,0.023312,20.23862,324.8025,153.6919,97.14474,1,214.413,85.21825,"Kljun_et_al"
"2026-09-23 06:30:00",41,4.363472,8,36000,0.09978987,8,36000,-2.920451,8,36000,-0.004233846,8,36000,-1.723408,8,36000,0.5901172,-0.01336721,7,0.1114206,0.01420413,0.2659523,7.181902,99.70478,7.18916,1.018924,1.018378,7.512814,97.93462,1.143856,1.020148,1.041994,7.320323,87.47436,5.380664,0.8992647,1.027998,6.947095,87.13357,0.02184641,0.6579011,0.3835312,0,0.6179256,0,0.05455588,8.553546,0.4803098,0,0.9462663,0.6575184,1.815227,61.52822,44.7443,298.4718,2354.219,316.714,2943.472,404.791,855.8593,24.40899,7.875378,0.1573963,0.9788005,0.9810975,89.3462,-0.8009424,-91.21584,-0.2101199,33.81113,0.4,11.79873,6.785326,0.02312133,4.786714,76.8203,36.35027,22.97609,1,214.413,96.19551,"Kljun_et_al"
"2026-09-23 07:00:00",42,1.021819,9,36000,0.3180104,9,36000,-6.697163,9,36000,-0.00970466,9,36000,-7.360872,9,36000,1.099103,-0.006470812,9,0.07743881,0.08711115,0.08054597,6.902208,99.61875,6.967574,1.00425,0.9995236,7.039471,99.57176,1.248017,1.004796,1.009798,7.036223,87.36207,5.082662,0.8813183,1.008655,6.814953,87.16676,0.00500226,0.7569969,0.2310192,0,0.3269531,0,0.02870173,8.062454,0.8828108,0,0.834784,0.7556488,1.286367,299.8798,24.93921,60.12024,2436.668,253.8274,3054.472,339.9227,879.7463,48.16933,7.769219,0.3358108,0.977065,0.9790521,94.36237,4.695125,-83.71433,-0.2183158,10.02299,1,11.52213,6.763695,0.02295733,7.974667,127.9827,60.55957,38.27816,1,214.413,93.84026,"Kljun_et_al"
"2026-09-23 07:30:00",43,1.12898,9,36000,0.5545081,9,36000,4.283247,9,36000,0.006214809,9,36000,3.451381,9,36000,0.805786,-0.006626367,4,0.07855305,-0.04043233,0.09877075,9.065462,96.55921,8.540911,1.118684,1.161304,8.405631,100.6884,0.6178446,1.115982,1.10849,7.896927,88.09536,6.050691,0.943197,1.070478,7.270583,87.21284,-0.007492423,0.5545197,0.2647178,0,0.3443697,0,0.09420969,9.547412,0.9230421,0,0.6361597,0.5534426,1.825992,301.4705,29.20784,58.52951,2417.316,154.4096,2960.304,223.3297,861.6443,53.28514,8.586775,0.4555542,0.9829081,0.9854559,99.45959,10.15911,-76.21281,-0.2265587,4.839572,1,11.29199,6.764192,0.022755,5.117628,64.42329,34.62116,23.23223,1,214.413,97.62789,"Kljun_et_al"
"2026-09-23 08:00:00",44,0.3789943,7,36000,-0.06883565,7,36000,55.35495,7,36000,0.08049472,7,36000,28.45469,7,36000,0.5140405,-0.01326554,2,0.1116164,-0.2363919,0.1343179,11.76108,90.94109,10.32585,1.259895,1.385871,10.71312,97.13925,2.904921,1.255285,1.293304,10.12479,88.54555,8.320111,1.100744,1.243147,8.419214,87.23891,0.03801942,0.7744086,0.3240422,0,0.3739953,0,0.1541428,12.00821,0.5530088,0,0.8557142,0.7736868,2.138224,306.5635,25.07841,53.43652,2004.9,102.2608,2388.638,119.0348,763.7958,15.30854,9.58145,0.2148394,0.9831271,0.9860432,104.7378,15.59455,-68.71053,-0.2344768,3.19348,1,11.23623,6.757061,0.02264933,5.02941,63.31277,34.02436,22.83175,1,214.413,97.67783,"Kljun_et_al"
"2026-09-23 08:30:00",45,-0.8151231,7,36000,-0.3025879,7,36000,65.83784,7,36000,0.09590464,7,36000,26.3912,7,36000,0.4008515,-0.02803377,7,0.1627439,-0.1513129,0.567657,13.24036,79.57813,9.772258,1.214524,1.527625,12.52693,83.17223,3.948347,1.21151,1.458062,12.2383,79.81445,8.838504,1.139945,1.43161,8.654645,87.25618,0.246552,1.544802,0.8044969,0,0.6636425,-7.450581E-09,0.2183516,13.7843,0.5350131,0,1.713532,1.543385,3.665869,18.52308,25.52414,341.4769,1716.995,89.51861,2081.966,92.74162,713.9595,13.3394,9.188724,0.3441244,0.9838769,0.9867827,110.3036,20.90795,-61.20886,-0.2426107,2.409523,1,11.50965,6.770624,0.02269867,6.881588,86.62891,46.55449,31.23998,1,214.413,96.59441,"Kljun_et_al"
"2026-09-23 09:00:00",46,0.4615771,2,36000,-0.3535782,2,36000,117.5054,1,36000,0.1713368,1,36000,59.71073,1,36000,0.508153,-0.04274424,1,0.2012857,-0.2776954,0.4076994,14.43336,73.97485,9.840755,1.220295,1.650586,13.55808,78.00279,2.063539,1.21664,1.559587,13.60759,75.64236,9.388704,1.183035,1.564213,8.938933,87.28712,0.3429466,1.68742,0.6654854,0,0.5600941,-7.450581E-09,0.2425337,14.82502,0.5122642,0,1.783761,1.685474,4.285284,346.5308,19.01364,13.46921,1707.475,46.95466,2077.518,44.71187,703.6624,5.427365,9.194036,0.3820912,0.9897321,0.9920926,116.2749,26.03029,-53.70731,-0.250853,1.961014,1,12.13068,6.789685,0.02285533,6.077443,76.50594,41.11439,27.58945,1,214.413,97.07323,"Kljun_et_al"
"2026-09-23 09:30:00",47,-0.004633844,9,36000,-0.2535553,3,36000,116.8366,3,36000,0.1705191,3,36000,87.15898,3,36000,0.7459902,-0.01721923,7,0.1279567,-0.6396212,0.6101008,15.68309,68.75697,9.951538,1.229223,1.789071,14.52173,73.75225,1.745615,1.224362,1.661179,14.70189,72.78892,9.872571,1.222156,1.679213,9.199382,87.30824,0.4368167,0.4895216,0.8448319,0,0.6769473,2.328306E-10,0.219552,15.80077,0.7806813,0,1.077739,0.4895068,2.909817,73.53983,59.84151,286.4602,1678.451,26.56027,2044.83,22.44952,695.7838,4.640515,9.221145,0.3451048,0.9897217,0.9919477,122.7812,30.88521,-46.205,-0.2588484,1.677169,1,12.99392,6.8295,0.02316133,2.773159,34.90993,18.76064,12.58916,1,214.413,98.87759,"Kljun_et_al"
"2026-09-23 10:00:00",48,0.1242578,9,36000,-0.2031886,9,36000,114.8567,9,36000,0.167806,9,36000,101.8086,9,36000,0.8863966,-0.03250149,9,0.1761433,-0.5445511,0.6792488,16.46175,70.72559,11.1239,1.329342,1.879704,15.61976,74.39774,1.938035,1.325575,1.782949,15.53985,73.51991,10.82924,1.302956,1.772174,9.779055,87.33404,0.4573736,1.000959,0.7015129,0,0.9002811,3.72529E-09,0.2363708,17.01011,0.8258132,0,1.388346,0.9994219,3.643569,173.6437,42.87149,186.3563,1731.899,27.12842,2065.684,18.11526,691.7838,5.719303,9.94537,0.4004433,0.9829561,0.9807606,129.9582,35.37832,-38.70318,-0.2669064,1.487478,1,14.09236,6.8683,0.02338133,4.11934,51.85635,27.86767,18.70035,1,214.413,98.1811,"Kljun_et_al"
"2026-09-23 10:30:00",49,0.4975826,2,36000,-0.2316743,1,36000,145.1586,1,36000,0.2122399,1,36000,137.5475,1,36000,0.9475672,-0.03977481,4,0.1951053,-0.665925,0.5749436,17.45881,66.11333,11.05375,1.322907,2.002954,16.41816,70.35643,2.677599,1.318278,1.877066,16.42916,71.27489,11.21587,1.336674,1.876021,10.00137,87.35066,0.5587888,0.5907737,0.759156,0,0.7133962,4.656613E-10,0.2542344,17.80431,0.9651287,0,1.048844,0.5907487,3.273159,217.0461,53.53128,142.9539,1724.725,86.09402,2066.268,101.1539,685.0331,6.216877,9.863429,0.3443457,0.987806,0.9923923,137.9363,39.39553,-31.20166,-0.2751522,1.357171,1,15.40819,6.970492,0.02361167,2.194977,27.63148,14.84919,9.96442,1,214.413,99.15386,"Kljun_et_al"
"2026-09-23 11:00:00",50,0.3162278,6,36000,-0.03543037,2,35978,141.9753,2,35978,0.2078405,2,35978,124.5092,1,35978,0.8769781,-0.03604328,6,0.1861103,-0.6346682,0.5516353,18.44999,60.51008,10.657,1.288977,2.131164,17.69537,63.29972,3.38493,1.28573,2.03498,17.64626,67.67841,11.59741,1.370896,2.026114,10.21463,87.36337,0.7492502,0.9150305,0.6947401,0,0.7496428,9.313226E-10,0.2421621,19.05324,0.9216476,0,1.252895,0.9148966,3.485298,210.1083,42.0712,149.8917,1679.533,40.83484,2036.747,22.39287,671.3426,5.765709,9.577858,0.4474532,0.8843427,0.8432302,146.8109,42.80158,-23.69988,-0.28329,1.267833,1,16.92031,7.093455,0.02443767,3.564035,44.86587,24.11098,16.17946,1,214.413,98.47627,"Kljun_et_al"
"2026-09-23 11:30:00",51,0.1332164,6,36000,-0.1579813,1,36000,141.7193,1,36000,0.2077195,1,36000,167.4982,1,36000,1.181901,-0.02743384,1,0.1627144,-0.9809676,0.435844,19.79891,53.92594,10.19484,1.249615,2.31844,18.96543,56.62848,2.240872,1.246184,2.204372,18.9239,64.13033,11.99823,1.407751,2.195378,10.44321,87.3569,0.9581875,0.7912934,0.699619,0,0.5578719,4.656613E-10,0.2664585,20.28679,1.030769,0,1.04073,0.791268,3.173986,241.9121,39.65686,118.0879,1618.97,24.95296,1991.227,12.756,659.5244,4.108581,9.242512,0.3938189,0.9821478,0.9870009,156.5947,45.44533,-16.19772,-0.2912043,1.208758,1,18.54174,7.22318,0.025474,3.525157,44.37646,23.84797,16.00297,1,214.413,98.49654,"Kljun_et_al"
"2026-09-23 12:00:00",52,0.07780638,7,36000,-0.1883667,7,36000,179.5796,7,36000,0.2634557,7,36000,161.0046,7,36000,0.8965641,-0.03909175,7,0.1945522,-0.7913249,0.6322241,20.61119,50.32055,9.906775,1.226129,2.437907,19.92752,52.34951,2.207652,1.223407,2.340013,19.94582,62.10669,12.47592,1.452694,2.339462,10.73907,87.34963,1.116605,0.6935033,0.6632335,0,0.8685517,-3.72529E-09,0.2649293,21.22898,1.006565,0,1.168613,0.6920432,3.315141,154.7148,51.72649,205.2852,1584.631,25.99193,1967.37,10.27786,656.149,4.261545,9.043715,0.458233,0.9887614,0.9914411,167.1619,47.17709,-8.696204,-0.299448,1.174206,1,20.1816,7.36717,0.02664333,2.583966,32.52828,17.48074,11.7303,1,214.413,98.96985,"Kljun_et_al"
"2026-09-23 12:30:00",53,0.1039585,7,36000,-0.02176845,7,36000,134.3284,7,36000,0.1971945,7,36000,138.3669,7,36000,1.030065,-0.03249561,7,0.1775746,-0.7470011,0.7421373,21.29584,45.77572,9.125336,1.163289,2.54244,20.58781,47.68657,2.170582,1.160599,2.437027,20.66476,59.76731,12.56841,1.461478,2.445459,10.77764,87.33154,1.276428,0.7577943,0.7269863,0,0.9409748,0,0.2652017,21.82508,0.9400923,0,1.243374,0.7570993,3.598157,191.4396,50.65531,168.5604,1537.714,24.34526,1945.042,9.715606,656.5734,4.044976,8.560341,0.4184693,0.9950471,0.9967505,178.2204,47.88061,-1.194599,-0.3076603,1.160821,1,21.75088,7.517276,0.027888,3.09345,38.94192,20.92744,14.04317,1,214.413,98.71803,"Kljun_et_al"
"2026-09-23 13:00:00",54,0.03704394,7,36000,-0.1501901,3,35982,170.4906,3,35982,0.2504399,3,35982,161.2973,3,35982,0.9460772,-0.04869753,4,0.2176145,-0.7122707,1.069977,21.80652,42.8638,8.598013,1.1236,2.623209,21.2461,44.21584,2.176343,1.121658,2.538291,21.37254,57.74225,12.70438,1.47467,2.55423,10.8488,87.32473,1.416633,1.067234,1.155417,0,0.8568742,1.862645E-09,0.2659557,22.44548,1.041776,0,1.603351,1.066806,4.174551,219.0105,46.85693,140.9895,1507.678,31.45974,1929.46,9.060718,645.6499,4.12706,8.254058,0.561234,0.9843367,0.9829026,189.3497,47.50341,6.307899,-0.3155029,1.167716,1,23.22682,7.656797,0.029103,3.555114,44.75357,24.05063,16.13896,1,214.413,98.48091,"Kljun_et_al"
"2026-09-23 13:30:00",55,0.04790204,7,36000,-0.06353313,7,36000,171.3691,7,36000,0.2518916,7,36000,182.7355,7,36000,1.066327,-0.05601949,7,0.2336827,-0.7532997,0.7344266,22.40325,41.00692,8.491282,1.115589,2.720007,21.91007,42.16306,2.13588,1.11389,2.643922,21.78468,56.81791,12.84379,1.488287,2.619264,10.93365,87.3083,1.530032,1.237116,0.8184845,0,0.8494802,7.450581E-09,0.2780643,23.10307,1.092908,0,1.519273,1.235435,5.13228,198.3149,35.01085,161.6851,1498.459,29.44321,1925.656,9.8893,641.3391,4.179464,8.178384,0.5641096,0.9919835,0.9942557,200.1042,46.07327,13.80944,-0.3237482,1.195241,1,24.57993,7.802398,0.030349,3.837673,48.31058,25.96217,17.42168,1,214.413,98.33207,"Kljun_et_al"
"2026-09-23 14:00:00",56,0.1506717,7,36000,-0.1045621,7,35983,158.931,7,35983,0.2336739,7,35983,155.2951,7,35983,0.9771225,-0.07298931,7,0.2668524,-0.5613645,1.073695,22.75444,37.23909,7.371287,1.033841,2.779088,22.19681,38.39334,2.234394,1.032056,2.689377,22.17791,54.64024,12.61272,1.465768,2.682898,10.75395,87.28825,1.657321,1.26247,0.8577549,0,1.156694,0,0.2714863,23.30338,0.9478865,0,1.688733,1.26026,4.694551,200.3875,40.80061,159.6125,1461.222,41.24429,1919.382,36.23702,638.9545,4.072889,7.570444,0.548347,0.9513004,0.9638162,210.1456,43.69084,21.311,-0.3319965,1.245993,1,25.7021,7.906217,0.031549,3.429707,43.17489,23.20224,15.56966,1,214.413,98.54607,"Kljun_et_al"
"2026-09-23 14:30:00",57,0.2629958,7,36000,-0.06953204,7,36000,177.4176,7,36000,0.2609611,7,36000,146.4832,7,36000,0.825641,-0.06048657,7,0.2431323,-0.5820025,1.205067,23.15722,37.90755,8.008095,1.079469,2.848209,22.61995,39.05636,1.728247,1.077632,2.759455,22.55982,55.01097,13.07228,1.510856,2.746257,11.07016,87.28113,1.681823,1.188228,0.9627272,0,1.186625,1.490116E-08,0.2742472,23.77701,0.9607712,0,1.733428,1.185335,5.344123,162.0665,45.54697,197.9335,1481.873,27.73461,1926.945,11.72658,638.6721,3.377796,7.893287,0.5279344,0.9916912,0.991958,219.2995,40.49865,28.81314,-0.3399095,1.325257,1,26.54867,8.021526,0.03251133,3.542852,44.59922,23.96767,16.0833,1,214.413,98.48733,"Kljun_et_al"
"2026-09-23 15:00:00",58,0.6640006,3,36000,-0.1261705,3,36000,181.3285,3,36000,0.2667392,3,36000,99.84547,3,36000,0.5506331,-0.05148991,4,0.2243837,-0.4301408,1.045509,23.34665,36.71865,7.687719,1.05705,2.880124,22.71931,38.01322,2.531451,1.054936,2.77469,22.78844,54.33502,13.09333,1.512722,2.784307,11.07552,87.25523,1.719754,1.371837,0.9550793,0,1.054609,3.72529E-09,0.2581501,23.85255,0.7520989,0,1.830962,1.370936,4.654166,214.2491,40.601,145.7509,1481.488,61.1573,1939.024,70.81923,640.3965,4.496602,7.724812,0.619428,0.9928904,0.9952984,227.5405,36.64948,36.31493,-0.3480458,1.441457,1,27.1418,8.094891,0.03337833,4.432123,55.79381,29.98366,20.12027,1,214.413,98.01072,"Kljun_et_al"
"2026-09-23 15:30:00",59,1.237922,4,36000,-0.1664537,1,36000,170.95,1,36000,0.251561,1,36000,90.40163,1,36000,0.5288191,-0.01129371,8,0.1051503,-0.8323327,0.8431267,23.89704,33.84636,6.996263,1.007484,2.977129,23.08467,35.41217,1.853944,1.00483,2.836483,23.16244,53.14132,13.10125,1.513449,2.848015,11.06683,87.23872,1.831653,0.7636709,0.8317272,0,0.9675218,1.862645E-09,0.2416293,24.16535,0.7054468,0,1.327872,0.7630377,3.892256,146.4944,52.82841,213.5056,1464.391,79.80827,1944.354,95.61896,640.3558,3.472922,7.348845,0.514455,0.9936142,0.9959569,234.9444,32.285,43.81644,-0.3562956,1.610577,1,27.44242,8.143219,0.03397667,5.264504,66.27225,35.61479,23.89899,1,214.413,97.54427,"Kljun_et_al"
"2026-09-23 16:00:00",60,2.882464,7,36000,-0.02228972,7,36000,112.3845,7,36000,0.1654235,7,36000,51.23036,7,36000,0.4558488,-0.04095497,7,0.2003408,-0.2478558,0.6467891,24.37561,32.1436,6.66591,0.9846693,3.063832,23.36202,34.02704,1.942632,0.9813741,2.883778,23.37662,52.42509,13.09188,1.512487,2.885159,11.05179,87.22181,1.902404,0.7902571,0.7791542,0,0.8019722,-7.450581E-09,0.2081769,24.41852,0.5770525,0,1.245187,0.7886966,3.477085,157.2577,49.04374,202.7423,1466.532,144.693,1960.907,180.8893,641.1836,3.756912,7.17088,0.4776335,0.9945902,0.9967876,241.6357,27.52582,51.31844,-0.3642812,1.860881,1,27.13004,8.134967,0.03425433,2.859681,35.99911,19.34597,12.98194,1,214.413,98.83496,"Kljun_et_al"
"2026-09-23 16:30:00",61,-0.03735843,9,36000,-0.1473696,3,36000,116.54,3,36000,0.1715038,3,36000,34.89716,3,36000,0.2994435,-0.04206455,7,0.2029726,-0.1665337,0.6252786,24.45891,32.23413,6.774222,0.9924055,3.079634,23.14272,34.71371,2.224343,0.9880514,2.845096,23.50548,52.36604,13.19341,1.522588,2.907652,11.12077,87.21491,1.857044,0.4620488,0.5240275,0,0.9689476,2.328306E-10,0.1925948,24.2057,0.4025715,0,1.089062,0.4620433,3.460864,45.16615,61.46091,314.8339,1478.917,63.12958,1973.1,65.5343,642.6721,2.740764,7.225113,0.5270813,0.9662449,0.9516682,247.7502,22.47113,58.82055,-0.3723436,2.249109,1,"NAN","NAN","NAN",1.65045,20.7767,11.16542,7.492459,1,214.413,99.39725,"Kljun_et_al"
"2026-09-23 17:00:00",62,1.263697,5,36000,0.001057208,5,36000,101.9761,5,36000,0.1500532,5,36000,13.88326,5,36000,0.1361424,-0.01763562,4,0.1314053,-0.1022981,0.4470195,24.30255,33.00491,6.966198,1.005929,3.050951,23.01998,35.48045,2.870125,1.001618,2.823801,23.50661,52.7199,13.29657,1.532912,2.90789,11.19615,87.20886,1.822183,0.8160264,0.6659774,0,0.651805,-9.313226E-10,0.1601972,24.09726,0.2756071,0,1.130052,0.8159836,3.302816,261.1172,42.70197,98.88278,1469.85,80.45811,1953.781,95.69417,645.0444,3.99092,7.327719,0.5773686,0.9915625,0.994521,253.4193,17.20268,66.32207,-0.380594,2.903578,1,25.68093,8.061448,0.03384033,4.501912,56.67236,30.4558,20.43709,1,214.413,97.97227,"Kljun_et_al"
"2026-09-23 17:30:00",63,0.8563851,8,36000,0.03982116,8,35997,40.8938,8,35997,0.06015277,8,35997,5.677276,8,36000,0.1388298,-0.008717618,4,0.09235007,-0.0594558,0.1318546,23.92905,35.50131,7.696412,1.057944,2.983309,22.66537,38.17488,3.769694,1.053411,2.764203,22.95333,54.09972,13.17987,1.521499,2.812313,11.13348,87.19598,1.710792,0.8411879,0.3665209,0,0.3434736,0,0.1067587,23.79733,0.3646827,0,0.9189691,0.8408025,2.141718,225.1642,23.62355,134.8358,1507.857,203.0296,1975.196,251.3735,647.2962,6.069351,7.716351,0.64986,0.6164446,0.6708171,258.7648,11.79055,73.82372,-0.3887278,4.187525,1,24.89002,8.003345,0.03335433,6.603187,83.12426,44.67108,29.97613,1,214.413,96.76157,"Kljun_et_al"
"2026-09-23 18:00:00",64,-1.932782,8,36000,-0.05316114,8,36000,4.866734,8,36000,0.007153897,8,36000,5.192626,8,36000,1.066963,-0.01028189,6,0.1001847,-0.05000769,0.09123323,23.49879,37.63606,8.214175,1.093994,2.907402,21.96673,41.18105,3.528776,1.088213,2.64992,22.39691,55.25675,12.9879,1.502321,2.719058,11.01387,87.19296,1.561707,0.4529756,0.3508891,0,0.2357623,1.862645E-09,0.06131399,23.13351,0.5362667,0,0.5479459,0.4526612,1.323508,229.6266,33.77753,130.3734,2039.933,1310.314,2624.796,1623.459,667.6121,32.31416,7.990341,0.4363042,0.9900594,0.9889169,263.8971,6.312056,81.326,-0.3966421,7.635205,1,23.98068,7.919761,0.032812,3.278055,41.26582,22.1763,14.88121,1,214.413,98.62423,"Kljun_et_al"
"2026-09-23 18:30:00",65,-1.880499,9,36000,-0.04421906,9,36000,-0.9591743,9,36000,-0.001407731,9,36000,0.4083158,9,36000,-0.4256951,-0.001662952,7,0.04018406,-0.009751281,0.1189091,21.16497,43.84554,8.314608,1.102351,2.527641,20.33697,46.07027,5.556421,1.09909,2.399487,20.87723,57.47383,12.16788,1.424307,2.479244,10.49532,87.17605,1.300397,0.7939863,0.3752199,0,0.310565,-3.72529E-09,0.02403541,21.50917,0.8553524,0,0.8393983,0.793,2.207814,340.9592,19.04372,19.04083,2300.593,1482.948,2927.539,1821.369,676.2467,44.75833,8.115481,0.5703419,0.986965,0.9895927,268.9163,0.8853864,88.82751,-0.4048957,28.01016,0.6933333,23.03649,7.830586,0.03222,14.32529,180.3341,96.91177,65.03178,1,214.413,91.79501,"Kljun_et_al"
"2026-09-23 19:00:00",66,-1.465897,8,36000,0.1385758,8,36000,1.271809,8,36000,0.001860307,8,36000,-6.054452,8,36000,-4.760504,-0.005962115,6,0.07567398,0.0758641,0.1612823,16.93476,66.02994,10.52597,1.27685,1.938033,16.84575,66.38615,3.848962,1.276472,1.927495,17.39298,67.56173,11.32335,1.346186,1.99564,10.03899,87.15111,0.651023,1.129096,0.3605043,0,0.4357663,-7.450581E-09,0.05204855,18.19261,0.684751,0,1.20336,1.127311,2.693021,346.2961,20.36268,13.70389,2659.164,809.397,3228.042,986.6441,741.1036,42.54305,9.537639,0.2337209,0.9855413,0.9880118,273.9201,-4.926818,96.32903,-0.4130876,"NAN",0,"NAN","NAN","NAN",12.16984,195.3096,92.41772,58.4149,1,214.413,90.81455,"Kljun_et_al"
"2026-09-23 19:30:00",67,2.689583,9,36000,0.4736897,9,36000,14.34379,9,36000,0.02096847,9,36000,-11.00689,9,36000,-0.7673633,-0.006406758,9,0.07835295,0.1329136,0.1449433,16.16872,67.78412,10.18995,1.249317,1.844929,16.22321,67.66138,5.350068,1.24953,1.853217,16.28807,69.38216,10.67319,1.289344,1.858904,9.652117,87.15812,0.6036869,1.631356,0.3950895,0,0.3610723,-7.450581E-09,0.05846172,17.53851,0.7949847,0,1.669948,1.629794,2.829627,3.529462,12.56008,356.4706,2634.134,837.5603,3206.393,1014.794,728.0913,36.77961,9.356606,0.4261488,0.9854313,0.987938,279.0137,-10.53485,103.8435,-0.4209712,"NAN",0,21.11345,7.656528,0.03082508,16.98819,272.6375,129.0082,81.54279,1,214.413,87.43806,"Kljun_et_al"
"2026-09-23 20:00:00",68,1.784137,9,36000,0.004689955,9,36000,-0.5176599,9,36000,-0.0007565066,9,36000,-0.4301493,9,36000,0.8309496,-0.004872856,4,0.06828003,0.005952847,0.07838823,15.77088,67.28263,9.713821,1.209195,1.799275,15.90013,66.93778,5.374064,1.209701,1.817504,15.90489,68.93037,10.21317,1.250325,1.8143,9.372191,87.17899,0.607803,0.9865911,0.1842864,0,0.347968,-3.72529E-09,0.04163224,17.17157,1.14781,0,1.048358,0.9859072,1.630528,17.51363,19.76961,342.4864,2189.847,1175.652,2685.414,1427.432,729.2186,53.05651,9.068286,0.1644374,0.9847272,0.9873548,284.2712,-16.01828,111.3332,-0.4291956,"NAN",0,20.2248,7.572785,0.03009533,11.71645,188.0332,88.97463,56.23861,1,214.413,91.13742,"Kljun_et_al"
"2026-09-23 20:30:00",69,4.169883,9,36000,-0.3389398,9,36000,-24.70879,9,36000,-0.0360927,9,36000,1.737979,9,36000,-0.0703385,-0.01076725,7,0.1013886,-0.01616567,0.2253104,15.35486,67.76419,9.369086,1.184087,1.752547,15.41963,67.7086,8.213879,1.184286,1.763052,15.42194,69.38384,9.838481,1.219888,1.759575,9.1593,87.21062,0.5787665,1.650324,0.4271621,0,0.5088933,-7.450581E-09,0.09581794,16.66161,1.204861,0,1.721654,1.649108,4.520794,6.347915,16.62712,353.6521,2078.415,586.9031,2560.837,706.5078,755.4808,58.47868,8.893274,0.6425145,0.9848873,0.9874558,289.8262,-21.37474,118.8347,-0.437388,"NAN",0,19.41542,7.50216,0.02949233,11.80727,148.6359,79.87711,53.60082,1,214.413,93.47092,"Kljun_et_al"
"2026-09-23 21:00:00",70,2.74957,9,36000,0.2646442,9,36000,3.935444,9,36000,0.00574484,9,36000,-6.306609,9,36000,-1.602515,-0.005033939,9,0.06922474,0.08570635,0.1316606,14.63,66.42813,8.44133,1.109912,1.671598,14.73858,66.08144,3.966058,1.110304,1.684785,14.8179,68.17162,9.01006,1.153259,1.691886,8.677251,87.23012,0.5744811,1.685541,0.3526256,0,0.3601947,-7.450581E-09,0.09610426,15.89959,0.7785128,0,1.723206,1.683826,3.453508,355.0866,12.24477,4.913361,1807.375,346.5111,2264.396,427.8868,754.4184,23.12281,8.356653,0.2317403,0.985351,0.987855,295.7913,-26.53832,126.3369,-0.4453292,"NAN",0,18.68377,7.426279,0.02888367,19.86493,318.8054,150.8541,95.35107,1,214.413,85.47122,"Kljun_et_al"
"2026-09-23 21:30:00",71,3.833673,8,36000,0.09917434,8,36000,-3.0711,8,36000,-0.004484444,8,36000,-5.648105,8,36000,1.839115,-0.01294875,7,0.1110566,0.04789756,0.2434457,15.02441,59.89702,7.257163,1.024239,1.715784,15.05178,59.97469,6.470364,1.02427,1.721638,15.08593,64.95487,8.544875,1.117431,1.721929,8.399899,87.24203,0.6973675,1.804442,0.3605588,0,0.5820438,0,0.1345871,16.12333,1.159497,0,1.895578,1.803082,4.44153,8.480646,17.89268,351.5193,1833.416,328.0063,2349.62,412.8934,723.6543,24.58294,7.701668,0.3249395,0.9765911,0.9792075,302.2977,-31.43526,133.8386,-0.4534961,"NAN",0,18.03383,7.355617,0.02829867,13.22607,212.2605,100.4386,63.48472,1,214.413,90.06537,"Kljun_et_al"
"2026-09-23 22:00:00",72,9.183144,9,36000,0.4054881,9,36000,-1.494985,9,36000,-0.002177191,9,36000,-12.66809,9,36000,8.473724,-0.008595313,9,0.09005002,0.1311994,0.1227232,12.301,73.93963,7.772062,1.060223,1.437752,12.27569,74.11959,4.612703,1.060119,1.436292,12.62163,71.36233,7.574991,1.046388,1.468282,7.933184,87.24615,0.3761727,1.672038,0.3308297,0,0.3504141,-7.450581E-09,0.1149269,13.37432,1.02548,0,1.707068,1.670159,2.695486,348.0497,11.91042,11.95029,2692.206,538.6036,3387.555,673.4457,785.4122,24.78069,8.047631,0.08850399,0.9861159,0.9884369,309.4878,-35.97353,141.3401,-0.4616897,"NAN",0,17.46005,7.310763,0.027818,15.148,243.1051,115.0338,72.70997,1,214.413,88.71532,"Kljun_et_al"
"2026-09-23 22:30:00",73,-0.6709291,8,36000,0.9577282,7,36000,-3.079254,8,36000,-0.00447759,8,36000,-37.73586,7,36000,12.25487,-0.04343557,7,0.2018441,0.1733933,0.631776,10.5972,79.59827,7.193857,1.01915,1.284586,10.68402,79.20074,4.985693,1.019466,1.29275,10.84093,74.27159,6.443163,0.9681962,1.305162,7.38644,87.24886,0.273284,0.4971818,0.567816,0,0.965585,-1.862645E-09,0.09371639,11.73436,1.0339,0,1.098246,0.496885,4.242664,71.98749,59.93809,288.0125,2238.212,266.0486,2828.81,333.2123,792.1902,32.90922,7.782395,0.1041062,0.9831328,0.985494,317.5002,-40.03885,148.842,-0.4697765,"NAN",0,16.93192,7.263965,0.02739,2.005478,32.18523,15.22959,9.626237,1,214.413,98.29235,"Kljun_et_al"
"2026-09-23 23:00:00",74,-0.1497871,9,36000,-0.009487569,9,36000,1.123319,9,36000,0.001634427,9,36000,2.339039,9,36000,2.082257,-0.004559003,7,0.06547217,-0.03320631,0.3106323,11.12776,79.81199,7.773095,1.060301,1.329084,11.31949,78.89339,2.775736,1.061019,1.346696,11.16503,75.48591,6.996949,1.005524,1.332393,7.662858,87.24817,0.2856773,1.217827,0.7478799,0,0.2438968,7.450581E-09,0.0495451,12.41535,0.6211901,0,1.271933,1.217346,2.786383,121.8906,16.78027,238.1094,1983.644,62.68936,2485.423,77.78584,809.8071,13.11261,8.081455,0.09524098,0.9829174,0.9853674,326.4387,-43.49318,156.3441,-0.4777968,"NAN",0,16.40989,7.198718,0.02699033,13.48456,169.7504,91.22409,61.21512,1,214.413,92.35825,"Kljun_et_al"
"2026-09-23 23:30:00",75,-24.17249,8,36000,-1.482669,8,36000,9.929527,8,36000,0.01442267,8,36000,23.268,8,36000,2.343313,-0.01701329,7,0.1260758,-0.1704597,0.2700229,9.496913,88.42261,7.658116,1.052387,1.193255,9.521963,88.31082,4.806687,1.052584,1.197495,9.98504,77.99572,6.324458,0.9605617,1.232545,7.350278,87.24657,0.1449106,0.3166641,0.4518032,0,0.5751075,-4.656613E-10,0.07191031,10.60233,1.329311,0,0.6881372,0.3166345,1.768285,256.228,59.51528,103.772,3736.101,1634.74,4666.746,2060.668,893.4897,82.41449,8.067257,0.2386567,0.9814057,0.9841134,336.3231,-46.18131,163.8457,-0.4859902,"NAN",0,15.8824,7.144377,0.02659533,1.820788,22.92101,12.31778,8.265735,1,214.413,99.3231,"Kljun_et_al"
"2026-09-24 00:00:00",76,-1.27986,8,36000,-0.1245952,8,36000,1.786246,8,36000,0.002594845,8,36000,3.84563,8,36000,2.152912,-0.001590461,8,0.03855972,-0.09215824,0.3676682,9.224384,91.95607,7.968221,1.07451,1.171242,9.650439,89.43804,2.907286,1.076146,1.204966,9.353565,81.70631,6.385692,0.9643318,1.180951,7.395836,87.24246,0.1288193,1.233291,0.7938738,0,0.321593,3.72529E-09,0.04097155,10.75559,0.6846337,0,1.315303,1.232851,2.730881,113.2047,20.28027,246.7953,2429.44,233.3224,3013.267,292.6236,832.5516,25.04728,8.244938,0.1052034,0.9807752,0.983193,347.0307,-47.9489,171.3475,-0.4941504,"NAN",0,15.36523,7.1215,0.026196,23.18435,291.8564,156.844,105.2488,1,214.413,85.74781,"Kljun_et_al"
"2026-09-24 00:30:00",77,-0.1029908,9,36000,0.06625635,9,36000,-1.56968,9,36000,-0.002281244,9,36000,-4.415651,9,36000,2.81309,-0.00457477,9,0.06544694,0.06244078,0.3464965,9.633634,89.54227,7.978093,1.075253,1.204583,10.10968,86.88773,4.551745,1.077079,1.244095,9.718153,80.69478,6.56102,0.9762,1.210536,7.477036,87.25017,0.1670156,1.132659,0.6912178,0,0.4617888,-9.313226E-10,0.04429458,11.21751,1.038196,0,1.26461,1.132565,2.448259,110.9414,26.17384,249.0586,2308.593,558.4474,2867.384,696.21,798.8706,37.77199,8.238568,0.1074363,0.9810516,0.9835727,233.4595,-48.67352,54.04971,-0.5020983,"NAN",0,14.87289,7.049592,0.02582433,14.11799,226.5747,107.2119,67.76591,1,214.413,89.43675,"Kljun_et_al"
"2026-09-24 01:00:00",78,1.495126,8,36000,0.4142316,8,36000,-6.571802,8,36000,-0.009554435,8,36000,-19.50887,8,36000,2.968572,-0.01983946,6,0.1363821,0.1325607,0.4278259,10.65297,83.84709,8.000334,1.077025,1.290968,10.49533,84.74725,6.160691,1.076474,1.279219,10.89143,77.05699,7.027779,1.008262,1.310024,7.690422,87.25182,0.2027448,0.6615638,0.7702933,0,0.5104523,0,0.04169495,11.60408,1.482243,0,0.9449707,0.6612189,2.778008,123.6495,44.38591,236.3505,1928.541,194.0991,2399.73,247.598,768.8201,38.42394,8.222315,0.1659989,0.9692351,0.9728082,9.564483,-48.29979,-173.6488,-0.5102914,"NAN",0,14.41629,7.015408,0.02545567,3.953651,63.45077,30.024,18.97741,1,214.413,96.81943,"Kljun_et_al"
"2026-09-24 01:30:00",79,1.492232,9,36000,1.078397,9,36000,-13.8667,9,36000,-0.02010582,9,36000,-17.10392,9,36000,1.233453,-0.005967344,9,0.07440986,0.2109076,0.1879292,7.648466,95.36345,6.972186,1.004786,1.052674,7.666219,95.44136,3.109116,1.004946,1.05566,8.213284,81.40365,5.219681,0.8902687,1.093916,6.854918,87.25574,0.05071425,0.3442144,0.5484113,0,0.2676435,9.313226E-10,0.05890965,8.69069,1.26147,0,0.648232,0.3440248,1.380286,215.8669,55.4887,144.1331,2547.156,732.3774,3200.803,948.0863,879.6351,85.11336,7.752489,0.3654462,0.9808013,0.9833359,20.4805,-46.85705,-166.1473,-0.5185357,"NAN",0,13.99753,6.976015,0.02514567,3.775781,60.5962,28.67326,18.12364,1,214.413,96.95308,"Kljun_et_al"
"2026-09-24 02:00:00",80,-1.430581,9,36000,-0.07684691,9,36000,1.974584,9,36000,0.002866035,9,36000,-0.5150114,9,36000,-0.2608202,-0.004626411,4,0.06564965,0.007225786,0.1049954,8.166388,93.91268,7.314331,1.027704,1.090779,8.770789,90.90234,4.768004,1.029926,1.136484,8.116346,84.08498,5.588651,0.912843,1.086523,7.031527,87.25876,0.1065575,0.7901148,0.2651964,0,0.3726492,1.862645E-09,0.02818383,9.824711,0.9315698,0,0.9015256,0.7900629,1.268701,100.0639,28.48135,259.936,2598.049,661.1728,3249.54,836.2298,824.0082,54.56346,7.915409,0.1563664,0.9777818,0.9801463,30.65247,-44.44916,-158.645,-0.5264584,"NAN",0,13.59545,6.921179,0.02483267,9.757988,156.6026,74.10209,46.83805,1,214.413,92.54401,"Kljun_et_al"
"2026-09-24 02:30:00",81,-2.875026,9,36000,0.05273109,9,36000,-4.319323,9,36000,-0.006261467,9,36000,2.054371,9,36000,-0.4756235,-0.00836748,7,0.08806655,-0.02138464,0.3219232,7.263173,95.03677,6.636257,0.9821235,1.026351,7.453095,94.77106,4.60327,0.982958,1.042081,7.574487,82.82895,4.835581,0.8670941,1.047804,6.691561,87.27113,0.05912304,0.5961736,0.6248138,0,0.498983,0,0.06685953,8.454188,1.553121,0,0.9082922,0.5961404,4.021112,245.4474,47.48486,114.5526,2573.413,848.5874,3248.732,1102.897,901.6588,95.0201,7.588128,0.405172,0.9781135,0.9804878,39.89914,-41.22515,-151.1434,-0.534596,"NAN",0,13.21162,6.901744,0.02454033,4.909683,61.80558,33.2144,22.28823,1,214.413,97.74531,"Kljun_et_al"
"2026-09-24 03:00:00",82,-4.072739,9,36000,-0.1949923,9,36000,3.622974,9,36000,0.005253298,9,36000,5.207495,9,36000,1.437354,-0.00565818,7,0.07246394,-0.06593494,0.2670439,7.756958,97.76694,7.528748,1.044634,1.060321,7.710211,98.79641,2.272525,1.044612,1.059101,7.95917,85.78284,5.727012,0.9221458,1.07448,7.107036,87.26669,0.01448929,1.126078,0.5660914,0,0.459825,0,0.04678956,8.775437,1.342577,0,1.264771,1.125886,1.992291,254.1051,26.8415,105.8949,2635.505,550.0457,3274.151,721.6952,891.1172,60.04702,8.056633,0.4929855,0.9743223,0.9759749,48.20228,-37.34236,-143.6417,-0.5428413,"NAN",0,"NAN","NAN","NAN",11.26504,141.81,76.20888,51.13929,1,214.413,93.82658,"Kljun_et_al"
"2026-09-24 03:30:00",83,2.816217,8,36000,1.004559,8,36000,-7.816898,8,36000,-0.01132075,8,36000,-20.11203,8,36000,2.572891,-0.02586058,7,0.1545191,0.1188847,0.3526383,5.979102,98.40337,5.960239,0.9366838,0.9382771,6.43785,97.02796,4.089231,0.9382876,0.9701051,6.16915,85.65234,3.947399,0.8140253,0.950131,6.314156,87.28075,0.03181756,0.4330248,0.3127379,0,0.7775968,1.862645E-09,0.05305318,7.389516,1.173479,0,0.8659776,0.4322571,1.695559,96.77394,57.32402,263.2261,2504.118,322.1626,3180.74,424.6988,921.4205,60.7974,7.270519,0.2666909,0.9774186,0.9796183,55.64573,-32.94495,-136.1396,-0.5508365,"NAN",0,12.51763,6.827661,0.02408667,2.282641,36.63332,17.33436,10.95661,1,214.413,98.08169,"Kljun_et_al"
"2026-09-24 04:00:00",84,-2.49021,9,36000,-0.3024957,9,36000,2.441475,9,36000,0.00354138,9,36000,3.557612,9,36000,1.457157,-0.004304178,4,0.06322803,-0.05167915,0.125114,7.68856,95.5863,7.023136,1.007541,1.054538,8.0811,93.26392,4.035759,1.009008,1.084826,7.67355,85.27825,5.361111,0.8982186,1.053289,6.930182,87.29627,0.07581806,0.6578078,0.3872242,0,0.3151919,9.313226E-10,0.03065022,9.110623,1.011623,0,0.729484,0.65772,1.731532,92.72761,25.40566,267.2724,2284.429,476.6797,2864.796,607.212,826.527,47.61558,7.773277,0.2056383,0.9778982,0.9802049,62.3604,-28.15584,-128.6378,-0.5588966,"NAN",0,12.19925,6.813959,0.02386933,7.541795,94.93994,51.02085,34.23709,1,214.413,96.1931,"Kljun_et_al"
"2026-09-24 04:30:00",85,-3.549852,8,36000,-0.5908588,8,36000,-3.295519,8,36000,-0.004781223,8,36000,9.350444,8,36000,-2.837321,-0.01771753,6,0.128333,-0.06696486,0.2494887,7.972473,95.74203,7.332553,1.029471,1.075305,8.31034,93.77451,4.048605,1.030813,1.102542,8.038397,84.9696,5.666677,0.9177131,1.079931,7.071271,87.30603,0.07172918,0.4918461,0.4135858,0,0.5711195,0,0.04179291,9.362999,1.171414,0,0.836755,0.491364,1.700204,28.98714,52.04049,331.0128,2572.844,1065.673,3213.59,1352.131,845.7308,63.97917,7.934362,0.2970462,0.9757292,0.9778923,68.48921,-23.07419,-121.1363,-0.567141,"NAN",0,11.89016,6.812273,0.02360533,2.778837,34.98141,18.79906,12.61494,1,214.413,98.87482,"Kljun_et_al"
"2026-09-24 05:00:00",86,4.994069,8,36000,0.7560542,8,36000,14.15214,8,36000,0.02053897,8,36000,-15.72512,8,36000,-1.111148,-0.01145993,5,0.1032647,0.1401218,0.4007568,8.31948,90.97211,6.966846,1.006116,1.100946,8.65165,89.54681,7.170882,1.007435,1.128178,8.603336,82.89748,5.847081,1.023769,1.244365,7.71144,87.31299,0.1207436,0.5503841,0.6131699,0,0.6424196,-3.72529E-09,0.1132845,9.681471,1.145596,0,0.932546,0.5498953,2.726914,320.7498,51.88611,39.25018,2687.17,843.826,3384.124,1092.99,811.1057,58.2499,7.745067,0.6133891,0.9755277,0.9779682,74.16893,-17.77825,-113.6343,-0.5752105,"NAN",0,11.59624,6.806101,0.023366,4.347167,69.76617,33.01235,20.86627,1,214.413,96.52428,"Kljun_et_al"
"2026-09-24 05:30:00",87,0.415651,9,36000,0.2973839,9,36000,-5.146236,9,36000,-0.007446762,9,36000,-7.689446,9,36000,1.494188,-0.006841334,9,0.07932652,0.08822592,0.2659703,5.500111,95.8311,5.417977,0.902019,0.9077305,5.55903,99.11817,3.301756,0.9022722,0.911941,5.935237,83.55982,3.359805,0.7808143,0.9354172,6.061657,87.32032,0.009668767,0.775098,0.6274908,0,0.3674049,7.450581E-09,0.05665337,6.470685,0.9248388,0,0.9761243,0.7744149,2.120817,136.1657,36.821,223.8343,2767.291,633.8707,3536.754,832.0884,899.0766,51.49352,7.013795,0.2409489,0.9770489,0.9794739,79.52342,-12.33094,-106.1323,-0.5831994,"NAN",0,11.32607,6.799764,0.02316533,7.970751,127.9198,60.52982,38.25937,1,214.413,93.84304,"Kljun_et_al"
"2026-09-24 06:00:00",88,2.503642,9,36000,0.3559537,9,36000,-2.59756,9,36000,-0.003757919,9,36000,-5.043388,9,36000,1.941586,-0.002594233,9,0.04882418,0.09393983,0.2509887,4.853446,99.42384,4.931624,0.8716486,0.8668734,5.326551,97.47339,1.89711,0.8731526,0.8962471,5.086373,85.99744,2.941253,0.7576866,0.8810046,5.900346,87.32451,0.02309453,0.7857047,0.5916156,0,0.3871895,3.72529E-09,0.0453077,6.207797,0.5039269,0,0.9686517,0.7848842,2.034738,158.3605,35.28057,201.6395,2375.574,327.6372,3053.877,421.0833,899.4042,33.36415,6.793532,0.1398188,0.9767951,0.9791988,84.66453,-6.776761,-98.63063,-0.5914451,"NAN",0,11.0825,6.780206,0.02297267,13.13519,210.8022,99.74857,63.04854,1,214.413,90.12965,"Kljun_et_al"
"2026-09-24 06:30:00",89,1.864942,9,36000,0.1976289,9,36000,-2.793338,9,36000,-0.004044581,9,36000,-6.256455,9,36000,2.239778,-0.002821369,9,0.05099587,0.1119088,0.1368409,5.742497,96.21992,5.183197,0.8869842,0.9224823,6.218382,93.26207,2.170033,0.8885063,0.9535158,5.79075,84.89295,3.448475,0.7854315,0.9254508,6.100889,87.33814,0.06500947,1.050077,0.4868295,0,0.1898185,0,0.02545074,7.117925,0.559566,0,1.09232,1.049386,1.685806,149.4578,16.05882,210.5422,2138.688,233.9497,2747.336,304.0808,858.1579,22.57289,6.890953,0.09131563,0.9792904,0.9817071,89.69473,-1.00195,-91.129,-0.5996583,33.71892,0.3633333,10.83276,6.76233,0.02272933,16.80774,269.7416,127.6379,80.67665,1,214.413,87.56262,"Kljun_et_al"
"2026-09-24 07:00:00",90,-0.7403497,9,36000,-0.1351935,9,36000,2.107873,9,36000,0.003049775,9,36000,3.023084,9,36000,1.434187,-0.009809607,5,0.0949399,-0.02895859,0.2651217,5.235805,96.82742,4.775281,0.8621395,0.8903717,5.427233,95.6499,1.954868,0.8627609,0.9026925,5.503026,84.417,3.087474,0.823406,0.975625,6.309842,87.35495,0.0399316,0.2935439,0.5698795,0,0.4488811,-4.656613E-10,0.06313887,6.297999,0.576892,0,0.6613923,0.2935197,2.059802,242.6268,60.40935,117.3732,2361.052,248.2925,3045.099,322.3596,885.8928,25.24748,6.710222,0.1196491,0.9797391,0.9822316,94.71148,4.505993,-83.62669,-0.6075021,10.41948,1,10.58928,6.754463,0.02253,2.241944,28.22273,15.16693,10.17764,1,214.413,99.13207,"Kljun_et_al"
"2026-09-24 07:30:00",91,-0.7725907,9,36000,-0.3812571,9,36000,26.11537,9,36000,0.03785377,9,36000,21.27151,9,36000,0.8145206,-0.005309082,9,0.07009339,-0.2777441,0.07375555,8.321037,90.24413,6.80481,0.9943335,1.105035,7.338413,96.08587,1.374406,0.9908062,1.031865,6.527567,86.21951,4.394163,0.8414568,0.9754879,6.517337,87.37832,0.04105848,0.4839469,0.2594745,0,0.2675759,1.862645E-09,0.09266735,8.345848,1.191935,0,0.5654527,0.4829658,1.544615,175.9418,30.93708,184.0582,2098.826,76.35714,2636.969,126.1409,833.1671,29.75742,7.651927,0.4926867,0.9818584,0.984423,99.81055,9.961354,-76.12518,-0.6157488,4.941701,1,10.38867,6.707426,0.02236,5.004768,63.00256,33.85765,22.71988,1,214.413,97.69175,"Kljun_et_al"
"2026-09-24 08:00:00",92,-0.1717758,8,36000,-0.1123143,8,36000,22.77787,8,36000,0.03309623,8,36000,16.17806,8,36000,0.7102535,-0.01325528,7,0.1112733,-0.1341891,0.1445728,10.57874,89.27335,8.881186,1.143501,1.281691,9.879972,93.32319,3.044981,1.140708,1.223688,9.201344,84.74271,6.769072,0.9901015,1.168638,7.597618,87.40771,0.0829798,0.9715763,0.3304568,0,0.4047548,1.862645E-09,0.1269546,11.05051,0.6999103,0,1.05084,0.9712013,2.158723,205.6184,22.2987,154.3816,1955.433,61.83204,2384.289,70.99737,792.1918,15.18238,8.73233,0.245367,0.9822893,0.9851148,105.0916,15.38782,-68.62367,-0.6240005,3.24112,1,10.35399,6.703764,0.02228533,6.329594,79.68014,42.82021,28.73412,1,214.413,96.92444,"Kljun_et_al"
"2026-09-24 08:30:00",93,0.06697276,7,36000,-0.05768303,7,36000,45.88318,7,36000,0.06678704,7,36000,29.09852,7,36000,0.634187,-0.01704417,7,0.1265975,-0.2134794,0.1930335,12.70913,81.55357,9.624389,1.202156,1.47568,11.74379,86.64304,4.013138,1.198123,1.385811,11.11164,80.98737,7.97212,1.074937,1.328075,8.193254,87.42297,0.187688,0.8929862,0.4249334,0,0.4261331,7.450581E-09,0.1546263,12.98143,0.8314898,0,0.9907168,0.8918782,2.628059,192.6101,25.5843,167.3899,1901.364,34.12232,2300.742,32.50983,755.1578,9.298218,9.111975,0.23698,0.9820812,0.9850789,110.6615,20.69103,-61.12134,-0.6318424,2.438153,1,10.65619,6.742875,0.02236333,5.113319,64.36906,34.59201,23.21267,1,214.413,97.63033,"Kljun_et_al"
"2026-09-24 09:00:00",94,0.02877254,9,36000,-0.1914082,9,36000,61.23054,9,36000,0.08926973,9,36000,66.25517,9,36000,1.082061,-0.01704032,9,0.1269423,-0.4876244,0.2685155,14.47941,70.44819,9.1482,1.164396,1.656077,13.42189,75.17114,4.183625,1.160161,1.547044,12.99011,74.7534,8.612041,1.122566,1.503036,8.500294,87.42683,0.3868828,0.9173884,0.4303708,0,0.5638932,3.72529E-09,0.1839466,14.62711,0.8116881,0,1.080224,0.9168314,2.991552,179.0597,31.50243,180.9403,1778.223,33.44479,2187.904,24.05177,724.5397,8.379007,8.77177,0.2876665,0.986772,0.9894282,116.635,25.79824,-53.62129,-0.6400522,1.980523,0.9966667,11.3238,6.779391,0.02257826,5.238608,65.94626,35.4396,23.78143,1,214.413,97.55912,"Kljun_et_al"
"2026-09-24 09:30:00",95,-0.3913855,7,36000,-0.2527859,7,36000,74.90892,7,36000,0.1093805,7,36000,93.85199,7,36000,1.252881,-0.01180206,7,0.1059341,-0.8323383,0.2498196,16.17538,62.28811,8.953548,1.149278,1.845969,15.03222,66.76764,2.545663,1.144809,1.717456,14.57764,69.98928,9.169544,1.165873,1.666245,8.779331,87.43185,0.5726469,0.8951553,0.4668961,0,0.4901246,-1.862645E-09,0.2035316,16.22809,0.9070455,0,1.015168,0.8946123,3.035188,191.3007,27.91326,168.6993,1706.56,28.45966,2120.222,34.6672,704.4915,8.045536,8.606796,0.2952296,0.988897,0.9914105,123.1435,30.63595,-46.11824,-0.648302,1.691817,1,12.30704,6.819118,0.02288867,6.125265,77.10793,41.4379,27.80654,1,214.413,97.04514,"Kljun_et_al"
"2026-09-24 10:00:00",96,0.03424893,7,36000,-0.1807051,7,36000,89.31795,7,36000,0.1305908,7,36000,98.41884,7,36000,1.101893,-0.01905464,7,0.1349273,-0.6886352,0.4054305,17.19888,57.67353,8.768006,1.135194,1.97049,16.39287,60.51316,2.529972,1.132129,1.873863,16.13537,66.24899,9.838713,1.219501,1.841504,9.133772,87.41911,0.7417336,1.125837,0.4898676,0,0.7272751,3.72529E-09,0.2048455,17.58117,0.9320743,0,1.32743,1.125059,3.494011,191.5998,31.62666,168.4002,1627.881,23.37639,2038.547,13.53988,680.5058,5.377097,8.4714,0.345686,0.9883628,0.9910489,130.3175,35.1083,-38.61609,-0.6562908,1.498855,1,13.57094,6.856024,0.02340867,6.048426,76.14066,40.91808,27.45772,1,214.413,97.09033,"Kljun_et_al"
"2026-09-22 10:00:00",0,-0.3105652,7,31042,0.0616741,7,31090,41.57174,5,31090,0.06066822,5,31090,6.64528,5,31090,0.1598509,-0.005654749,4,0.07352624,-0.08508847,0.1588173,14.48858,98.73091,14.69443,1.678524,1.656182,14.44753,101.6158,2.268484,1.678311,1.651632,14.21962,82.47877,11.28011,1.342278,1.627461,10.1206,86.98772,-0.02667832,0.6665345,0.3751025,0,0.4045247,-7.450581E-09,0.1152931,16.21055,0.1694267,0,0.7914716,0.6652737,1.752344,305.6226,32.34398,54.37744,1915.166,75.08691,1978.129,94.3073,606.9288,15.79312,12.64422,0.3025231,0.8348104,0.8354654,130.1305,35.95804,-38.25423,0.1215448,1.460367,0.8533334,14.87542,6.890176,0.02453047,6.571357,82.72357,44.45575,29.83164,1,214.413,96.78056,"Kljun_et_al"
"2026-09-22 10:30:00",1,0.77002,6,36000,0.0737134,8,36000,86.55573,3,36000,0.1263829,3,36000,37.42801,3,36000,0.4324151,-0.01166863,4,0.105716,-0.3340642,0.2180665,15.25005,92.61176,14.04917,1.610813,1.73983,14.99865,94.12105,5.337383,1.609452,1.712188,14.85627,81.60445,11.73992,1.383856,1.696081,10.41092,86.96971,0.1027358,0.8958322,0.4146616,0,0.4840397,0,0.1729001,16.69236,0.5138323,0,1.020375,0.8945118,2.577076,302.194,28.44813,57.806,1910.987,66.32037,2066.053,64.49485,634.4857,23.0664,12.10247,0.5272924,0.8780288,0.878351,137.585,39.68787,-31.28957,0.113988,1.342961,1,15.21307,6.985997,0.024818,6.142631,77.32655,41.55539,27.88537,1,214.413,97.03485,"Kljun_et_al"
"2026-09-22 11:00:00",2,-1.19593,7,36000,-0.2055778,7,36000,214.9717,7,36000,0.3144869,7,36000,141.0757,7,36000,0.6562521,-0.03610634,7,0.1865735,-0.7187536,0.4337706,17.98286,71.84338,12.79296,1.484534,2.071504,16.98607,76.1301,3.248498,1.47961,1.945641,16.75816,75.83313,12.46771,1.452044,1.916533,10.85202,86.94585,0.466031,0.3653246,0.5512204,0,0.7124933,-2.328306E-10,0.2367501,18.55354,0.9331312,0,0.8838391,0.3653027,2.690632,199.856,62.04232,160.144,1739.095,58.081,2014.857,44.58805,658.8571,5.691984,11.04864,0.5532535,0.9593243,0.9574316,146.4841,43.12048,-23.78733,0.1060485,1.254284,1,15.81753,7.021892,0.02514433,1.419394,17.86805,9.602315,6.443548,1,214.413,99.49439,"Kljun_et_al"
"2026-09-22 11:30:00",3,-0.364974,9,36000,-0.2578776,9,36000,157.3477,9,36000,0.230426,9,36000,99.48487,9,36000,0.6322613,-0.02180102,9,0.1452537,-0.6536366,0.6064317,18.65417,67.50675,12.50592,1.456994,2.158385,18.06345,69.86458,2.211062,1.454195,2.081848,17.9287,71.73904,12.75414,1.479475,2.062356,11.01289,86.92622,0.627653,1.524746,0.7511349,0,0.7666665,-3.72529E-09,0.2467429,19.60985,0.8286474,0,1.705142,1.524358,4.734976,186.2304,26.37452,173.7696,1651.705,34.37704,1938.575,21.96338,647.1637,5.50468,10.81861,0.5609014,0.9884542,0.990186,156.3093,45.79005,-16.28582,0.09785649,1.195764,1,17.21754,7.134176,0.02589767,7.609194,95.78841,51.47681,34.54306,1,214.413,96.15176,"Kljun_et_al"
"2026-09-22 12:00:00",4,0.03097201,9,36000,-0.1312832,9,36000,165.8151,9,36000,0.2429338,9,36000,107.0731,9,36000,0.6457379,-0.05979045,9,0.2407825,-0.4251325,0.818294,18.78834,68.20078,12.78736,1.483978,2.176766,18.52462,69.21758,2.219218,1.48281,2.143384,18.28304,71.7387,13.09392,1.51268,2.108849,11.2464,86.90649,0.6605741,2.280638,0.8824197,0,0.8814029,-7.450581E-09,0.284697,20.10456,0.9007114,0,2.434288,2.278363,6.132129,174.4449,20.50011,185.5551,1674.322,28.24055,1956.148,12.20656,656.3099,6.928654,11.01401,0.5456219,0.9935932,0.995824,166.9382,47.54548,-8.784225,0.08963012,1.161373,1,18.92446,7.27408,0.02690367,6.866576,86.43995,46.45294,31.17183,1,214.413,96.60356,"Kljun_et_al"
"2026-09-22 12:30:00",5,-0.06314886,9,36000,-0.2266186,9,36000,165.1865,9,36000,0.2421644,9,36000,121.9658,9,36000,0.7383522,-0.07240036,9,0.2652885,-0.4408184,0.875872,19.39048,62.47675,12.02355,1.411194,2.260493,19.17499,63.21648,1.918909,1.410322,2.232546,18.97214,68.6884,13.08959,1.512204,2.202092,11.21624,86.85695,0.822224,2.367589,0.7785835,0,1.03224,7.450581E-09,0.2829016,20.68138,0.9415301,0,2.565075,2.365131,5.848092,177.501,22.61464,182.499,1646.194,25.4882,1962.946,9.019481,663.5175,5.570465,10.45223,0.4946637,0.9963747,0.9980941,178.0765,48.26725,-1.281617,0.08176125,1.147558,1,20.55304,7.413488,0.02785933,6.470052,81.4483,43.77041,29.37175,1,214.413,96.84099,"Kljun_et_al"
"2026-09-22 13:00:00",6,-0.03478843,7,36000,-0.1636493,7,36000,98.23399,7,36000,0.1440281,7,36000,50.4122,7,36000,0.5131849,-0.03978597,7,0.1967254,-0.2458996,0.6642844,19.50562,61.20564,11.8306,1.392961,2.276243,19.29393,61.93957,1.373222,1.392035,2.247415,19.22263,67.5968,13.0846,1.511696,2.236388,11.20294,86.82703,0.8553793,2.208625,0.7527384,0,0.8387704,1.490116E-08,0.241698,20.78168,0.6161555,0,2.356992,2.206779,5.998022,166.0306,20.44842,193.9694,1634.802,21.44969,1958.415,7.166022,652.9834,3.691082,10.31304,0.4122115,0.9925508,0.9971255,189.2896,47.89967,6.219901,0.07357121,1.153796,1,22.09954,7.546983,0.028878,8.139131,102.4595,55.06187,36.94878,1,214.413,95.82437,"Kljun_et_al"
"2026-09-22 13:30:00",7,0.02976453,7,36000,-0.1681182,7,36000,174.8154,7,36000,0.2565406,7,36000,125.5737,7,36000,0.7183215,-0.05879294,7,0.2395775,-0.5048187,1.366065,20.56435,56.94972,11.72598,1.383865,2.430489,20.22763,58.0378,1.641783,1.382434,2.382994,20.10698,65.68417,13.48508,1.551755,2.362785,11.46511,86.78495,1.000559,1.936223,0.8910917,0,1.363939,-7.450581E-09,0.2788447,21.71058,0.9079024,0,2.360873,1.934495,5.623171,165.2688,34.42281,194.7312,1610.921,25.87942,1941.19,9.235955,645.2824,4.856841,10.20877,0.5031609,0.9230851,0.9469857,200.1252,46.47134,13.72144,0.06533155,1.180228,1,22.99844,7.633161,0.02960233,5.858808,73.75365,39.6353,26.59692,1,214.413,97.20132,"Kljun_et_al"
"2026-09-22 14:00:00",8,0.05225873,7,36000,-0.1451499,7,36000,116.1231,7,36000,0.1704439,7,36000,62.4178,7,36000,0.537514,-0.04053001,7,0.1989999,-0.3024315,0.6024533,20.8816,53.94899,11.20453,1.336911,2.478437,20.43422,55.34218,1.930424,1.334952,2.411916,20.48643,63.91381,13.4262,1.545844,2.41861,11.40671,86.75623,1.076965,1.356416,0.6787069,0,0.8355377,7.450581E-09,0.2148027,21.86729,0.5967329,0,1.583877,1.355512,3.97954,193.7398,30.75669,166.2602,1583.761,25.57428,1932.661,7.032992,644.4226,3.707971,9.851713,0.486792,0.9960179,0.997929,210.2356,44.08405,21.22372,0.05741411,1.229619,1,23.82273,7.72385,0.03031033,4.941351,62.20424,33.42864,22.43199,1,214.413,97.72745,"Kljun_et_al"
"2026-09-22 14:30:00",9,0.1056983,7,36000,-0.1773965,7,36000,106.0581,7,36000,0.1557046,7,36000,44.06321,7,36000,0.4154631,-0.01854708,7,0.1347109,-0.3158456,0.4688275,20.98322,53.12443,11.06454,1.324598,2.493818,20.66115,54.10407,2.262896,1.323206,2.445526,20.57897,63.58092,13.43357,1.546534,2.432411,11.40824,86.69926,1.12232,1.091961,0.4454167,0,0.8385677,0,0.1899029,22.08355,0.4952758,0,1.354296,1.091319,3.438462,196.814,35.69334,163.186,1576.862,28.09927,1932.625,9.072878,642.5488,4.140429,9.7577,0.4923718,0.9547874,0.9848524,219.4399,40.88261,28.72539,0.04928529,1.306231,1,24.36872,7.790005,0.030882,5.875991,73.96996,39.75154,26.67492,1,214.413,97.19138,"Kljun_et_al"
"2026-09-22 15:00:00",10,0.0263505,7,36000,-0.1632217,7,36000,118.5556,7,36000,0.1741666,7,36000,68.48051,7,36000,0.5776233,-0.01183269,7,0.1077227,-0.6153156,0.7628993,22.05685,49.31371,10.93624,1.313105,2.663453,21.34052,51.37,1.693933,1.310004,2.550675,21.27144,62.11191,13.72858,1.576514,2.538229,11.60204,86.69444,1.240671,1.029309,0.8235091,0,0.8969023,7.450581E-09,0.2078405,22.75199,0.695254,0,1.393334,1.028758,4.943904,169.1159,41.43346,190.8841,1562.728,23.29712,1926.056,7.621235,641.234,3.757724,9.637796,0.4447358,0.966225,0.9589635,227.7162,37.02224,36.22691,0.04104449,1.419842,1,24.39194,7.836561,0.031202,6.926317,87.19199,46.85709,31.44303,1,214.413,96.56741,"Kljun_et_al"
"2026-09-22 15:30:00",11,0.1325074,5,36000,-0.05738988,5,36000,80.9819,5,36000,0.118955,5,36000,24.79699,5,36000,0.3062041,-0.01438613,2,0.1187533,-0.2020592,0.3295036,21.93764,48.70988,10.62869,1.286643,2.645706,21.22665,50.71761,2.627468,1.28356,2.532058,21.39438,61.49717,13.69079,1.572698,2.557577,11.56909,86.68777,1.248498,0.5282095,0.4000145,0,0.6897022,9.313226E-10,0.1526642,22.60896,0.4723789,0,0.8956524,0.5281898,2.22656,214.4739,51.88261,145.5261,1552.953,27.62694,1925.778,9.735464,644.2604,2.739034,9.447438,0.4643825,0.9818305,0.9862911,235.1441,32.64614,43.72887,0.03298104,1.584679,1,24.55807,7.832283,0.03155733,3.224338,40.5896,21.8129,14.63736,1,214.413,98.65162,"Kljun_et_al"
"2026-09-22 16:00:00",12,0.0111637,9,36000,-0.04080047,9,36000,58.94282,9,36000,0.08658949,9,36000,37.66507,9,36000,0.6390103,-0.009528966,9,0.09668355,-0.3771288,0.4173358,22.12786,50.12357,11.19233,1.336458,2.677716,21.32087,52.41476,4.021681,1.33291,2.547613,21.31203,62.70398,13.90734,1.594922,2.545103,11.73597,86.67189,1.214702,0.7053908,0.520295,0,0.7349182,1.862645E-09,0.154467,22.75737,0.6442047,0,0.9710129,0.7050837,3.550139,185.918,42.38924,174.082,1579.113,45.79501,1935.561,21.89599,640.995,3.633987,9.807835,0.600782,0.9915679,0.9950041,241.8499,27.8763,51.23087,0.02499549,1.827817,1,24.36607,7.827455,0.03171333,5.288629,66.57594,35.778,24.00851,1,214.413,97.53053,"Kljun_et_al"
"2026-09-22 16:30:00",13,-0.02680487,7,36000,-0.07350137,7,36000,72.87341,7,36000,0.1070921,7,36000,37.84449,7,36000,0.5193182,-0.01790641,7,0.1325928,-0.2766706,0.4729819,22.5794,45.93121,10.32875,1.260877,2.752481,21.6883,48.30468,2.52525,1.257113,2.606113,21.76755,60.07723,13.68335,1.571962,2.616846,11.54895,86.6767,1.349,1.113569,0.623201,0,0.7238946,0,0.1831962,23.04426,0.7640414,0,1.348351,1.113078,3.841434,164.9016,33.83525,195.0984,1528.818,22.19073,1911.394,8.21977,641.7197,3.14519,9.238127,0.4008031,0.9963313,0.9984651,247.9725,22.81248,58.7326,0.01675531,2.20367,1,24.04178,7.824269,0.03166933,6.08803,76.63921,41.186,27.63751,1,214.413,97.06703,"Kljun_et_al"
"2026-09-22 17:00:00",14,0.06916225,8,36000,0.005413394,8,36000,45.04703,8,36000,0.0660978,8,36000,-8.944663,8,36000,-0.1985628,-0.02813576,1,0.1658083,0.05203076,0.2266115,20.41271,53.93126,10.73102,1.295046,2.410733,20.0951,54.93694,4.348761,1.29364,2.363601,20.40027,63.00317,13.11882,1.515172,2.407634,11.18333,86.63566,1.069961,2.070263,0.4851397,0,0.428135,-1.862645E-09,0.1859112,21.48374,0.8312779,0,2.115092,2.070178,4.155702,220.4843,11.80341,139.5157,1583.312,44.09361,1951.033,31.70848,647.476,4.251978,9.559086,0.3990329,0.8656239,0.8556792,253.6467,17.53624,66.23441,0.008619536,2.831695,1,23.91746,7.824436,0.03160533,10.12163,162.4385,76.86356,48.58351,1,214.413,92.28146,"Kljun_et_al"
"2026-09-22 17:30:00",15,0.4078107,3,36000,0.03444792,4,36000,51.55454,3,36000,0.0756378,3,36000,-17.39682,3,36000,-0.337445,-0.03471568,1,0.1841402,0.09109782,0.3975163,20.02022,54.08384,10.41847,1.269017,2.350478,19.97848,54.22638,4.244995,1.268826,2.34453,19.96398,63.26474,12.76848,1.480652,2.342256,10.94532,86.62873,1.075704,2.294809,0.7054055,0,0.4900661,0,0.2393134,21.33985,0.3908859,0,2.347303,2.29479,5.301264,241.6502,12.11526,118.3498,1572.544,48.85376,1946.598,28.87024,641.7965,2.899287,9.379531,0.5147867,0.9921115,0.9940937,258.9953,12.11755,73.73657,0.0007092247,4.051453,1,23.38892,7.777561,0.03139267,10.12461,162.4863,76.88619,48.59781,1,214.413,92.27928,"Kljun_et_al"
"2026-09-22 18:00:00",16,-0.4704288,8,36000,0.04970356,8,36000,9.642077,8,36000,0.01413336,8,36000,-4.864189,8,36000,-0.5044752,-0.01064539,4,0.1017928,0.04590968,0.2795448,19.09838,58.54236,10.77501,1.298154,2.219641,19.02916,58.7961,2.745994,1.297832,2.210186,19.2589,64.97796,12.5142,1.456132,2.241989,10.78977,86.65758,0.9123535,1.332565,0.3691131,0,0.6375654,-3.72529E-09,0.1278886,20.41694,0.4224992,0,1.482743,1.331741,2.99739,287.5553,25.84896,72.4447,1607.409,44.75481,1968.765,44.15195,654.7517,6.880023,9.624752,0.2106398,0.9920761,0.9941061,264.1282,6.632092,81.2381,-0.007532998,7.243345,1,22.66671,7.71646,0.031055,10.65498,170.9981,80.91387,51.1436,1,214.413,91.89751,"Kljun_et_al"
"2026-09-22 18:30:00",17,1.110023,7,36000,0.5825212,5,36000,91.38975,5,36000,0.1337781,5,36000,-49.77094,5,36000,-0.544601,-0.3104969,5,0.5480919,0.08676539,4.022029,17.60815,59.97985,9.679328,1.211203,2.02363,17.62352,59.94803,6.240448,1.21125,2.025859,17.76567,65.52324,11.21073,1.338071,2.043466,9.964978,86.72906,0.8146093,5.631288,2.55908,0,1.089419,0,0.5552757,18.91104,0.938834,0,5.721687,5.623765,15.24699,337.2589,10.59651,22.74115,1641.84,172.5424,2040.384,187.5289,658.075,11.49391,9.025561,0.86847,0.9893422,0.9918825,269.148,1.210862,88.73962,-0.01577984,25.33997,0.75,21.95271,7.65402,0.03064333,8.275926,132.8175,62.84732,39.7242,1,214.413,93.62016,"Kljun_et_al"
"2026-09-22 19:00:00",18,0.3679416,4,36000,0.3294935,1,36000,27.27577,1,36000,0.0398716,1,36000,-31.29697,1,36000,-1.147428,-0.1080906,4,0.3225289,0.09222095,1.353621,16.08582,66.6049,9.861659,1.22155,1.835079,16.1842,66.23621,3.325873,1.22195,1.846863,16.12614,69.19759,10.48125,1.272791,1.839749,9.533497,86.76279,0.624913,2.874302,1.14468,0,1.135052,-7.450581E-09,0.3295523,17.476,0.3301759,0,3.071576,2.871676,7.618091,3.195773,20.66384,356.8042,1535.71,59.44048,1894.147,59.83947,656.1232,3.736389,9.151127,0.2821401,0.9880289,0.9887217,274.1525,-4.596075,96.24197,-0.02361655,"NAN",0,21.21172,7.582359,0.03019367,7.209404,115.7012,54.74817,34.60493,1,214.413,94.40106,"Kljun_et_al"
"2026-09-22 19:30:00",19,2.441678,7,36000,0.7325909,6,36000,51.18365,6,36000,0.07475317,6,36000,-38.03012,6,36000,-0.743013,-0.05457187,3,0.2288094,0.157462,0.5707433,15.27171,70.42154,9.873394,1.223207,1.742867,15.25276,70.51169,6.224002,1.223123,1.740863,15.49582,70.49471,10.14385,1.244405,1.767899,9.34135,86.75697,0.5177402,0.7079355,0.6948204,0,0.8034101,0,0.1150794,16.54165,0.5951454,0,1.155141,0.7078565,2.882815,226.4642,50.40336,133.5358,1606.7,99.70579,1974.37,94.76593,676.6166,15.22425,9.190151,0.4530126,0.9903253,0.9921705,279.2364,-10.19706,103.7436,-0.03182418,"NAN",0,20.47755,7.523896,0.029726,2.515799,40.37518,19.10496,12.07576,1,214.413,97.90469,"Kljun_et_al"
"2026-09-22 20:00:00",20,0.02204646,8,36000,0.05879299,7,36000,-3.82269,7,36000,-0.005576417,7,36000,-9.334214,7,36000,2.441792,-0.01861396,7,0.1333469,0.06599788,0.2975269,13.90511,82.1973,10.9181,1.310459,1.594668,14.02289,81.64155,2.928118,1.310983,1.607285,14.11191,76.6862,10.08222,1.239298,1.61616,9.347651,86.78956,0.2963026,0.9845396,0.3128087,0,0.6968778,3.72529E-09,0.1075442,15.39865,0.4168648,0,1.204318,0.9836121,3.074064,190.9178,34.67537,169.0822,1673.179,64.57578,2002.321,69.70624,678.5184,8.885983,9.891582,0.1535134,0.9868248,0.9892212,284.5002,-15.68535,111.2453,-0.04006965,"NAN",0,19.80484,7.462888,0.02924433,6.009302,96.44121,45.63459,28.84447,1,214.413,95.2864,"Kljun_et_al"
"2026-09-22 20:30:00",21,-0.07400674,9,36000,0.1135505,9,36000,-0.7241096,9,36000,-0.001055213,9,36000,-5.218963,9,36000,7.20742,-0.002634714,9,0.05006672,0.09788754,0.08702885,12.78167,87.9669,10.83817,1.303405,1.482059,12.94015,87.11644,1.709491,1.304131,1.497723,12.95246,79.56463,9.505686,1.192274,1.498661,9.029393,86.8112,0.1935923,0.8434279,0.3213427,0,0.2591316,1.862645E-09,0.06039364,14.30321,0.3987466,0,0.888493,0.8429703,1.951133,137.3117,18.33463,222.6883,1876.734,151.0095,2239.625,177.4985,701.6478,7.395959,9.876936,0.06847682,0.9866158,0.9890488,290.0523,-21.03569,118.7474,-0.04798126,"NAN",0,19.14156,7.401337,0.02878767,13.74998,220.6687,104.4173,65.99951,1,214.413,89.69582,"Kljun_et_al"
"2026-09-22 21:00:00",22,0.223054,8,36000,0.01396911,8,35985,-0.2235667,8,35985,-0.0003257567,8,35985,1.166437,8,35985,-5.217401,-0.004297557,4,0.06396025,-0.01709792,0.08057016,13.06443,87.94602,14.28351,1.652982,1.509596,12.82083,111.5453,19.94773,1.651387,1.486111,13.15735,80.15339,9.815151,1.217273,1.51876,9.212174,86.86009,-0.1652757,0.7272963,0.232559,0,0.3246872,0,0.0404329,14.54789,0.2748279,0,0.8011631,0.7272887,1.445836,229.7264,24.59641,130.2736,1904.1,175.9717,2009.204,67.52015,602.949,105.1344,12.51433,2.007775,0.8027662,0.8234262,296.0101,-26.19075,126.2492,-0.05611366,"NAN",0,18.5374,7.351882,0.02833867,8.244619,103.7874,55.77551,37.42766,1,214.413,95.7587,"Kljun_et_al"
"2026-09-22 21:30:00",23,0.4887581,4,36000,-0.007458411,9,36000,15.27738,4,36000,0.02226557,4,36000,-6.228515,3,36000,-0.4076951,-0.006050011,5,0.07592447,0.07691778,0.142217,13.3325,"NAN",15.72413,1.794096,1.536342,13.05805,118.8842,6.595887,1.792372,1.509147,13.37613,80.65292,10.12101,1.242512,1.540705,9.395946,86.90377,-0.2832252,1.072439,0.4598686,0,0.2627708,2.328306E-10,0.06250159,14.93464,0.2461148,0,1.110865,1.072437,2.409343,230.7957,15.06547,129.2043,1943.487,111.161,1994.48,62.43745,537.7725,27.93728,13.56962,0.5322613,0.8415666,0.8582829,302.5044,-31.07755,133.7507,-0.06435997,"NAN",0,18.09657,7.301643,0.02797133,11.51949,184.8723,87.47892,55.29321,1,214.413,91.27824,"Kljun_et_al"
"2026-09-22 22:00:00",24,0.2235096,7,36000,0.2743642,7,36000,0.2440387,7,36000,0.0003557457,7,36000,-3.249716,7,36000,-13.31639,-0.004608633,7,0.06626195,0.04602521,0.250356,13.33415,98.95982,14.22969,1.62903,1.536373,13.28889,106.3703,4.14222,1.628749,1.53203,13.4396,80.93295,10.23503,1.251987,1.54696,9.465555,86.92164,-0.09671855,0.3302636,0.6479325,0,0.27882,-4.656613E-10,0.0561692,14.99384,0.2548158,0,0.6775758,0.3301913,1.871489,32.78496,57.99777,327.215,1847.037,50.34499,2010.112,57.67786,607.8407,26.83026,12.32068,0.3516449,0.9248192,0.9385191,309.6751,-35.60465,141.2526,-0.07241575,"NAN",0,17.74654,7.278114,0.02765467,4.064381,65.22784,30.86488,19.50891,1,214.413,96.73632,"Kljun_et_al"
"2026-09-22 22:30:00",25,0.1806707,9,36000,-0.0006498015,9,35985,13.02624,9,35985,0.01898733,9,35985,-3.874082,9,35985,-0.297406,-0.00144506,9,0.03709088,0.09799073,0.228394,13.20869,99.79722,13.58752,1.563409,1.524028,13.20218,102.7297,6.587548,1.563317,1.523697,13.28377,81.388,10.16596,1.246216,1.531414,9.427046,86.93182,-0.03961992,0.7549801,0.4673403,0,0.4851148,-3.72529E-09,0.05517756,14.83747,0.4097652,0,0.8944013,0.7535894,2.238517,330.6897,32.13945,29.3103,1926.177,142.3554,2105.572,101.2502,665.2324,43.78635,11.82947,0.5673401,0.7664995,0.7692174,317.6567,-39.6585,148.7547,-0.08040373,"NAN",0,17.42208,7.239559,0.02738133,16.61572,266.6599,126.1796,79.75496,1,214.413,87.69532,"Kljun_et_al"
"2026-09-22 23:00:00",26,0.13764,8,36000,0.2133296,8,36000,-1.196306,8,36000,-0.001742941,8,36000,-5.039139,8,36000,4.212249,-0.008263228,7,0.08867947,0.05319245,0.2557643,13.00068,"NAN",16.35715,1.867746,1.503342,12.71066,126.5474,5.141033,1.865829,1.475381,13.09065,81.24249,9.951784,1.228516,1.512171,9.299394,86.92818,-0.3904485,0.7581907,0.4227347,0,0.5732998,3.72529E-09,0.06443101,14.66198,0.3916233,0,0.9237948,0.7565256,2.46111,320.0922,34.46713,39.90784,2339.8,84.01115,2191.969,61.90316,530.7047,35.46767,14.14248,0.4465623,0.7245693,0.753564,326.5487,-43.10262,156.2565,-0.08865275,"NAN",0,17.13839,7.20275,0.027162,6.967701,111.8222,52.91267,33.44476,1,214.413,94.57879,"Kljun_et_al"
"2026-09-22 23:30:00",27,0.919816,7,36000,0.1545641,4,36000,7.383825,6,36000,0.01075151,6,36000,-8.27944,3,36000,-1.121294,-0.009298373,3,0.09392923,0.08235695,0.2231497,12.25708,"NAN",14.76696,1.686684,1.431713,12.10299,119.0039,5.034322,1.685748,1.417401,12.3606,83.8159,9.702793,1.208123,1.441497,9.168448,86.93522,-0.2683469,1.515962,0.44715,0,0.480711,-7.450581E-09,0.1235853,13.86047,0.2267553,0,1.595897,1.513748,2.752098,324.2521,18.37737,35.74789,2245.334,256.6549,2264.091,210.7079,626.1901,14.0604,12.80493,0.39223,0.7914797,0.7974313,336.37,-45.78392,163.7581,-0.09678382,"NAN",0,16.87042,7.203876,0.02696333,13.15814,211.1704,99.92281,63.15867,1,214.413,90.11328,"Kljun_et_al"
"2026-09-23 00:00:00",28,-3.531288,8,36000,0.03146392,8,36000,7.94832,8,36000,0.01157422,8,36000,-0.950601,8,36000,-0.1195977,-0.01824132,6,0.1315443,0.006755436,0.25158,12.25682,"NAN",13.58835,1.562149,1.431693,12.17141,109.7035,1.832494,1.561681,1.423771,12.34039,83.17297,9.568746,1.197302,1.439561,9.086964,86.93025,-0.13791,1.094948,0.310898,0,0.6340547,-3.72529E-09,0.06691023,13.79911,0.2421278,0,1.273505,1.094035,2.197769,24.3036,30.40744,335.6964,2300.46,410.3431,2471.32,461.2863,645.9988,10.31889,11.85941,0.163867,0.8600187,0.8656094,346.9998,-47.55064,171.2604,-0.104697,"NAN",0,16.59509,7.144632,0.02674767,6.699643,107.5202,50.87704,32.15809,1,214.413,94.77625,"Kljun_et_al"
"2026-09-23 00:30:00",29,0.450849,9,36000,0.1458079,9,36000,-2.992197,9,36000,-0.004358412,9,36000,-3.984293,9,36000,1.331561,-0.003540869,9,0.05797281,0.064321,0.1159807,12.37683,99.73859,12.64901,1.469225,1.443407,12.4645,101.3163,3.48331,1.469683,1.452196,12.47528,81.97524,9.483766,1.190519,1.452585,9.031157,86.93393,-0.01748645,1.083854,0.2842326,0,0.3872001,0,0.03534424,13.99713,0.5746064,0,1.158433,1.081479,1.953175,327.0898,20.87679,32.91022,2044.158,175.6207,2278.141,193.4281,641.3558,22.40901,11.14926,0.1979068,0.8984193,0.9046648,238.1409,-48.28272,58.76191,-0.112946,"NAN",0,16.28014,7.127347,0.02653367,15.25472,244.8177,115.8442,73.2222,1,214.413,88.64091,"Kljun_et_al"
"2026-09-23 01:00:00",30,-0.1990867,9,36000,0.2485079,9,36000,-1.83056,9,36000,-0.002663519,9,36000,-4.541892,9,36000,2.481148,-0.002514077,9,0.04873787,0.08689065,0.126849,11.36528,98.87686,11.19858,1.335634,1.350719,11.34168,99.1107,3.197417,1.33555,1.349509,11.5824,81.85366,8.590315,1.12122,1.37007,8.531776,86.93723,0.01395869,1.379432,0.3030441,0,0.3989913,-7.450581E-09,0.05165447,12.72811,0.8767761,0,1.434886,1.376949,2.347762,343.1903,16.27616,16.80966,2466.828,409.6892,2863.682,497.304,703.9713,37.79353,10.17103,0.3259408,0.9341801,0.9403397,9.362805,-47.9246,-173.7366,-0.1211348,"NAN",0,15.86086,7.1089,0.02625633,23.10097,370.7395,175.4286,110.884,1,214.413,83.30115,"Kljun_et_al"
"2026-09-23 01:30:00",31,0.00547648,9,36000,-0.03958303,8,36000,-1.924851,8,36000,-0.002799411,8,36000,4.574232,8,36000,-2.376408,-0.006926955,7,0.08081135,-0.05269092,0.5054331,10.59175,93.6983,10.14193,1.245416,1.283206,10.85429,95.65766,6.260492,1.246609,1.30628,10.73166,83.31725,8.01817,1.078455,1.294756,8.231053,86.94504,0.0596714,1.101114,0.7814894,0,0.6308337,-1.490116E-08,0.04678838,12.14539,0.7828233,0,1.378008,1.098454,2.382976,334.3473,36.48311,25.65271,2583.283,320.9213,3064.568,354.8165,724.6854,30.93128,9.510624,0.4409601,0.9497215,0.9541618,20.21137,-46.50356,-166.2342,-0.1290015,"NAN",0,15.39501,7.051651,0.025956,9.877987,124.3491,66.82537,44.84258,1,214.413,94.72514,"Kljun_et_al"
"2026-09-23 02:00:00",32,-0.2352409,8,36000,-0.1622086,8,36000,-1.060952,8,36000,-0.00154216,8,36000,-8.637374,8,36000,8.141151,-0.009830124,7,0.09613945,0.08346172,0.5823441,10.10475,92.21115,8.88154,1.143661,1.241682,10.28555,91.18997,4.747831,1.144427,1.257751,10.40415,82.85374,7.617466,1.049335,1.26663,8.018095,86.96362,0.1133232,0.7935797,0.9471223,0,0.5120739,3.72529E-09,0.07367479,11.46761,0.8056622,0,1.215875,0.7930456,2.430316,169.674,47.76647,190.326,2155.797,273.3911,2640.853,325.2126,764.4235,36.12476,8.74845,0.2945752,0.9714534,0.9675469,30.33378,-44.12215,-158.7326,-0.1372379,"NAN",0,14.93516,7.010395,0.02560933,6.730038,108.008,51.10786,32.30398,1,214.413,94.75384,"Kljun_et_al"
"2026-09-23 02:30:00",33,-1.302721,8,36000,-0.462455,8,36000,0.1626114,8,36000,0.0002361899,8,36000,1.076116,8,36000,6.617718,-0.02103783,7,0.1404279,-0.007097429,0.3336189,9.227316,96.88584,8.759197,1.133744,1.17011,9.50599,95.19022,1.166424,1.134876,1.192526,9.46383,84.86552,7.048092,1.008969,1.188905,7.735527,86.98898,0.05765045,1.158489,0.4723954,0,0.6642516,3.72529E-09,0.05338718,10.67459,0.3568206,0,1.35953,1.157838,2.314224,131.7251,31.19859,228.2749,2183.896,186.6415,2675.481,229.3824,772.8265,20.22183,8.699442,0.1033841,0.9808037,0.9833824,39.55099,-40.92488,-151.2311,-0.1454317,"NAN",0,14.50654,6.978316,0.025241,5.983834,75.32755,40.48112,27.1645,1,214.413,97.1282,"Kljun_et_al"
"2026-09-23 03:00:00",34,1.215154,8,36000,-0.05814452,8,36000,2.904154,8,36000,0.004217937,8,36000,4.938285,8,36000,1.700421,-0.01450372,4,0.1165736,-0.03921766,0.3270244,9.177027,97.37212,8.783607,1.13574,1.166244,9.433759,95.80825,1.312288,1.136802,1.187053,9.283517,85.72327,7.017633,1.006964,1.174591,7.725033,87.00429,0.05025101,1.003566,0.3577294,0,0.7235398,-1.862645E-09,0.0506811,10.60385,0.5251389,0,1.259914,1.003166,1.85286,42.55938,36.56522,317.4406,2014.397,106.4255,2465.277,132.5708,798.5076,17.18835,8.716256,0.16666,0.9803111,0.982719,47.84024,-37.06657,-143.7289,-0.1534409,"NAN",0,"NAN","NAN","NAN",6.242733,78.5867,42.23259,28.33981,1,214.413,96.97588,"Kljun_et_al"
"2026-09-23 03:30:00",35,0.1964484,8,36000,-0.05508114,8,36000,0.9123278,8,36000,0.001326073,8,36000,7.465528,8,36000,8.182944,-0.02223289,6,0.144545,-0.04793996,0.263367,9.922916,97.33455,9.517534,1.193264,1.226393,10.24452,95.37517,1.985967,1.194628,1.253278,9.963807,86.19221,7.765401,1.059821,1.229638,8.11095,87.01719,0.05865073,0.8368459,0.3342257,0,0.6431541,0,0.03714629,11.47777,0.4656333,0,1.0809,0.8358377,1.689381,16.09182,38.56829,343.9082,1918.697,73.29385,2320.12,87.2711,758.351,14.02914,9.13359,0.1127278,0.9799719,0.9823605,55.27914,-32.69138,-136.2269,-0.1615327,"NAN",0,"NAN","NAN","NAN",4.199027,52.85948,28.40675,19.0621,1,214.413,98.13795,"Kljun_et_al"
"2026-09-23 04:00:00",36,0.8205789,9,36000,0.3456512,9,36000,-9.451161,9,36000,-0.0137101,9,36000,-7.687437,9,36000,0.8133854,-0.006053071,9,0.07511611,0.0942869,0.1860719,8.157474,99.23376,8.157735,1.089886,1.090499,8.166235,99.96079,1.315953,1.089926,1.091067,8.538676,85.7662,6.293423,0.9597598,1.118997,7.380834,87.04118,0.001141667,1.224617,0.2634639,0,0.5483666,0,0.0449962,9.282524,1.029204,0,1.340609,1.223378,2.545162,280.6713,23.95274,79.32867,2269.637,190.7822,2797.065,241.8832,850.0799,44.51147,8.393256,0.4494471,0.977547,0.9801192,61.99488,-27.92103,-128.7254,-0.1697245,"NAN",0,13.33041,6.860196,0.02406633,13.30138,213.4692,101.0106,63.84621,1,214.413,90.01212,"Kljun_et_al"
"2026-09-23 04:30:00",37,0.2190971,8,36000,0.1519458,8,36000,-5.620113,8,36000,-0.008151921,8,36000,-6.234592,8,36000,1.109336,-0.01907808,4,0.1333135,0.0430631,0.3034488,7.78391,100.0218,7.930691,1.072023,1.061319,8.068164,99.17421,0.7790145,1.073131,1.082301,7.881407,87.33619,5.91013,0.933058,1.068264,7.193666,87.06065,0.009170651,0.9163476,0.5673907,0,0.5310482,0,0.05434356,9.166322,0.5351189,0,1.136884,0.915813,2.345828,30.91746,35.71849,329.0826,2307.729,142.1826,2851.567,176.4324,849.4164,22.50514,8.267916,0.215629,0.974416,0.9767335,68.12774,-22.85383,-121.2235,-0.1778094,"NAN",0,"NAN","NAN","NAN",5.58808,89.68117,42.43584,26.82262,1,214.413,95.59888,"Kljun_et_al"
"2026-09-23 05:00:00",38,-0.5962053,9,36000,-0.1160753,9,36000,0.2408795,9,36000,0.0003496776,9,36000,-0.3103536,9,36000,-1.288418,-0.002740152,7,0.05060006,0.005664322,0.3882574,8.459366,97.81171,8.142103,1.087459,1.111475,8.920694,95.04448,2.047014,1.089268,1.147109,9.008813,87.58204,7.058977,1.337611,1.527773,9.672197,87.0667,0.05784047,1.337769,0.4283079,0,0.7680698,-7.450581E-09,0.05599972,10.03878,0.6828765,0,1.530222,1.334177,2.890873,329.4491,28.9925,30.5509,2317.406,181.1922,2862.985,228.5015,792.2237,34.96219,8.366858,0.1848306,0.9789144,0.9811749,73.81208,-17.56902,-113.7215,-0.1858254,"NAN",0,12.6488,6.825003,0.02366833,21.47876,344.7051,163.1095,103.0974,1,214.413,84.38342,"Kljun_et_al"
"2026-09-23 05:30:00",39,7.805677,9,36000,1.098946,9,36000,-20.28148,9,36000,-0.02941624,9,36000,-34.13337,9,36000,1.682982,-0.0429672,9,0.2000095,0.1570893,0.4832498,7.833256,97.32656,7.443293,1.036909,1.065654,8.001815,96.36468,2.544805,1.037547,1.078181,8.04015,85.28862,5.722861,0.9213715,1.080321,7.099261,87.07612,0.04063344,0.3987773,0.8142748,0,0.5466198,2.328306E-10,0.06828576,9.062943,0.7975996,0,0.9817155,0.3987695,1.813623,172.9636,62.4175,187.0364,2248.28,286.8208,2806.508,365.379,796.0626,30.45989,7.995517,0.1888796,0.9795789,0.9821085,79.17043,-12.13,-106.22,-0.1940191,"NAN",0,12.35171,6.810699,0.023485,1.62313,26.04906,12.32604,7.790978,1,214.413,98.58349,"Kljun_et_al"
"2026-09-23 06:00:00",40,0.1969388,9,36000,0.101745,9,36000,-2.831491,9,36000,-0.004103698,9,36000,-2.529521,9,36000,0.893353,-0.003068931,9,0.05336718,0.04349611,0.1052866,6.986621,99.79224,7.064569,1.010516,1.005018,7.210602,99.08686,0.5735894,1.011349,1.020855,7.1354,86.89511,5.103122,0.8822593,1.0152,6.820083,87.1023,0.009505868,1.323903,0.3393427,0,0.3061811,0,0.04090089,8.241616,0.58026,0,1.364837,1.323401,2.063332,131.2912,14.11355,228.7088,2649.949,260.4958,3317.047,344.5628,860.0585,27.20517,7.815653,0.2389795,0.9598574,0.9655813,84.31441,-6.579581,-98.71824,-0.2022495,"NAN",0,12.07832,6.810027,0.023312,20.23862,324.8025,153.6919,97.14474,1,214.413,85.21825,"Kljun_et_al"
"2026-09-23 06:30:00",41,4.363472,8,36000,0.09978987,8,36000,-2.920451,8,36000,-0.004233846,8,36000,-1.723408,8,36000,0.5901172,-0.01336721,7,0.1114206,0.01420413,0.2659523,7.181902,99.70478,7.18916,1.018924,1.018378,7.512814,97.93462,1.143856,1.020148,1.041994,7.320323,87.47436,5.380664,0.8992647,1.027998,6.947095,87.13357,0.02184641,0.6579011,0.3835312,0,0.6179256,0,0.05455588,8.553546,0.4803098,0,0.9462663,0.6575184,1.815227,61.52822,44.7443,298.4718,2354.219,316.714,2943.472,404.791,855.8593,24.40899,7.875378,0.1573963,0.9788005,0.9810975,89.3462,-0.8009424,-91.21584,-0.2101199,33.81113,0.4,11.79873,6.785326,0.02312133,4.786714,76.8203,36.35027,22.97609,1,214.413,96.19551,"Kljun_et_al"
"2026-09-23 07:00:00",42,1.021819,9,36000,0.3180104,9,36000,-6.697163,9,36000,-0.00970466,9,36000,-7.360872,9,36000,1.099103,-0.006470812,9,0.07743881,0.08711115,0.08054597,6.902208,99.61875,6.967574,1.00425,0.9995236,7.039471,99.57176,1.248017,1.004796,1.009798,7.036223,87.36207,5.082662,0.8813183,1.008655,6.814953,87.16676,0.00500226,0.7569969,0.2310192,0,0.3269531,0,0.02870173,8.062454,0.8828108,0,0.834784,0.7556488,1.286367,299.8798,24.93921,60.12024,2436.668,253.8274,3054.472,339.9227,879.7463,48.16933,7.769219,0.3358108,0.977065,0.9790521,94.36237,4.695125,-83.71433,-0.2183158,10.02299,1,11.52213,6.763695,0.02295733,7.974667,127.9827,60.55957,38.27816,1,214.413,93.84026,"Kljun_et_al"
"2026-09-23 07:30:00",43,1.12898,9,36000,0.5545081,9,36000,4.283247,9,36000,0.006214809,9,36000,3.451381,9,36000,0.805786,-0.006626367,4,0.07855305,-0.04043233,0.09877075,9.065462,96.55921,8.540911,1.118684,1.161304,8.405631,100.6884,0.6178446,1.115982,1.10849,7.896927,88.09536,6.050691,0.943197,1.070478,7.270583,87.21284,-0.007492423,0.5545197,0.2647178,0,0.3443697,0,0.09420969,9.547412,0.9230421,0,0.6361597,0.5534426,1.825992,301.4705,29.20784,58.52951,2417.316,154.4096,2960.304,223.3297,861.6443,53.28514,8.586775,0.4555542,0.9829081,0.9854559,99.45959,10.15911,-76.21281,-0.2265587,4.839572,1,11.29199,6.764192,0.022755,5.117628,64.42329,34.62116,23.23223,1,214.413,97.62789,"Kljun_et_al"
"2026-09-23 08:00:00",44,0.3789943,7,36000,-0.06883565,7,36000,55.35495,7,36000,0.08049472,7,36000,28.45469,7,36000,0.5140405,-0.01326554,2,0.1116164,-0.2363919,0.1343179,11.76108,90.94109,10.32585,1.259895,1.385871,10.71312,97.13925,2.904921,1.255285,1.293304,10.12479,88.54555,8.320111,1.100744,1.243147,8.419214,87.23891,0.03801942,0.7744086,0.3240422,0,0.3739953,0,0.1541428,12.00821,0.5530088,0,0.8557142,0.7736868,2.138224,306.5635,25.07841,53.43652,2004.9,102.2608,2388.638,119.0348,763.7958,15.30854,9.58145,0.2148394,0.9831271,0.9860432,104.7378,15.59455,-68.71053,-0.2344768,3.19348,1,11.23623,6.757061,0.02264933,5.02941,63.31277,34.02436,22.83175,1,214.413,97.67783,"Kljun_et_al"
"2026-09-23 08:30:00",45,-0.8151231,7,36000,-0.3025879,7,36000,65.83784,7,36000,0.09590464,7,36000,26.3912,7,36000,0.4008515,-0.02803377,7,0.1627439,-0.1513129,0.567657,13.24036,79.57813,9.772258,1.214524,1.527625,12.52693,83.17223,3.948347,1.21151,1.458062,12.2383,79.81445,8.838504,1.139945,1.43161,8.654645,87.25618,0.246552,1.544802,0.8044969,0,0.6636425,-7.450581E-09,0.2183516,13.7843,0.5350131,0,1.713532,1.543385,3.665869,18.52308,25.52414,341.4769,1716.995,89.51861,2081.966,92.74162,713.9595,13.3394,9.188724,0.3441244,0.9838769,0.9867827,110.3036,20.90795,-61.20886,-0.2426107,2.409523,1,11.50965,6.770624,0.02269867,6.881588,86.62891,46.55449,31.23998,1,214.413,96.59441,"Kljun_et_al"
"2026-09-23 09:00:00",46,0.4615771,2,36000,-0.3535782,2,36000,117.5054,1,36000,0.1713368,1,36000,59.71073,1,36000,0.508153,-0.04274424,1,0.2012857,-0.2776954,0.4076994,14.43336,73.97485,9.840755,1.220295,1.650586,13.55808,78.00279,2.063539,1.21664,1.559587,13.60759,75.64236,9.388704,1.183035,1.564213,8.938933,87.28712,0.3429466,1.68742,0.6654854,0,0.5600941,-7.450581E-09,0.2425337,14.82502,0.5122642,0,1.783761,1.685474,4.285284,346.5308,19.01364,13.46921,1707.475,46.95466,2077.518,44.71187,703.6624,5.427365,9.194036,0.3820912,0.9897321,0.9920926,116.2749,26.03029,-53.70731,-0.250853,1.961014,1,12.13068,6.789685,0.02285533,6.077443,76.50594,41.11439,27.58945,1,214.413,97.07323,"Kljun_et_al"
"2026-09-23 09:30:00",47,-0.004633844,9,36000,-0.2535553,3,36000,116.8366,3,36000,0.1705191,3,36000,87.15898,3,36000,0.7459902,-0.01721923,7,0.1279567,-0.6396212,0.6101008,15.68309,68.75697,9.951538,1.229223,1.789071,14.52173,73.75225,1.745615,1.224362,1.661179,14.70189,72.78892,9.872571,1.222156,1.679213,9.199382,87.30824,0.4368167,0.4895216,0.8448319,0,0.6769473,2.328306E-10,0.219552,15.80077,0.7806813,0,1.077739,0.4895068,2.909817,73.53983,59.84151,286.4602,1678.451,26.56027,2044.83,22.44952,695.7838,4.640515,9.221145,0.3451048,0.9897217,0.9919477,122.7812,30.88521,-46.205,-0.2588484,1.677169,1,12.99392,6.8295,0.02316133,2.773159,34.90993,18.76064,12.58916,1,214.413,98.87759,"Kljun_et_al"
"2026-09-23 10:00:00",48,0.1242578,9,36000,-0.2031886,9,36000,114.8567,9,36000,0.167806,9,36000,101.8086,9,36000,0.8863966,-0.03250149,9,0.1761433,-0.5445511,0.6792488,16.46175,70.72559,11.1239,1.329342,1.879704,15.61976,74.39774,1.938035,1.325575,1.782949,15.53985,73.51991,10.82924,1.302956,1.772174,9.779055,87.33404,0.4573736,1.000959,0.7015129,0,0.9002811,3.72529E-09,0.2363708,17.01011,0.8258132,0,1.388346,0.9994219,3.643569,173.6437,42.87149,186.3563,1731.899,27.12842,2065.684,18.11526,691.7838,5.719303,9.94537,0.4004433,0.9829561,0.9807606,129.9582,35.37832,-38.70318,-0.2669064,1.487478,1,14.09236,6.8683,0.02338133,4.11934,51.85635,27.86767,18.70035,1,214.413,98.1811,"Kljun_et_al"
"2026-09-23 10:30:00",49,0.4975826,2,36000,-0.2316743,1,36000,145.1586,1,36000,0.2122399,1,36000,137.5475,1,36000,0.9475672,-0.03977481,4,0.1951053,-0.665925,0.5749436,17.45881,66.11333,11.05375,1.322907,2.002954,16.41816,70.35643,2.677599,1.318278,1.877066,16.42916,71.27489,11.21587,1.336674,1.876021,10.00137,87.35066,0.5587888,0.5907737,0.759156,0,0.7133962,4.656613E-10,0.2542344,17.80431,0.9651287,0,1.048844,0.5907487,3.273159,217.0461,53.53128,142.9539,1724.725,86.09402,2066.268,101.1539,685.0331,6.216877,9.863429,0.3443457,0.987806,0.9923923,137.9363,39.39553,-31.20166,-0.2751522,1.357171,1,15.40819,6.970492,0.02361167,2.194977,27.63148,14.84919,9.96442,1,214.413,99.15386,"Kljun_et_al"
"2026-09-23 11:00:00",50,0.3162278,6,36000,-0.03543037,2,35978,141.9753,2,35978,0.2078405,2,35978,124.5092,1,35978,0.8769781,-0.03604328,6,0.1861103,-0.6346682,0.5516353,18.44999,60.51008,10.657,1.288977,2.131164,17.69537,63.29972,3.38493,1.28573,2.03498,17.64626,67.67841,11.59741,1.370896,2.026114,10.21463,87.36337,0.7492502,0.9150305,0.6947401,0,0.7496428,9.313226E-10,0.2421621,19.05324,0.9216476,0,1.252895,0.9148966,3.485298,210.1083,42.0712,149.8917,1679.533,40.83484,2036.747,22.39287,671.3426,5.765709,9.577858,0.4474532,0.8843427,0.8432302,146.8109,42.80158,-23.69988,-0.28329,1.267833,1,16.92031,7.093455,0.02443767,3.564035,44.86587,24.11098,16.17946,1,214.413,98.47627,"Kljun_et_al"
"2026-09-23 11:30:00",51,0.1332164,6,36000,-0.1579813,1,36000,141.7193,1,36000,0.2077195,1,36000,167.4982,1,36000,1.181901,-0.02743384,1,0.1627144,-0.9809676,0.435844,19.79891,53.92594,10.19484,1.249615,2.31844,18.96543,56.62848,2.240872,1.246184,2.204372,18.9239,64.13033,11.99823,1.407751,2.195378,10.44321,87.3569,0.9581875,0.7912934,0.699619,0,0.5578719,4.656613E-10,0.2664585,20.28679,1.030769,0,1.04073,0.791268,3.173986,241.9121,39.65686,118.0879,1618.97,24.95296,1991.227,12.756,659.5244,4.108581,9.242512,0.3938189,0.9821478,0.9870009,156.5947,45.44533,-16.19772,-0.2912043,1.208758,1,18.54174,7.22318,0.025474,3.525157,44.37646,23.84797,16.00297,1,214.413,98.49654,"Kljun_et_al"
"2026-09-23 12:00:00",52,0.07780638,7,36000,-0.1883667,7,36000,179.5796,7,36000,0.2634557,7,36000,161.0046,7,36000,0.8965641,-0.03909175,7,0.1945522,-0.7913249,0.6322241,20.61119,50.32055,9.906775,1.226129,2.437907,19.92752,52.34951,2.207652,1.223407,2.340013,19.94582,62.10669,12.47592,1.452694,2.339462,10.73907,87.34963,1.116605,0.6935033,0.6632335,0,0.8685517,-3.72529E-09,0.2649293,21.22898,1.006565,0,1.168613,0.6920432,3.315141,154.7148,51.72649,205.2852,1584.631,25.99193,1967.37,10.27786,656.149,4.261545,9.043715,0.458233,0.9887614,0.9914411,167.1619,47.17709,-8.696204,-0.299448,1.174206,1,20.1816,7.36717,0.02664333,2.583966,32.52828,17.48074,11.7303,1,214.413,98.96985,"Kljun_et_al"
"2026-09-23 12:30:00",53,0.1039585,7,36000,-0.02176845,7,36000,134.3284,7,36000,0.1971945,7,36000,138.3669,7,36000,1.030065,-0.03249561,7,0.1775746,-0.7470011,0.7421373,21.29584,45.77572,9.125336,1.163289,2.54244,20.58781,47.68657,2.170582,1.160599,2.437027,20.66476,59.76731,12.56841,1.461478,2.445459,10.77764,87.33154,1.276428,0.7577943,0.7269863,0,0.9409748,0,0.2652017,21.82508,0.9400923,0,1.243374,0.7570993,3.598157,191.4396,50.65531,168.5604,1537.714,24.34526,1945.042,9.715606,656.5734,4.044976,8.560341,0.4184693,0.9950471,0.9967505,178.2204,47.88061,-1.194599,-0.3076603,1.160821,1,21.75088,7.517276,0.027888,3.09345,38.94192,20.92744,14.04317,1,214.413,98.71803,"Kljun_et_al"
"2026-09-23 13:00:00",54,0.03704394,7,36000,-0.1501901,3,35982,170.4906,3,35982,0.2504399,3,35982,161.2973,3,35982,0.9460772,-0.04869753,4,0.2176145,-0.7122707,1.069977,21.80652,42.8638,8.598013,1.1236,2.623209,21.2461,44.21584,2.176343,1.121658,2.538291,21.37254,57.74225,12.70438,1.47467,2.55423,10.8488,87.32473,1.416633,1.067234,1.155417,0,0.8568742,1.862645E-09,0.2659557,22.44548,1.041776,0,1.603351,1.066806,4.174551,219.0105,46.85693,140.9895,1507.678,31.45974,1929.46,9.060718,645.6499,4.12706,8.254058,0.561234,0.9843367,0.9829026,189.3497,47.50341,6.307899,-0.3155029,1.167716,1,23.22682,7.656797,0.029103,3.555114,44.75357,24.05063,16.13896,1,214.413,98.48091,"Kljun_et_al"
"2026-09-23 13:30:00",55,0.04790204,7,36000,-0.06353313,7,36000,171.3691,7,36000,0.2518916,7,36000,182.7355,7,36000,1.066327,-0.05601949,7,0.2336827,-0.7532997,0.7344266,22.40325,41.00692,8.491282,1.115589,2.720007,21.91007,42.16306,2.13588,1.11389,2.643922,21.78468,56.81791,12.84379,1.488287,2.619264,10.93365,87.3083,1.530032,1.237116,0.8184845,0,0.8494802,7.450581E-09,0.2780643,23.10307,1.092908,0,1.519273,1.235435,5.13228,198.3149,35.01085,161.6851,1498.459,29.44321,1925.656,9.8893,641.3391,4.179464,8.178384,0.5641096,0.9919835,0.9942557,200.1042,46.07327,13.80944,-0.3237482,1.195241,1,24.57993,7.802398,0.030349,3.837673,48.31058,25.96217,17.42168,1,214.413,98.33207,"Kljun_et_al"
"2026-09-23 14:00:00",56,0.1506717,7,36000,-0.1045621,7,35983,158.931,7,35983,0.2336739,7,35983,155.2951,7,35983,0.9771225,-0.07298931,7,0.2668524,-0.5613645,1.073695,22.75444,37.23909,7.371287,1.033841,2.779088,22.19681,38.39334,2.234394,1.032056,2.689377,22.17791,54.64024,12.61272,1.465768,2.682898,10.75395,87.28825,1.657321,1.26247,0.8577549,0,1.156694,0,0.2714863,23.30338,0.9478865,0,1.688733,1.26026,4.694551,200.3875,40.80061,159.6125,1461.222,41.24429,1919.382,36.23702,638.9545,4.072889,7.570444,0.548347,0.9513004,0.9638162,210.1456,43.69084,21.311,-0.3319965,1.245993,1,25.7021,7.906217,0.031549,3.429707,43.17489,23.20224,15.56966,1,214.413,98.54607,"Kljun_et_al"
"2026-09-23 14:30:00",57,0.2629958,7,36000,-0.06953204,7,36000,177.4176,7,36000,0.2609611,7,36000,146.4832,7,36000,0.825641,-0.06048657,7,0.2431323,-0.5820025,1.205067,23.15722,37.90755,8.008095,1.079469,2.848209,22.61995,39.05636,1.728247,1.077632,2.759455,22.55982,55.01097,13.07228,1.510856,2.746257,11.07016,87.28113,1.681823,1.188228,0.9627272,0,1.186625,1.490116E-08,0.2742472,23.77701,0.9607712,0,1.733428,1.185335,5.344123,162.0665,45.54697,197.9335,1481.873,27.73461,1926.945,11.72658,638.6721,3.377796,7.893287,0.5279344,0.9916912,0.991958,219.2995,40.49865,28.81314,-0.3399095,1.325257,1,26.54867,8.021526,0.03251133,3.542852,44.59922,23.96767,16.0833,1,214.413,98.48733,"Kljun_et_al"
"2026-09-23 15:00:00",58,0.6640006,3,36000,-0.1261705,3,36000,181.3285,3,36000,0.2667392,3,36000,99.84547,3,36000,0.5506331,-0.05148991,4,0.2243837,-0.4301408,1.045509,23.34665,36.71865,7.687719,1.05705,2.880124,22.71931,38.01322,2.531451,1.054936,2.77469,22.78844,54.33502,13.09333,1.512722,2.784307,11.07552,87.25523,1.719754,1.371837,0.9550793,0,1.054609,3.72529E-09,0.2581501,23.85255,0.7520989,0,1.830962,1.370936,4.654166,214.2491,40.601,145.7509,1481.488,61.1573,1939.024,70.81923,640.3965,4.496602,7.724812,0.619428,0.9928904,0.9952984,227.5405,36.64948,36.31493,-0.3480458,1.441457,1,27.1418,8.094891,0.03337833,4.432123,55.79381,29.98366,20.12027,1,214.413,98.01072,"Kljun_et_al"
"2026-09-23 15:30:00",59,1.237922,4,36000,-0.1664537,1,36000,170.95,1,36000,0.251561,1,36000,90.40163,1,36000,0.5288191,-0.01129371,8,0.1051503,-0.8323327,0.8431267,23.89704,33.84636,6.996263,1.007484,2.977129,23.08467,35.41217,1.853944,1.00483,2.836483,23.16244,53.14132,13.10125,1.513449,2.848015,11.06683,87.23872,1.831653,0.7636709,0.8317272,0,0.9675218,1.862645E-09,0.2416293,24.16535,0.7054468,0,1.327872,0.7630377,3.892256,146.4944,52.82841,213.5056,1464.391,79.80827,1944.354,95.61896,640.3558,3.472922,7.348845,0.514455,0.9936142,0.9959569,234.9444,32.285,43.81644,-0.3562956,1.610577,1,27.44242,8.143219,0.03397667,5.264504,66.27225,35.61479,23.89899,1,214.413,97.54427,"Kljun_et_al"
"2026-09-23 16:00:00",60,2.882464,7,36000,-0.02228972,7,36000,112.3845,7,36000,0.1654235,7,36000,51.23036,7,36000,0.4558488,-0.04095497,7,0.2003408,-0.2478558,0.6467891,24.37561,32.1436,6.66591,0.9846693,3.063832,23.36202,34.02704,1.942632,0.9813741,2.883778,23.37662,52.42509,13.09188,1.512487,2.885159,11.05179,87.22181,1.902404,0.7902571,0.7791542,0,0.8019722,-7.450581E-09,0.2081769,24.41852,0.5770525,0,1.245187,0.7886966,3.477085,157.2577,49.04374,202.7423,1466.532,144.693,1960.907,180.8893,641.1836,3.756912,7.17088,0.4776335,0.9945902,0.9967876,241.6357,27.52582,51.31844,-0.3642812,1.860881,1,27.13004,8.134967,0.03425433,2.859681,35.99911,19.34597,12.98194,1,214.413,98.83496,"Kljun_et_al"
"2026-09-23 16:30:00",61,-0.03735843,9,36000,-0.1473696,3,36000,116.54,3,36000,0.1715038,3,36000,34.89716,3,36000,0.2994435,-0.04206455,7,0.2029726,-0.1665337,0.6252786,24.45891,32.23413,6.774222,0.9924055,3.079634,23.14272,34.71371,2.224343,0.9880514,2.845096,23.50548,52.36604,13.19341,1.522588,2.907652,11.12077,87.21491,1.857044,0.4620488,0.5240275,0,0.9689476,2.328306E-10,0.1925948,24.2057,0.4025715,0,1.089062,0.4620433,3.460864,45.16615,61.46091,314.8339,1478.917,63.12958,1973.1,65.5343,642.6721,2.740764,7.225113,0.5270813,0.9662449,0.9516682,247.7502,22.47113,58.82055,-0.3723436,2.249109,1,"NAN","NAN","NAN",1.65045,20.7767,11.16542,7.492459,1,214.413,99.39725,"Kljun_et_al"
"2026-09-23 17:00:00",62,1.263697,5,36000,0.001057208,5,36000,101.9761,5,36000,0.1500532,5,36000,13.88326,5,36000,0.1361424,-0.01763562,4,0.1314053,-0.1022981,0.4470195,24.30255,33.00491,6.966198,1.005929,3.050951,23.01998,35.48045,2.870125,1.001618,2.823801,23.50661,52.7199,13.29657,1.532912,2.90789,11.19615,87.20886,1.822183,0.8160264,0.6659774,0,0.651805,-9.313226E-10,0.1601972,24.09726,0.2756071,0,1.130052,0.8159836,3.302816,261.1172,42.70197,98.88278,1469.85,80.45811,1953.781,95.69417,645.0444,3.99092,7.327719,0.5773686,0.9915625,0.994521,253.4193,17.20268,66.32207,-0.380594,2.903578,1,25.68093,8.061448,0.03384033,4.501912,56.67236,30.4558,20.43709,1,214.413,97.97227,"Kljun_et_al"
"2026-09-23 17:30:00",63,0.8563851,8,36000,0.03982116,8,35997,40.8938,8,35997,0.06015277,8,35997,5.677276,8,36000,0.1388298,-0.008717618,4,0.09235007,-0.0594558,0.1318546,23.92905,35.50131,7.696412,1.057944,2.983309,22.66537,38.17488,3.769694,1.053411,2.764203,22.95333,54.09972,13.17987,1.521499,2.812313,11.13348,87.19598,1.710792,0.8411879,0.3665209,0,0.3434736,0,0.1067587,23.79733,0.3646827,0,0.9189691,0.8408025,2.141718,225.1642,23.62355,134.8358,1507.857,203.0296,1975.196,251.3735,647.2962,6.069351,7.716351,0.64986,0.6164446,0.6708171,258.7648,11.79055,73.82372,-0.3887278,4.187525,1,24.89002,8.003345,0.03335433,6.603187,83.12426,44.67108,29.97613,1,214.413,96.76157,"Kljun_et_al"
"2026-09-23 18:00:00",64,-1.932782,8,36000,-0.05316114,8,36000,4.866734,8,36000,0.007153897,8,36000,5.192626,8,36000,1.066963,-0.01028189,6,0.1001847,-0.05000769,0.09123323,23.49879,37.63606,8.214175,1.093994,2.907402,21.96673,41.18105,3.528776,1.088213,2.64992,22.39691,55.25675,12.9879,1.502321,2.719058,11.01387,87.19296,1.561707,0.4529756,0.3508891,0,0.2357623,1.862645E-09,0.06131399,23.13351,0.5362667,0,0.5479459,0.4526612,1.323508,229.6266,33.77753,130.3734,2039.933,1310.314,2624.796,1623.459,667.6121,32.31416,7.990341,0.4363042,0.9900594,0.9889169,263.8971,6.312056,81.326,-0.3966421,7.635205,1,23.98068,7.919761,0.032812,3.278055,41.26582,22.1763,14.88121,1,214.413,98.62423,"Kljun_et_al"
"2026-09-23 18:30:00",65,-1.880499,9,36000,-0.04421906,9,36000,-0.9591743,9,36000,-0.001407731,9,36000,0.4083158,9,36000,-0.4256951,-0.001662952,7,0.04018406,-0.009751281,0.1189091,21.16497,43.84554,8.314608,1.102351,2.527641,20.33697,46.07027,5.556421,1.09909,2.399487,20.87723,57.47383,12.16788,1.424307,2.479244,10.49532,87.17605,1.300397,0.7939863,0.3752199,0,0.310565,-3.72529E-09,0.02403541,21.50917,0.8553524,0,0.8393983,0.793,2.207814,340.9592,19.04372,19.04083,2300.593,1482.948,2927.539,1821.369,676.2467,44.75833,8.115481,0.5703419,0.986965,0.9895927,268.9163,0.8853864,88.82751,-0.4048957,28.01016,0.6933333,23.03649,7.830586,0.03222,14.32529,180.3341,96.91177,65.03178,1,214.413,91.79501,"Kljun_et_al"
"2026-09-23 19:00:00",66,-1.465897,8,36000,0.1385758,8,36000,1.271809,8,36000,0.001860307,8,36000,-6.054452,8,36000,-4.760504,-0.005962115,6,0.07567398,0.0758641,0.1612823,16.93476,66.02994,10.52597,1.27685,1.938033,16.84575,66.38615,3.848962,1.276472,1.927495,17.39298,67.56173,11.32335,1.346186,1.99564,10.03899,87.15111,0.651023,1.129096,0.3605043,0,0.4357663,-7.450581E-09,0.05204855,18.19261,0.684751,0,1.20336,1.127311,2.693021,346.2961,20.36268,13.70389,2659.164,809.397,3228.042,986.6441,741.1036,42.54305,9.537639,0.2337209,0.9855413,0.9880118,273.9201,-4.926818,96.32903,-0.4130876,"NAN",0,"NAN","NAN","NAN",12.16984,195.3096,92.41772,58.4149,1,214.413,90.81455,"Kljun_et_al"
"2026-09-23 19:30:00",67,2.689583,9,36000,0.4736897,9,36000,14.34379,9,36000,0.02096847,9,36000,-11.00689,9,36000,-0.7673633,-0.006406758,9,0.07835295,0.1329136,0.1449433,16.16872,67.78412,10.18995,1.249317,1.844929,16.22321,67.66138,5.350068,1.24953,1.853217,16.28807,69.38216,10.67319,1.289344,1.858904,9.652117,87.15812,0.6036869,1.631356,0.3950895,0,0.3610723,-7.450581E-09,0.05846172,17.53851,0.7949847,0,1.669948,1.629794,2.829627,3.529462,12.56008,356.4706,2634.134,837.5603,3206.393,1014.794,728.0913,36.77961,9.356606,0.4261488,0.9854313,0.987938,279.0137,-10.53485,103.8435,-0.4209712,"NAN",0,21.11345,7.656528,0.03082508,16.98819,272.6375,129.0082,81.54279,1,214.413,87.43806,"Kljun_et_al"
"2026-09-23 20:00:00",68,1.784137,9,36000,0.004689955,9,36000,-0.5176599,9,36000,-0.0007565066,9,36000,-0.4301493,9,36000,0.8309496,-0.004872856,4,0.06828003,0.005952847,0.07838823,15.77088,67.28263,9.713821,1.209195,1.799275,15.90013,66.93778,5.374064,1.209701,1.817504,15.90489,68.93037,10.21317,1.250325,1.8143,9.372191,87.17899,0.607803,0.9865911,0.1842864,0,0.347968,-3.72529E-09,0.04163224,17.17157,1.14781,0,1.048358,0.9859072,1.630528,17.51363,19.76961,342.4864,2189.847,1175.652,2685.414,1427.432,729.2186,53.05651,9.068286,0.1644374,0.9847272,0.9873548,284.2712,-16.01828,111.3332,-0.4291956,"NAN",0,20.2248,7.572785,0.03009533,11.71645,188.0332,88.97463,56.23861,1,214.413,91.13742,"Kljun_et_al"
"2026-09-23 20:30:00",69,4.169883,9,36000,-0.3389398,9,36000,-24.70879,9,36000,-0.0360927,9,36000,1.737979,9,36000,-0.0703385,-0.01076725,7,0.1013886,-0.01616567,0.2253104,15.35486,67.76419,9.369086,1.184087,1.752547,15.41963,67.7086,8.213879,1.184286,1.763052,15.42194,69.38384,9.838481,1.219888,1.759575,9.1593,87.21062,0.5787665,1.650324,0.4271621,0,0.5088933,-7.450581E-09,0.09581794,16.66161,1.204861,0,1.721654,1.649108,4.520794,6.347915,16.62712,353.6521,2078.415,586.9031,2560.837,706.5078,755.4808,58.47868,8.893274,0.6425145,0.9848873,0.9874558,289.8262,-21.37474,118.8347,-0.437388,"NAN",0,19.41542,7.50216,0.02949233,11.80727,148.6359,79.87711,53.60082,1,214.413,93.47092,"Kljun_et_al"
"2026-09-23 21:00:00",70,2.74957,9,36000,0.2646442,9,36000,3.935444,9,36000,0.00574484,9,36000,-6.306609,9,36000,-1.602515,-0.005033939,9,0.06922474,0.08570635,0.1316606,14.63,66.42813,8.44133,1.109912,1.671598,14.73858,66.08144,3.966058,1.110304,1.684785,14.8179,68.17162,9.01006,1.153259,1.691886,8.677251,87.23012,0.5744811,1.685541,0.3526256,0,0.3601947,-7.450581E-09,0.09610426,15.89959,0.7785128,0,1.723206,1.683826,3.453508,355.0866,12.24477,4.913361,1807.375,346.5111,2264.396,427.8868,754.4184,23.12281,8.356653,0.2317403,0.985351,0.987855,295.7913,-26.53832,126.3369,-0.4453292,"NAN",0,18.68377,7.426279,0.02888367,19.86493,318.8054,150.8541,95.35107,1,214.413,85.47122,"Kljun_et_al"
"2026-09-23 21:30:00",71,3.833673,8,36000,0.09917434,8,36000,-3.0711,8,36000,-0.004484444,8,36000,-5.648105,8,36000,1.839115,-0.01294875,7,0.1110566,0.04789756,0.2434457,15.02441,59.89702,7.257163,1.024239,1.715784,15.05178,59.97469,6.470364,1.02427,1.721638,15.08593,64.95487,8.544875,1.117431,1.721929,8.399899,87.24203,0.6973675,1.804442,0.3605588,0,0.5820438,0,0.1345871,16.12333,1.159497,0,1.895578,1.803082,4.44153,8.480646,17.89268,351.5193,1833.416,328.0063,2349.62,412.8934,723.6543,24.58294,7.701668,0.3249395,0.9765911,0.9792075,302.2977,-31.43526,133.8386,-0.4534961,"NAN",0,18.03383,7.355617,0.02829867,13.22607,212.2605,100.4386,63.48472,1,214.413,90.06537,"Kljun_et_al"
"2026-09-23 22:00:00",72,9.183144,9,36000,0.4054881,9,36000,-1.494985,9,36000,-0.002177191,9,36000,-12.66809,9,36000,8.473724,-0.008595313,9,0.09005002,0.1311994,0.1227232,12.301,73.93963,7.772062,1.060223,1.437752,12.27569,74.11959,4.612703,1.060119,1.436292,12.62163,71.36233,7.574991,1.046388,1.468282,7.933184,87.24615,0.3761727,1.672038,0.3308297,0,0.3504141,-7.450581E-09,0.1149269,13.37432,1.02548,0,1.707068,1.670159,2.695486,348.0497,11.91042,11.95029,2692.206,538.6036,3387.555,673.4457,785.4122,24.78069,8.047631,0.08850399,0.9861159,0.9884369,309.4878,-35.97353,141.3401,-0.4616897,"NAN",0,17.46005,7.310763,0.027818,15.148,243.1051,115.0338,72.70997,1,214.413,88.71532,"Kljun_et_al"
"2026-09-23 22:30:00",73,-0.6709291,8,36000,0.9577282,7,36000,-3.079254,8,36000,-0.00447759,8,36000,-37.73586,7,36000,12.25487,-0.04343557,7,0.2018441,0.1733933,0.631776,10.5972,79.59827,7.193857,1.01915,1.284586,10.68402,79.20074,4.985693,1.019466,1.29275,10.84093,74.27159,6.443163,0.9681962,1.305162,7.38644,87.24886,0.273284,0.4971818,0.567816,0,0.965585,-1.862645E-09,0.09371639,11.73436,1.0339,0,1.098246,0.496885,4.242664,71.98749,59.93809,288.0125,2238.212,266.0486,2828.81,333.2123,792.1902,32.90922,7.782395,0.1041062,0.9831328,0.985494,317.5002,-40.03885,148.842,-0.4697765,"NAN",0,16.93192,7.263965,0.02739,2.005478,32.18523,15.22959,9.626237,1,214.413,98.29235,"Kljun_et_al"
"2026-09-23 23:00:00",74,-0.1497871,9,36000,-0.009487569,9,36000,1.123319,9,36000,0.001634427,9,36000,2.339039,9,36000,2.082257,-0.004559003,7,0.06547217,-0.03320631,0.3106323,11.12776,79.81199,7.773095,1.060301,1.329084,11.31949,78.89339,2.775736,1.061019,1.346696,11.16503,75.48591,6.996949,1.005524,1.332393,7.662858,87.24817,0.2856773,1.217827,0.7478799,0,0.2438968,7.450581E-09,0.0495451,12.41535,0.6211901,0,1.271933,1.217346,2.786383,121.8906,16.78027,238.1094,1983.644,62.68936,2485.423,77.78584,809.8071,13.11261,8.081455,0.09524098,0.9829174,0.9853674,326.4387,-43.49318,156.3441,-0.4777968,"NAN",0,16.40989,7.198718,0.02699033,13.48456,169.7504,91.22409,61.21512,1,214.413,92.35825,"Kljun_et_al"
"2026-09-23 23:30:00",75,-24.17249,8,36000,-1.482669,8,36000,9.929527,8,36000,0.01442267,8,36000,23.268,8,36000,2.343313,-0.01701329,7,0.1260758,-0.1704597,0.2700229,9.496913,88.42261,7.658116,1.052387,1.193255,9.521963,88.31082,4.806687,1.052584,1.197495,9.98504,77.99572,6.324458,0.9605617,1.232545,7.350278,87.24657,0.1449106,0.3166641,0.4518032,0,0.5751075,-4.656613E-10,0.07191031,10.60233,1.329311,0,0.6881372,0.3166345,1.768285,256.228,59.51528,103.772,3736.101,1634.74,4666.746,2060.668,893.4897,82.41449,8.067257,0.2386567,0.9814057,0.9841134,336.3231,-46.18131,163.8457,-0.4859902,"NAN",0,15.8824,7.144377,0.02659533,1.820788,22.92101,12.31778,8.265735,1,214.413,99.3231,"Kljun_et_al"
"2026-09-24 00:00:00",76,-1.27986,8,36000,-0.1245952,8,36000,1.786246,8,36000,0.002594845,8,36000,3.84563,8,36000,2.152912,-0.001590461,8,0.03855972,-0.09215824,0.3676682,9.224384,91.95607,7.968221,1.07451,1.171242,9.650439,89.43804,2.907286,1.076146,1.204966,9.353565,81.70631,6.385692,0.9643318,1.180951,7.395836,87.24246,0.1288193,1.233291,0.7938738,0,0.321593,3.72529E-09,0.04097155,10.75559,0.6846337,0,1.315303,1.232851,2.730881,113.2047,20.28027,246.7953,2429.44,233.3224,3013.267,292.6236,832.5516,25.04728,8.244938,0.1052034,0.9807752,0.983193,347.0307,-47.9489,171.3475,-0.4941504,"NAN",0,15.36523,7.1215,0.026196,23.18435,291.8564,156.844,105.2488,1,214.413,85.74781,"Kljun_et_al"
"2026-09-24 00:30:00",77,-0.1029908,9,36000,0.06625635,9,36000,-1.56968,9,36000,-0.002281244,9,36000,-4.415651,9,36000,2.81309,-0.00457477,9,0.06544694,0.06244078,0.3464965,9.633634,89.54227,7.978093,1.075253,1.204583,10.10968,86.88773,4.551745,1.077079,1.244095,9.718153,80.69478,6.56102,0.9762,1.210536,7.477036,87.25017,0.1670156,1.132659,0.6912178,0,0.4617888,-9.313226E-10,0.04429458,11.21751,1.038196,0,1.26461,1.132565,2.448259,110.9414,26.17384,249.0586,2308.593,558.4474,2867.384,696.21,798.8706,37.77199,8.238568,0.1074363,0.9810516,0.9835727,233.4595,-48.67352,54.04971,-0.5020983,"NAN",0,14.87289,7.049592,0.02582433,14.11799,226.5747,107.2119,67.76591,1,214.413,89.43675,"Kljun_et_al"
"2026-09-24 01:00:00",78,1.495126,8,36000,0.4142316,8,36000,-6.571802,8,36000,-0.009554435,8,36000,-19.50887,8,36000,2.968572,-0.01983946,6,0.1363821,0.1325607,0.4278259,10.65297,83.84709,8.000334,1.077025,1.290968,10.49533,84.74725,6.160691,1.076474,1.279219,10.89143,77.05699,7.027779,1.008262,1.310024,7.690422,87.25182,0.2027448,0.6615638,0.7702933,0,0.5104523,0,0.04169495,11.60408,1.482243,0,0.9449707,0.6612189,2.778008,123.6495,44.38591,236.3505,1928.541,194.0991,2399.73,247.598,768.8201,38.42394,8.222315,0.1659989,0.9692351,0.9728082,9.564483,-48.29979,-173.6488,-0.5102914,"NAN",0,14.41629,7.015408,0.02545567,3.953651,63.45077,30.024,18.97741,1,214.413,96.81943,"Kljun_et_al"
"2026-09-24 01:30:00",79,1.492232,9,36000,1.078397,9,36000,-13.8667,9,36000,-0.02010582,9,36000,-17.10392,9,36000,1.233453,-0.005967344,9,0.07440986,0.2109076,0.1879292,7.648466,95.36345,6.972186,1.004786,1.052674,7.666219,95.44136,3.109116,1.004946,1.05566,8.213284,81.40365,5.219681,0.8902687,1.093916,6.854918,87.25574,0.05071425,0.3442144,0.5484113,0,0.2676435,9.313226E-10,0.05890965,8.69069,1.26147,0,0.648232,0.3440248,1.380286,215.8669,55.4887,144.1331,2547.156,732.3774,3200.803,948.0863,879.6351,85.11336,7.752489,0.3654462,0.9808013,0.9833359,20.4805,-46.85705,-166.1473,-0.5185357,"NAN",0,13.99753,6.976015,0.02514567,3.775781,60.5962,28.67326,18.12364,1,214.413,96.95308,"Kljun_et_al"
"2026-09-24 02:00:00",80,-1.430581,9,36000,-0.07684691,9,36000,1.974584,9,36000,0.002866035,9,36000,-0.5150114,9,36000,-0.2608202,-0.004626411,4,0.06564965,0.007225786,0.1049954,8.166388,93.91268,7.314331,1.027704,1.090779,8.770789,90.90234,4.768004,1.029926,1.136484,8.116346,84.08498,5.588651,0.912843,1.086523,7.031527,87.25876,0.1065575,0.7901148,0.2651964,0,0.3726492,1.862645E-09,0.02818383,9.824711,0.9315698,0,0.9015256,0.7900629,1.268701,100.0639,28.48135,259.936,2598.049,661.1728,3249.54,836.2298,824.0082,54.56346,7.915409,0.1563664,0.9777818,0.9801463,30.65247,-44.44916,-158.645,-0.5264584,"NAN",0,13.59545,6.921179,0.02483267,9.757988,156.6026,74.10209,46.83805,1,214.413,92.54401,"Kljun_et_al"
"2026-09-24 02:30:00",81,-2.875026,9,36000,0.05273109,9,36000,-4.319323,9,36000,-0.006261467,9,36000,2.054371,9,36000,-0.4756235,-0.00836748,7,0.08806655,-0.02138464,0.3219232,7.263173,95.03677,6.636257,0.9821235,1.026351,7.453095,94.77106,4.60327,0.982958,1.042081,7.574487,82.82895,4.835581,0.8670941,1.047804,6.691561,87.27113,0.05912304,0.5961736,0.6248138,0,0.498983,0,0.06685953,8.454188,1.553121,0,0.9082922,0.5961404,4.021112,245.4474,47.48486,114.5526,2573.413,848.5874,3248.732,1102.897,901.6588,95.0201,7.588128,0.405172,0.9781135,0.9804878,39.89914,-41.22515,-151.1434,-0.534596,"NAN",0,13.21162,6.901744,0.02454033,4.909683,61.80558,33.2144,22.28823,1,214.413,97.74531,"Kljun_et_al"
"2026-09-24 03:00:00",82,-4.072739,9,36000,-0.1949923,9,36000,3.622974,9,36000,0.005253298,9,36000,5.207495,9,36000,1.437354,-0.00565818,7,0.07246394,-0.06593494,0.2670439,7.756958,97.76694,7.528748,1.044634,1.060321,7.710211,98.79641,2.272525,1.044612,1.059101,7.95917,85.78284,5.727012,0.9221458,1.07448,7.107036,87.26669,0.01448929,1.126078,0.5660914,0,0.459825,0,0.04678956,8.775437,1.342577,0,1.264771,1.125886,1.992291,254.1051,26.8415,105.8949,2635.505,550.0457,3274.151,721.6952,891.1172,60.04702,8.056633,0.4929855,0.9743223,0.9759749,48.20228,-37.34236,-143.6417,-0.5428413,"NAN",0,"NAN","NAN","NAN",11.26504,141.81,76.20888,51.13929,1,214.413,93.82658,"Kljun_et_al"
"2026-09-24 03:30:00",83,2.816217,8,36000,1.004559,8,36000,-7.816898,8,36000,-0.01132075,8,36000,-20.11203,8,36000,2.572891,-0.02586058,7,0.1545191,0.1188847,0.3526383,5.979102,98.40337,5.960239,0.9366838,0.9382771,6.43785,97.02796,4.089231,0.9382876,0.9701051,6.16915,85.65234,3.947399,0.8140253,0.950131,6.314156,87.28075,0.03181756,0.4330248,0.3127379,0,0.7775968,1.862645E-09,0.05305318,7.389516,1.173479,0,0.8659776,0.4322571,1.695559,96.77394,57.32402,263.2261,2504.118,322.1626,3180.74,424.6988,921.4205,60.7974,7.270519,0.2666909,0.9774186,0.9796183,55.64573,-32.94495,-136.1396,-0.5508365,"NAN",0,12.51763,6.827661,0.02408667,2.282641,36.63332,17.33436,10.95661,1,214.413,98.08169,"Kljun_et_al"
"2026-09-24 04:00:00",84,-2.49021,9,36000,-0.3024957,9,36000,2.441475,9,36000,0.00354138,9,36000,3.557612,9,36000,1.457157,-0.004304178,4,0.06322803,-0.05167915,0.125114,7.68856,95.5863,7.023136,1.007541,1.054538,8.0811,93.26392,4.035759,1.009008,1.084826,7.67355,85.27825,5.361111,0.8982186,1.053289,6.930182,87.29627,0.07581806,0.6578078,0.3872242,0,0.3151919,9.313226E-10,0.03065022,9.110623,1.011623,0,0.729484,0.65772,1.731532,92.72761,25.40566,267.2724,2284.429,476.6797,2864.796,607.212,826.527,47.61558,7.773277,0.2056383,0.9778982,0.9802049,62.3604,-28.15584,-128.6378,-0.5588966,"NAN",0,12.19925,6.813959,0.02386933,7.541795,94.93994,51.02085,34.23709,1,214.413,96.1931,"Kljun_et_al"
"2026-09-24 04:30:00",85,-3.549852,8,36000,-0.5908588,8,36000,-3.295519,8,36000,-0.004781223,8,36000,9.350444,8,36000,-2.837321,-0.01771753,6,0.128333,-0.06696486,0.2494887,7.972473,95.74203,7.332553,1.029471,1.075305,8.31034,93.77451,4.048605,1.030813,1.102542,8.038397,84.9696,5.666677,0.9177131,1.079931,7.071271,87.30603,0.07172918,0.4918461,0.4135858,0,0.5711195,0,0.04179291,9.362999,1.171414,0,0.836755,0.491364,1.700204,28.98714,52.04049,331.0128,2572.844,1065.673,3213.59,1352.131,845.7308,63.97917,7.934362,0.2970462,0.9757292,0.9778923,68.48921,-23.07419,-121.1363,-0.567141,"NAN",0,11.89016,6.812273,0.02360533,2.778837,34.98141,18.79906,12.61494,1,214.413,98.87482,"Kljun_et_al"
"2026-09-24 05:00:00",86,4.994069,8,36000,0.7560542,8,36000,14.15214,8,36000,0.02053897,8,36000,-15.72512,8,36000,-1.111148,-0.01145993,5,0.1032647,0.1401218,0.4007568,8.31948,90.97211,6.966846,1.006116,1.100946,8.65165,89.54681,7.170882,1.007435,1.128178,8.603336,82.89748,5.847081,1.023769,1.244365,7.71144,87.31299,0.1207436,0.5503841,0.6131699,0,0.6424196,-3.72529E-09,0.1132845,9.681471,1.145596,0,0.932546,0.5498953,2.726914,320.7498,51.88611,39.25018,2687.17,843.826,3384.124,1092.99,811.1057,58.2499,7.745067,0.6133891,0.9755277,0.9779682,74.16893,-17.77825,-113.6343,-0.5752105,"NAN",0,11.59624,6.806101,0.023366,4.347167,69.76617,33.01235,20.86627,1,214.413,96.52428,"Kljun_et_al"
"2026-09-24 05:30:00",87,0.415651,9,36000,0.2973839,9,36000,-5.146236,9,36000,-0.007446762,9,36000,-7.689446,9,36000,1.494188,-0.006841334,9,0.07932652,0.08822592,0.2659703,5.500111,95.8311,5.417977,0.902019,0.9077305,5.55903,99.11817,3.301756,0.9022722,0.911941,5.935237,83.55982,3.359805,0.7808143,0.9354172,6.061657,87.32032,0.009668767,0.775098,0.6274908,0,0.3674049,7.450581E-09,0.05665337,6.470685,0.9248388,0,0.9761243,0.7744149,2.120817,136.1657,36.821,223.8343,2767.291,633.8707,3536.754,832.0884,899.0766,51.49352,7.013795,0.2409489,0.9770489,0.9794739,79.52342,-12.33094,-106.1323,-0.5831994,"NAN",0,11.32607,6.799764,0.02316533,7.970751,127.9198,60.52982,38.25937,1,214.413,93.84304,"Kljun_et_al"
"2026-09-24 06:00:00",88,2.503642,9,36000,0.3559537,9,36000,-2.59756,9,36000,-0.003757919,9,36000,-5.043388,9,36000,1.941586,-0.002594233,9,0.04882418,0.09393983,0.2509887,4.853446,99.42384,4.931624,0.8716486,0.8668734,5.326551,97.47339,1.89711,0.8731526,0.8962471,5.086373,85.99744,2.941253,0.7576866,0.8810046,5.900346,87.32451,0.02309453,0.7857047,0.5916156,0,0.3871895,3.72529E-09,0.0453077,6.207797,0.5039269,0,0.9686517,0.7848842,2.034738,158.3605,35.28057,201.6395,2375.574,327.6372,3053.877,421.0833,899.4042,33.36415,6.793532,0.1398188,0.9767951,0.9791988,84.66453,-6.776761,-98.63063,-0.5914451,"NAN",0,11.0825,6.780206,0.02297267,13.13519,210.8022,99.74857,63.04854,1,214.413,90.12965,"Kljun_et_al"
"2026-09-24 06:30:00",89,1.864942,9,36000,0.1976289,9,36000,-2.793338,9,36000,-0.004044581,9,36000,-6.256455,9,36000,2.239778,-0.002821369,9,0.05099587,0.1119088,0.1368409,5.742497,96.21992,5.183197,0.8869842,0.9224823,6.218382,93.26207,2.170033,0.8885063,0.9535158,5.79075,84.89295,3.448475,0.7854315,0.9254508,6.100889,87.33814,0.06500947,1.050077,0.4868295,0,0.1898185,0,0.02545074,7.117925,0.559566,0,1.09232,1.049386,1.685806,149.4578,16.05882,210.5422,2138.688,233.9497,2747.336,304.0808,858.1579,22.57289,6.890953,0.09131563,0.9792904,0.9817071,89.69473,-1.00195,-91.129,-0.5996583,33.71892,0.3633333,10.83276,6.76233,0.02272933,16.80774,269.7416,127.6379,80.67665,1,214.413,87.56262,"Kljun_et_al"
"2026-09-24 07:00:00",90,-0.7403497,9,36000,-0.1351935,9,36000,2.107873,9,36000,0.003049775,9,36000,3.023084,9,36000,1.434187,-0.009809607,5,0.0949399,-0.02895859,0.2651217,5.235805,96.82742,4.775281,0.8621395,0.8903717,5.427233,95.6499,1.954868,0.8627609,0.9026925,5.503026,84.417,3.087474,0.823406,0.975625,6.309842,87.35495,0.0399316,0.2935439,0.5698795,0,0.4488811,-4.656613E-10,0.06313887,6.297999,0.576892,0,0.6613923,0.2935197,2.059802,242.6268,60.40935,117.3732,2361.052,248.2925,3045.099,322.3596,885.8928,25.24748,6.710222,0.1196491,0.9797391,0.9822316,94.71148,4.505993,-83.62669,-0.6075021,10.41948,1,10.58928,6.754463,0.02253,2.241944,28.22273,15.16693,10.17764,1,214.413,99.13207,"Kljun_et_al"
"2026-09-24 07:30:00",91,-0.7725907,9,36000,-0.3812571,9,36000,26.11537,9,36000,0.03785377,9,36000,21.27151,9,36000,0.8145206,-0.005309082,9,0.07009339,-0.2777441,0.07375555,8.321037,90.24413,6.80481,0.9943335,1.105035,7.338413,96.08587,1.374406,0.9908062,1.031865,6.527567,86.21951,4.394163,0.8414568,0.9754879,6.517337,87.37832,0.04105848,0.4839469,0.2594745,0,0.2675759,1.862645E-09,0.09266735,8.345848,1.191935,0,0.5654527,0.4829658,1.544615,175.9418,30.93708,184.0582,2098.826,76.35714,2636.969,126.1409,833.1671,29.75742,7.651927,0.4926867,0.9818584,0.984423,99.81055,9.961354,-76.12518,-0.6157488,4.941701,1,10.38867,6.707426,0.02236,5.004768,63.00256,33.85765,22.71988,1,214.413,97.69175,"Kljun_et_al"
"2026-09-24 08:00:00",92,-0.1717758,8,36000,-0.1123143,8,36000,22.77787,8,36000,0.03309623,8,36000,16.17806,8,36000,0.7102535,-0.01325528,7,0.1112733,-0.1341891,0.1445728,10.57874,89.27335,8.881186,1.143501,1.281691,9.879972,93.32319,3.044981,1.140708,1.223688,9.201344,84.74271,6.769072,0.9901015,1.168638,7.597618,87.40771,0.0829798,0.9715763,0.3304568,0,0.4047548,1.862645E-09,0.1269546,11.05051,0.6999103,0,1.05084,0.9712013,2.158723,205.6184,22.2987,154.3816,1955.433,61.83204,2384.289,70.99737,792.1918,15.18238,8.73233,0.245367,0.9822893,0.9851148,105.0916,15.38782,-68.62367,-0.6240005,3.24112,1,10.35399,6.703764,0.02228533,6.329594,79.68014,42.82021,28.73412,1,214.413,96.92444,"Kljun_et_al"
"2026-09-24 08:30:00",93,0.06697276,7,36000,-0.05768303,7,36000,45.88318,7,36000,0.06678704,7,36000,29.09852,7,36000,0.634187,-0.01704417,7,0.1265975,-0.2134794,0.1930335,12.70913,81.55357,9.624389,1.202156,1.47568,11.74379,86.64304,4.013138,1.198123,1.385811,11.11164,80.98737,7.97212,1.074937,1.328075,8.193254,87.42297,0.187688,0.8929862,0.4249334,0,0.4261331,7.450581E-09,0.1546263,12.98143,0.8314898,0,0.9907168,0.8918782,2.628059,192.6101,25.5843,167.3899,1901.364,34.12232,2300.742,32.50983,755.1578,9.298218,9.111975,0.23698,0.9820812,0.9850789,110.6615,20.69103,-61.12134,-0.6318424,2.438153,1,10.65619,6.742875,0.02236333,5.113319,64.36906,34.59201,23.21267,1,214.413,97.63033,"Kljun_et_al"
"2026-09-24 09:00:00",94,0.02877254,9,36000,-0.1914082,9,36000,61.23054,9,36000,0.08926973,9,36000,66.25517,9,36000,1.082061,-0.01704032,9,0.1269423,-0.4876244,0.2685155,14.47941,70.44819,9.1482,1.164396,1.656077,13.42189,75.17114,4.183625,1.160161,1.547044,12.99011,74.7534,8.612041,1.122566,1.503036,8.500294,87.42683,0.3868828,0.9173884,0.4303708,0,0.5638932,3.72529E-09,0.1839466,14.62711,0.8116881,0,1.080224,0.9168314,2.991552,179.0597,31.50243,180.9403,1778.223,33.44479,2187.904,24.05177,724.5397,8.379007,8.77177,0.2876665,0.986772,0.9894282,116.635,25.79824,-53.62129,-0.6400522,1.980523,0.9966667,11.3238,6.779391,0.02257826,5.238608,65.94626,35.4396,23.78143,1,214.413,97.55912,"Kljun_et_al"
"2026-09-24 09:30:00",95,-0.3913855,7,36000,-0.2527859,7,36000,74.90892,7,36000,0.1093805,7,36000,93.85199,7,36000,1.252881,-0.01180206,7,0.1059341,-0.8323383,0.2498196,16.17538,62.28811,8.953548,1.149278,1.845969,15.03222,66.76764,2.545663,1.144809,1.717456,14.57764,69.98928,9.169544,1.165873,1.666245,8.779331,87.43185,0.5726469,0.8951553,0.4668961,0,0.4901246,-1.862645E-09,0.2035316,16.22809,0.9070455,0,1.015168,0.8946123,3.035188,191.3007,27.91326,168.6993,1706.56,28.45966,2120.222,34.6672,704.4915,8.045536,8.606796,0.2952296,0.988897,0.9914105,123.1435,30.63595,-46.11824,-0.648302,1.691817,1,12.30704,6.819118,0.02288867,6.125265,77.10793,41.4379,27.80654,1,214.413,97.04514,"Kljun_et_al"
"2026-09-24 10:00:00",96,0.03424893,7,36000,-0.1807051,7,36000,89.31795,7,36000,0.1305908,7,36000,98.41884,7,36000,1.101893,-0.01905464,7,0.1349273,-0.6886352,0.4054305,17.19888,57.67353,8.768006,1.135194,1.97049,16.39287,60.51316,2.529972,1.132129,1.873863,16.13537,66.24899,9.838713,1.219501,1.841504,9.133772,87.41911,0.7417336,1.125837,0.4898676,0,0.7272751,3.72529E-09,0.2048455,17.58117,0.9320743,0,1.32743,1.125059,3.494011,191.5998,31.62666,168.4002,1627.881,23.37639,2038.547,13.53988,680.5058,5.377097,8.4714,0.345686,0.9883628,0.9910489,130.3175,35.1083,-38.61609,-0.6562908,1.498855,1,13.57094,6.856024,0.02340867,6.048426,76.14066,40.91808,27.45772,1,214.413,97.09033,"Kljun_et_al"
"2026-09-24 10:30:00",97,0.05934596,7,36000,-0.1360236,7,36000,108.8126,7,36000,0.1593346,7,36000,139.7507,7,36000,1.284325,-0.04678204,7,0.2120217,-0.6256656,0.4735668,18.68826,54.63439,9.361277,1.181597,2.163371,17.96681,57.02606,2.230668,1.178786,2.070678,17.63724,64.43408,10.85053,1.304723,2.02521,9.721684,87.41087,0.8918916,0.938578,0.6403913,0,0.6895802,0,0.2480158,19.21126,1.026721,0,1.19142,0.9339122,4.323255,168.7428,37.6572,191.2572,1637.074,19.72771,2037.507,8.412378,672.9646,4.423238,8.772638,0.3616108,0.9881942,0.9877691,138.2842,39.10184,-31.11414,-0.6643568,1.366622,1,15.02667,6.964807,0.02403567,3.209032,40.39692,21.70936,14.56787,1,214.413,98.65942,"Kljun_et_al"
"2026-09-24 11:00:00",98,0.05465001,7,36000,-0.1831565,7,36000,122.5799,7,36000,0.1796886,7,36000,124.7297,7,36000,1.017538,-0.0398083,7,0.1959877,-0.6066144,0.6185423,19.56034,51.71002,9.333545,1.179977,2.284414,19.0921,53.12918,2.950216,1.178222,2.221604,18.86032,62.41558,11.52542,1.364351,2.186782,10.12356,87.38531,1.043382,1.477017,0.5780582,0,0.9120537,0,0.2666295,20.3411,0.992582,0,1.724912,1.473263,5.277434,166.9357,30.93853,193.0643,1628.208,28.40837,2034.823,12.88485,666.4269,4.677355,8.734824,0.4695171,0.9877491,0.9905485,147.1447,42.48524,-23.60384,-0.6726177,1.27575,0.9966667,16.6194,7.098444,0.02481572,5.463075,68.77196,36.95814,24.80043,1,214.413,97.43063,"Kljun_et_al"
"2026-09-24 11:30:00",99,0.2980443,7,36000,-0.05199587,7,35973,134.8193,7,35973,0.1978207,7,35973,127.7867,7,35973,0.947837,-0.04143466,7,0.2003299,-0.6103171,0.6740911,20.53799,48.6188,9.322979,1.179394,2.426557,20.09208,49.8782,2.447944,1.177742,2.363816,19.96314,60.71767,12.14776,1.421647,2.341708,10.50904,87.35311,1.186073,1.568814,0.6750167,0,0.9096087,7.450581E-09,0.2552384,21.34468,0.9873089,0,1.814814,1.56579,4.573211,168.5017,30.00468,191.4983,1613.633,40.93605,2024.837,23.78659,658.0303,6.584228,8.701239,0.5045054,0.9362215,0.9180356,156.8753,45.09912,-16.11079,-0.6806682,1.215935,1,18.23663,7.221588,0.02579833,5.676847,71.46304,38.40433,25.77088,1,214.413,97.30711,"Kljun_et_al"
"2026-09-24 12:00:00",100,0.05275709,7,36000,-0.1268008,7,36000,151.5468,7,36000,0.2225738,7,36000,154.1732,7,36000,1.017331,-0.04126424,7,0.2002375,-0.739472,0.6516883,21.48966,42.18274,8.076988,1.084104,2.573487,21.06542,43.1946,2.421446,1.082702,2.510956,20.84962,57.38062,12.11983,1.4191,2.473918,10.45845,87.32691,1.428254,1.413035,0.8017646,0,0.7707026,0,0.2580068,22.22121,1.10186,0,1.646476,1.410532,4.057317,170.8353,30.66277,189.1647,1540.719,26.49874,1987.743,8.868319,651.7288,4.325305,7.972538,0.4833984,0.9557131,0.9687945,167.3818,46.808,-8.608679,-0.6886587,1.180953,1,19.8396,7.358993,0.02686867,5.115461,64.39603,34.60651,23.22239,1,214.413,97.62913,"Kljun_et_al"
"2026-09-24 12:30:00",101,0.06247733,4,36000,-0.01356104,1,36000,134.224,1,36000,0.197325,1,36000,165.9726,1,36000,1.236534,-0.03828965,6,0.1932379,-0.8280974,0.8638396,22.73578,37.83821,7.608799,1.049714,2.775787,22.07813,39.27346,1.798939,1.047522,2.67105,22.10748,55.27148,12.72326,1.476405,2.671824,10.83445,87.29494,1.623528,0.7785704,0.9445515,0,0.8768966,0,0.2579806,23.20041,1.064733,0,1.320265,0.7764108,3.981847,143.6112,51.98711,216.3888,1519.23,24.54657,1986.538,14.38974,655.5172,4.940883,7.687023,0.4122552,0.9880958,0.9857972,178.363,47.49391,-1.10718,-0.6969099,1.167464,1,"NAN","NAN","NAN",2.92065,36.76663,19.75843,13.25872,1,214.413,98.8047,"Kljun_et_al"
"2026-09-24 13:00:00",102,0.09649602,1,36000,-0.05286798,1,36000,139.5479,1,36000,0.2053402,1,36000,148.4867,1,36000,1.064056,-0.04237965,4,0.2036515,-0.7054614,0.6922594,23.74954,35.31165,7.493845,1.04178,2.951052,23.02897,36.76408,1.536907,1.039396,2.82941,23.10391,53.87823,13.25823,1.529029,2.838209,11.1829,87.26822,1.790014,0.7822108,0.7276798,0,0.8864045,0,0.2632262,24.1465,1.034506,0,1.291391,0.7817603,3.429587,214.2082,50.8843,145.7918,1505.29,23.29598,1978.732,8.428252,646.4727,3.924696,7.602762,0.4525294,0.9839724,0.985431,189.4067,47.10666,6.394499,-0.7051054,1.17442,1,"NAN","NAN","NAN",2.784295,35.05012,18.83598,12.63972,1,214.413,98.87213,"Kljun_et_al"
"2026-09-24 13:30:00",103,0.001805625,7,36000,-0.05515885,3,36000,161.9601,3,36000,0.238482,3,36000,156.0072,3,36000,0.963245,-0.06327707,4,0.2492206,-0.6074214,0.7443836,24.2978,34.71017,7.719486,1.058401,3.049741,23.73587,35.79792,1.613619,1.056563,2.952561,23.77602,53.25103,13.70154,1.573911,2.955552,11.48505,87.2211,1.895998,0.9555078,0.8688943,0,0.8162212,7.450581E-09,0.259948,24.87527,1.030944,0,1.387123,0.9530241,3.556961,119.3431,45.31292,240.6569,1501.768,25.79867,1970.85,6.785773,639.1244,4.362525,7.709803,0.518123,0.910888,0.9505919,200.0826,45.67508,13.89687,-0.7129744,1.202103,1,24.13871,7.768428,0.03035733,2.779373,34.98816,18.80268,12.61737,1,214.413,98.87457,"Kljun_et_al"
"2026-09-24 14:00:00",104,-0.01289248,9,36000,-0.12055,9,36000,180.9636,9,36000,0.2666681,9,36000,149.7021,9,36000,0.8272496,-0.04641249,9,0.2137822,-0.6815118,0.8521159,25.2477,33.93588,8.224665,1.095585,3.227877,24.52642,35.32037,1.733566,1.09306,3.095309,24.61936,53.08748,14.43312,1.650452,3.108704,12.00953,87.18874,2.002249,1.124472,0.7993416,0,0.999456,-3.72529E-09,0.2576287,25.70896,0.9630225,0,1.531855,1.12305,3.985754,183.524,41.8441,176.476,1514.626,27.89832,1975.518,8.316592,635.3503,3.616635,7.955069,0.5460047,0.9878836,0.9924236,210.057,43.29757,21.39841,-0.7212145,1.253582,1,25.34559,7.886542,0.031544,3.812932,47.99913,25.79479,17.30937,1,214.413,98.3452,"Kljun_et_al"
